全国市部,ぜんこくしぶ
全国郡部,ぜんこくぐんぶ
北海道地方,ほっかいどうちほう
東北地方,とうほくちほう
関東地方,かんとうちほう
北陸地方,ほくりくちほう
東海地方,とうかいちほう
近畿地方,きんきちほう
中国地方,ちゅうごくちほう
四国地方,しこくちほう
九州地方,きゅうしゅうちほう
沖縄地方,おきなわちほう
札幌大都市圏,さっぽろだいとしけん
仙台大都市圏,せんだいだいとしけん
関東大都市圏,かんとうだいとしけん
新潟大都市圏,にいがただいとしけん
中京大都市圏,ちゅうきょうだいとしけん
近畿大都市圏,きんきだいとしけん
岡山大都市圏,おかやまだいとしけん
広島大都市圏,ひろしまだいとしけん
熊本大都市圏,くまもとだいとしけん
京浜大都市圏,けいひんだいとしけん
京浜葉大都市圏,けいひんようだいとしけん
京阪神大都市圏,けいはんしんだいとしけん
静岡大都市圏,しずおかだいとしけん
宇都宮都市圏,うつのみやとしけん
松山都市圏,まつやまとしけん
鹿児島都市圏,かごしまとしけん
熊本都市圏,くまもととしけん
新潟都市圏,にいがたとしけん
浜松都市圏,はままつとしけん
岡山都市圏,おかやまとしけん
仙台都市圏,せんだいとしけん
広島都市圏,ひろしまとしけん
北海道,ほっかいどう
北海道市部,ほっかいどうしぶ
北海道郡部,ほっかいどうぐんぶ
札幌市,さっぽろし
中央区,ちゅうおうく
北区,きたく
東区,ひがしく
白石区,しろいしく
豊平区,とよひらく
南区,みなみく
西区,にしく
厚別区,あつべつく
手稲区,ていねく
清田区,きよたく
函館市,はこだてし
小樽市,おたるし
旭川市,あさひかわし
室蘭市,むろらんし
釧路市,くしろし
帯広市,おびひろし
北見市,きたみし
夕張市,ゆうばりし
岩見沢市,いわみざわし
網走市,あばしりし
留萌市,るもいし
苫小牧市,とまこまいし
稚内市,わっかないし
美唄市,びばいし
芦別市,あしべつし
江別市,えべつし
赤平市,あかびらし
紋別市,もんべつし
士別市,しべつし
名寄市,なよろし
三笠市,みかさし
根室市,ねむろし
千歳市,ちとせし
滝川市,たきかわし
砂川市,すながわし
歌志内市,うたしないし
深川市,ふかがわし
富良野市,ふらのし
登別市,のぼりべつし
恵庭市,えにわし
亀田市,かめだし
伊達市,だてし
北広島市,きたひろしまし
石狩市,いしかりし
北斗市,ほくとし
石狩支庁,いしかりしちょう
石狩振興局,いしかりしんこうきょく
広島町,ひろしまちょう
石狩町,いしかりちょう
当別町,とうべつちょう
新篠津村,しんしのつむら
厚田村,あつたむら
浜益村,はまますむら
恵庭町,えにわちょう
渡島総合振興局,おしまそうごうしんこうきょく
渡島支庁,おしましちょう
松前町,まつまえちょう
福島町,ふくしまちょう
知内町,しりうちちょう
木古内町,きこないちょう
上磯町,かみいそちょう
大野町,おおのちょう
七飯町,ななえちょう
亀田町,かめだちょう
戸井町,といちょう
恵山町,えさんちょう
尻岸内町,しりきしないちょう
椴法華村,とどほっけむら
南茅部町,みなみかやべちょう
鹿部町,しかべちょう
鹿部村,しかべむら
砂原町,さわらちょう
砂原村,さわらむら
森町,もりまち
八雲町,やくもちょう
長万部町,おしゃまんべちょう
檜山支庁,ひやましちょう
檜山振興局,ひやましんこうきょく
江差町,えさしちょう
上ノ国町,かみのくにちょう
厚沢部町,あっさぶちょう
乙部町,おとべちょう
熊石町,くまいしちょう
大成町,たいせいちょう
奥尻町,おくしりちょう
瀬棚町,せたなちょう
北檜山町,きたひやまちょう
今金町,いまかねちょう
後志総合振興局,しりべしそうごうしんこうきょく
後志支庁,しりべししちょう
島牧村,しままきむら
寿都町,すっつちょう
黒松内町,くろまつないちょう
蘭越町,らんこしちょう
ニセコ町,にせこちょう
真狩村,まっかりむら
留寿都村,るすつむら
喜茂別町,きもべつちょう
京極町,きょうごくちょう
倶知安町,くっちゃんちょう
共和村,きょうわむら
共和町,きょうわちょう
岩内町,いわないちょう
泊村,とまりむら
神恵内村,かもえないむら
積丹町,しゃこたんちょう
古平町,ふるびらちょう
仁木町,にきちょう
余市町,よいちちょう
赤井川村,あかいがわむら
空知総合振興局,そらちそうごうしんこうきょく
空知支庁,そらちしちょう
北村,きたむら
栗沢町,くりさわちょう
南幌町,なんぽろちょう
奈井江町,ないえちょう
上砂川町,かみすながわちょう
江部乙町,えべおつちょう
由仁町,ゆにちょう
長沼町,ながぬまちょう
栗山町,くりやまちょう
月形町,つきがたちょう
浦臼町,うらうすちょう
新十津川町,しんとつかわちょう
妹背牛町,もせうしちょう
秩父別町,ちっぷべつちょう
雨竜町,うりゅうちょう
北竜町,ほくりゅうちょう
沼田町,ぬまたちょう
幌加内町,ほろかないちょう
上川総合振興局,かみかわそうごうしんこうきょく
上川支庁,かみかわしちょう
東鷹栖町,ひがしたかすちょう
鷹栖町,たかすちょう
東神楽町,ひがしかぐらちょう
当麻町,とうまちょう
比布町,ぴっぷちょう
愛別町,あいべつちょう
上川町,かみかわちょう
東川町,ひがしかわちょう
美瑛町,びえいちょう
上富良野町,かみふらのちょう
中富良野町,なかふらのちょう
南富良野町,みなみふらのちょう
占冠村,しむかっぷむら
和寒町,わっさむちょう
剣淵町,けんぶちちょう
朝日町,あさひちょう
風連町,ふうれんちょう
下川町,しもかわちょう
美深町,びふかちょう
音威子府村,おといねっぷむら
中川町,なかがわちょう
留萌振興局,るもいしんこうきょく
留萌支庁,るもいしちょう
増毛町,ましけちょう
小平町,おびらちょう
苫前町,とままえちょう
羽幌町,はぼろちょう
初山別村,しょさんべつむら
遠別町,えんべつちょう
天塩町,てしおちょう
幌延町,ほろのべちょう
宗谷支庁,そうやしちょう
宗谷総合振興局,そうやそうごうしんこうきょく
猿払村,さるふつむら
浜頓別町,はまとんべつちょう
中頓別町,なかとんべつちょう
歌登町,うたのぼりちょう
豊富町,とよとみちょう
礼文町,れぶんちょう
利尻町,りしりちょう
東利尻町,ひがしりしりちょう
利尻富士町,りしりふじちょう
網走支庁,あばしりしちょう
オホーツク総合振興局,おほーつくそうごうしんこうきょく
東藻琴村,ひがしもことむら
女満別町,めまんべつちょう
美幌町,びほろちょう
津別町,つべつちょう
斜里町,しゃりちょう
清里町,きよさとちょう
小清水町,こしみずちょう
端野町,たんのちょう
訓子府町,くんねっぷちょう
置戸町,おけとちょう
留辺蘂町,るべしべちょう
佐呂間町,さろまちょう
常呂町,ところちょう
生田原町,いくたはらちょう
遠軽町,えんがるちょう
丸瀬布町,まるせっぷちょう
白滝村,しらたきむら
上湧別町,かみゆうべつちょう
湧別町,ゆうべつちょう
滝上町,たきのうえちょう
興部町,おこっぺちょう
西興部村,にしおこっぺむら
雄武町,おうむちょう
大空町,おおぞらちょう
胆振支庁,いぶりしちょう
胆振総合振興局,いぶりそうごうしんこうきょく
豊浦町,とようらちょう
虻田町,あぶたちょう
洞爺村,とうやむら
大滝村,おおたきむら
壮瞥町,そうべつちょう
伊達町,だてちょう
登別町,のぼりべつちょう
白老町,しらおいちょう
早来町,はやきたちょう
追分町,おいわけちょう
厚真町,あつまちょう
鵡川町,むかわちょう
穂別町,ほべつちょう
洞爺湖町,とうやこちょう
安平町,あびらちょう
日高振興局,ひだかしんこうきょく
日高支庁,ひだかしちょう
日高町,ひだかちょう
平取町,びらとりちょう
門別町,もんべつちょう
新冠町,にいかっぷちょう
静内町,しずないちょう
三石町,みついしちょう
浦河町,うらかわちょう
様似町,さまにちょう
幌泉町,ほろいずみちょう
えりも町,えりもちょう
新ひだか町,しんひだかちょう
十勝支庁,とかちしちょう
十勝総合振興局,とかちそうごうしんこうきょく
音更町,おとふけちょう
士幌町,しほろちょう
上士幌町,かみしほろちょう
鹿追町,しかおいちょう
新得町,しんとくちょう
清水町,しみずちょう
芽室町,めむろちょう
中札内村,なかさつないむら
更別村,さらべつむら
忠類村,ちゅうるいむら
大樹町,たいきちょう
広尾町,ひろおちょう
幕別町,まくべつちょう
池田町,いけだちょう
豊頃町,とよころちょう
本別町,ほんべつちょう
足寄町,あしょろちょう
陸別町,りくべつちょう
浦幌町,うらほろちょう
釧路支庁,くしろしちょう
釧路総合振興局,くしろそうごうしんこうきょく
釧路村,くしろむら
釧路町,くしろちょう
厚岸町,あっけしちょう
浜中町,はまなかちょう
標茶町,しべちゃちょう
弟子屈町,てしかがちょう
阿寒町,あかんちょう
鶴居村,つるいむら
白糠町,しらぬかちょう
音別町,おんべつちょう
根室振興局,ねむろしんこうきょく
根室支庁,ねむろしちょう
別海村,べっかいむら
別海町,べつかいちょう
中標津町,なかしべつちょう
標津町,しべつちょう
羅臼町,らうすちょう
色丹村,しこたんむら
留夜別村,るよべつむら
留別村,るべつむら
紗那村,しゃなむら
蘂取村,しべとろむら
青森県,あおもりけん
青森県市部,あおもりけんしぶ
青森県郡部,あおもりけんぐんぶ
青森市,あおもりし
弘前市,ひろさきし
八戸市,はちのへし
黒石市,くろいしし
五所川原市,ごしょがわらし
十和田市,とわだし
三沢市,みさわし
むつ市,むつし
つがる市,つがるし
平川市,ひらかわし
東津軽郡,ひがしつがるぐん
平内町,ひらないまち
蟹田町,かにたまち
今別町,いまべつまち
蓬田村,よもぎたむら
平舘村,たいらだてむら
三厩村,みんまやむら
外ヶ浜町,そとがはままち
西津軽郡,にしつがるぐん
鰺ヶ沢町,あじがさわまち
木造町,きづくりまち
深浦町,ふかうらまち
森田村,もりたむら
岩崎村,いわさきむら
柏村,かしわむら
稲垣村,いながきむら
車力村,しゃりきむら
中津軽郡,なかつがるぐん
岩木町,いわきまち
相馬村,そうまむら
西目屋村,にしめやむら
南津軽郡,みなみつがるぐん
藤崎町,ふじさきまち
大鰐町,おおわにまち
尾上町,おのえまち
浪岡町,なみおかまち
平賀町,ひらかまち
常盤村,ときわむら
田舎館村,いなかだてむら
碇ケ関村,いかりがせきむら
北津軽郡,きたつがるぐん
板柳町,いたやなぎまち
金木町,かなぎまち
中里町,なかさとまち
鶴田町,つるたまち
市浦村,しうらむら
小泊村,こどまりむら
中泊町,なかどまりまち
上北郡,かみきたぐん
野辺地町,のへじまち
七戸町,しちのへまち
百石町,ももいしまち
十和田湖町,とわだこまち
十和田町,とわだまち
六戸町,ろくのへまち
横浜町,よこはままち
上北町,かみきたまち
東北町,とうほくまち
天間林村,てんまばやしむら
下田町,しもだまち
六ヶ所村,ろっかしょむら
おいらせ町,おいらせちょう
下北郡,しもきたぐん
川内町,かわうちまち
大畑町,おおはたまち
大間町,おおままち
東通村,ひがしどおりむら
風間浦村,かざまうらむら
佐井村,さいむら
脇野沢村,わきのさわむら
三戸郡,さんのへぐん
三戸町,さんのへまち
五戸町,ごのへまち
田子町,たっこまち
名川町,ながわまち
南部町,なんぶまち
南部町,なんぶちょう
階上町,はしかみちょう
階上村,はしかみむら
福地村,ふくちむら
南郷村,なんごうむら
倉石村,くらいしむら
新郷村,しんごうむら
岩手県,いわてけん
岩手県市部,いわてけんしぶ
岩手県郡部,いわてけんぐんぶ
盛岡市,もりおかし
宮古市,みやこし
大船渡市,おおふなとし
水沢市,みずさわし
花巻市,はなまきし
北上市,きたかみし
久慈市,くじし
遠野市,とおのし
一関市,いちのせきし
陸前高田市,りくぜんたかたし
釜石市,かまいしし
江刺市,えさしし
二戸市,にのへし
八幡平市,はちまんたいし
奥州市,おうしゅうし
滝沢市,たきざわし
岩手郡,いわてぐん
雫石町,しずくいしちょう
葛巻町,くずまきまち
岩手町,いわてまち
西根町,にしねちょう
滝沢村,たきざわむら
松尾村,まつおむら
玉山村,たまやまむら
安代町,あしろちょう
紫波郡,しわぐん
紫波町,しわちょう
矢巾町,やはばちょう
都南村,となんむら
稗貫郡,ひえぬきぐん
大迫町,おおはさままち
石鳥谷町,いしどりやちょう
和賀郡,わがぐん
東和町,とうわちょう
和賀町,わがちょう
湯田町,ゆだまち
江釣子村,えづりこむら
沢内村,さわうちむら
西和賀町,にしわがまち
胆沢郡,いさわぐん
金ケ崎町,かねがさきちょう
前沢町,まえさわちょう
胆沢町,いさわちょう
衣川村,ころもがわむら
西磐井郡,にしいわいぐん
花泉町,はないずみまち
平泉町,ひらいずみちょう
東磐井郡,ひがしいわいぐん
大東町,だいとうちょう
藤沢町,ふじさわちょう
千厩町,せんまやちょう
東山町,ひがしやまちょう
室根村,むろねむら
川崎村,かわさきむら
気仙郡,けせんぐん
住田町,すみたちょう
三陸町,さんりくちょう
上閉伊郡,かみへいぐん
大槌町,おおつちちょう
宮守村,みやもりむら
下閉伊郡,しもへいぐん
田老町,たろうちょう
山田町,やまだまち
岩泉町,いわいずみちょう
田野畑村,たのはたむら
普代村,ふだいむら
新里村,にいさとむら
川井村,かわいむら
九戸郡,くのへぐん
軽米町,かるまいまち
種市町,たねいちまち
野田村,のだむら
山形村,やまがたむら
大野村,おおのむら
九戸村,くのへむら
洋野町,ひろのちょう
二戸郡,にのへぐん
浄法寺町,じょうぼうじまち
福岡町,ふくおかまち
一戸町,いちのへまち
金田一村,きんたいちむら
宮城県,みやぎけん
宮城県市部,みやぎけんしぶ
宮城県郡部,みやぎけんぐんぶ
仙台市,せんだいし
青葉区,あおばく
宮城野区,みやぎのく
若林区,わかばやしく
太白区,たいはくく
泉区,いずみく
石巻市,いしのまきし
塩竈市,しおがまし
古川市,ふるかわし
気仙沼市,けせんぬまし
白石市,しろいしし
名取市,なとりし
角田市,かくだし
多賀城市,たがじょうし
泉市,いずみし
岩沼市,いわぬまし
登米市,とめし
栗原市,くりはらし
東松島市,ひがしまつしまし
大崎市,おおさきし
富谷市,とみやし
刈田郡,かったぐん
蔵王町,ざおうまち
七ヶ宿町,しちかしゅくまち
柴田郡,しばたぐん
大河原町,おおがわらまち
村田町,むらたまち
柴田町,しばたまち
川崎町,かわさきまち
伊具郡,いぐぐん
丸森町,まるもりまち
亘理郡,わたりぐん
亘理町,わたりちょう
山元町,やまもとちょう
名取郡,なとりぐん
岩沼町,いわぬままち
秋保町,あきうまち
宮城郡,みやぎぐん
松島町,まつしままち
多賀城町,たがじょうまち
泉町,いずみまち
七ヶ浜町,しちがはままち
宮城町,みやぎまち
利府町,りふちょう
黒川郡,くろかわぐん
大和町,たいわちょう
大郷町,おおさとちょう
富谷町,とみやまち
大衡村,おおひらむら
加美郡,かみぐん
中新田町,なかにいだまち
小野田町,おのだまち
宮崎町,みやざきちょう
色麻町,しかまちょう
色麻村,しかまむら
加美町,かみまち
志田郡,しだぐん
松山町,まつやままち
三本木町,さんぼんぎちょう
鹿島台町,かしまだいまち
玉造郡,たまつくりぐん
岩出山町,いわでやままち
鳴子町,なるこちょう
遠田郡,とおだぐん
涌谷町,わくやちょう
田尻町,たじりちょう
小牛田町,こごたちょう
南郷町,なんごうちょう
美里町,みさとまち
栗原郡,くりはらぐん
築館町,つきだてちょう
若柳町,わかやなぎちょう
栗駒町,くりこままち
高清水町,たかしみずまち
一迫町,いちはさまちょう
瀬峰町,せみねちょう
鶯沢町,うぐいすざわちょう
金成町,かんなりちょう
志波姫町,しわひめちょう
花山村,はなやまむら
登米郡,とめぐん
迫町,はさまちょう
登米町,とよままち
中田町,なかだちょう
豊里町,とよさとちょう
米山町,よねやまちょう
石越町,いしこしまち
南方町,みなみかたまち
桃生郡,ものうぐん
河北町,かほくちょう
矢本町,やもとちょう
雄勝町,おがつちょう
河南町,かなんちょう
桃生町,ものうちょう
鳴瀬町,なるせちょう
北上町,きたかみまち
牡鹿郡,おしかぐん
女川町,おながわちょう
牡鹿町,おしかちょう
本吉郡,もとよしぐん
志津川町,しづがわちょう
津山町,つやまちょう
本吉町,もとよしちょう
唐桑町,からくわちょう
歌津町,うたつちょう
南三陸町,みなみさんりくちょう
秋田県,あきたけん
秋田県市部,あきたけんしぶ
秋田県郡部,あきたけんぐんぶ
秋田市,あきたし
能代市,のしろし
横手市,よこてし
大館市,おおだてし
本荘市,ほんじょうし
男鹿市,おがし
湯沢市,ゆざわし
大曲市,おおまがりし
鹿角市,かづのし
由利本荘市,ゆりほんじょうし
潟上市,かたがみし
大仙市,だいせんし
北秋田市,きたあきたし
にかほ市,にかほし
仙北市,せんぼくし
鹿角郡,かづのぐん
花輪町,はなわまち
小坂町,こさかまち
尾去沢町,おさりざわまち
八幡平村,はちまんたいむら
北秋田郡,きたあきたぐん
鷹巣町,たかのすまち
比内町,ひないまち
森吉町,もりよしまち
阿仁町,あにまち
田代町,たしろまち
合川町,あいかわまち
上小阿仁村,かみこあにむら
山本郡,やまもとぐん
琴丘町,ことおかまち
二ツ井町,ふたついまち
八森町,はちもりまち
山本町,やまもとまち
八竜町,はちりゅうまち
藤里町,ふじさとまち
峰浜村,みねはまむら
三種町,みたねちょう
八峰町,はっぽうちょう
南秋田郡,みなみあきたぐん
五城目町,ごじょうめまち
昭和町,しょうわまち
八郎潟町,はちろうがたまち
飯田川町,いいたがわまち
天王町,てんのうまち
井川村,いかわむら
井川町,いかわまち
若美町,わかみまち
琴浜村,ことはまむら
大潟村,おおがたむら
河辺郡,かわべぐん
河辺町,かわべまち
雄和町,ゆうわまち
雄和村,ゆうわむら
由利郡,ゆりぐん
仁賀保町,にかほまち
金浦町,このうらまち
象潟町,きさかたまち
矢島町,やしままち
由利町,ゆりまち
西目町,にしめまち
西目村,にしめむら
鳥海村,ちょうかいむら
鳥海町,ちょうかいまち
東由利村,ひがしゆりむら
東由利町,ひがしゆりまち
大内町,おおうちまち
仙北郡,せんぼくぐん
神岡町,かみおかまち
西仙北町,にしせんぼくまち
角館町,かくのだてまち
六郷町,ろくごうまち
中仙町,なかせんまち
田沢湖町,たざわこまち
協和町,きょうわまち
南外村,なんがいむら
仙北町,せんぼくまち
仙北村,せんぼくむら
西木村,にしきむら
太田町,おおたまち
千畑村,せんはたむら
千畑町,せんはたまち
仙南村,せんなんむら
美郷町,みさとちょう
平鹿郡,ひらかぐん
増田町,ますだまち
雄物川町,おものがわまち
大森町,おおもりまち
十文字町,じゅうもんじまち
山内村,さんないむら
大雄村,たいゆうむら
雄勝郡,おがちぐん
稲川町,いなかわまち
雄勝町,おがちまち
羽後町,うごまち
東成瀬村,ひがしなるせむら
皆瀬村,みなせむら
山形県,やまがたけん
山形県市部,やまがたけんしぶ
山形県郡部,やまがたけんぐんぶ
山形市,やまがたし
米沢市,よねざわし
鶴岡市,つるおかし
酒田市,さかたし
新庄市,しんじょうし
寒河江市,さがえし
上山市,かみのやまし
村山市,むらやまし
長井市,ながいし
天童市,てんどうし
東根市,ひがしねし
尾花沢市,おばなざわし
南陽市,なんようし
東村山郡,ひがしむらやまぐん
山辺町,やまのべまち
中山町,なかやままち
西村山郡,にしむらやまぐん
西川町,にしかわまち
朝日町,あさひまち
大江町,おおえまち
北村山郡,きたむらやまぐん
大石田町,おおいしだまち
最上郡,もがみぐん
金山町,かねやままち
最上町,もがみまち
舟形町,ふながたまち
真室川町,まむろがわまち
大蔵村,おおくらむら
鮭川村,さけがわむら
戸沢村,とざわむら
東置賜郡,ひがしおきたまぐん
高畠町,たかはたまち
川西町,かわにしまち
西置賜郡,にしおきたまぐん
小国町,おぐにまち
白鷹町,しらたかまち
飯豊町,いいでまち
東田川郡,ひがしたがわぐん
立川町,たちかわまち
余目町,あまるめまち
藤島町,ふじしままち
羽黒町,はぐろまち
櫛引町,くしびきまち
三川町,みかわまち
朝日村,あさひむら
庄内町,しょうないまち
西田川郡,にしたがわぐん
温海町,あつみまち
飽海郡,あくみぐん
遊佐町,ゆざまち
八幡町,やわたまち
平田町,ひらたまち
福島県,ふくしまけん
福島県市部,ふくしまけんしぶ
福島県郡部,ふくしまけんぐんぶ
福島市,ふくしまし
会津若松市,あいづわかまつし
郡山市,こおりやまし
いわき市,いわきし
白河市,しらかわし
原町市,はらまちし
須賀川市,すかがわし
喜多方市,きたかたし
相馬市,そうまし
二本松市,にほんまつし
田村市,たむらし
南相馬市,みなみそうまし
本宮市,もとみやし
伊達郡,だてぐん
桑折町,こおりまち
伊達町,だてまち
国見町,くにみまち
梁川町,やながわまち
保原町,ほばらまち
霊山町,りょうぜんまち
月舘町,つきだてまち
川俣町,かわまたまち
飯野町,いいのまち
安達郡,あだちぐん
安達町,あだちまち
大玉村,おおたまむら
本宮町,もとみやまち
白沢村,しらさわむら
岩代町,いわしろまち
東和町,とうわまち
岩瀬郡,いわせぐん
長沼町,ながぬままち
鏡石町,かがみいしまち
岩瀬村,いわせむら
天栄村,てんえいむら
南会津郡,みなみあいづぐん
田島町,たじままち
下郷町,しもごうまち
舘岩村,たていわむら
檜枝岐村,ひのえまたむら
伊南村,いなむら
只見町,ただみまち
南会津町,みなみあいづまち
北会津郡,きたあいづぐん
北会津村,きたあいづむら
耶麻郡,やまぐん
熱塩加納村,あつしおかのうむら
北塩原村,きたしおばらむら
塩川町,しおかわまち
山都町,やまとまち
西会津町,にしあいづまち
高郷村,たかさとむら
磐梯町,ばんだいまち
猪苗代町,いなわしろまち
河沼郡,かわぬまぐん
会津坂下町,あいづばんげまち
湯川村,ゆがわむら
柳津町,やないづまち
河東村,かわひがしむら
河東町,かわひがしまち
大沼郡,おおぬまぐん
会津高田町,あいづたかだまち
本郷町,ほんごうまち
会津本郷町,あいづほんごうまち
新鶴村,にいつるむら
三島町,みしままち
昭和村,しょうわむら
会津美里町,あいづみさとまち
西白河郡,にししらかわぐん
西郷村,にしごうむら
表郷村,おもてごうむら
東村,ひがしむら
泉崎村,いずみざきむら
中島村,なかじまむら
矢吹町,やぶきまち
大信村,たいしんむら
東白川郡,ひがししらかわぐん
棚倉町,たなぐらまち
矢祭町,やまつりまち
鮫川村,さめがわむら
古殿町,ふるどのまち
石川郡,いしかわぐん
石川町,いしかわまち
玉川村,たまかわむら
平田村,ひらたむら
浅川町,あさかわまち
田村郡,たむらぐん
三春町,みはるまち
小野町,おのまち
滝根町,たきねまち
大越町,おおごえまち
都路村,みやこじむら
常葉町,ときわまち
船引町,ふねひきまち
双葉郡,ふたばぐん
広野町,ひろのまち
楢葉町,ならはまち
富岡町,とみおかまち
川内村,かわうちむら
大熊町,おおくままち
双葉町,ふたばまち
浪江町,なみえまち
葛尾村,かつらおむら
相馬郡,そうまぐん
新地村,しんちむら
新地町,しんちまち
鹿島町,かしままち
小高町,おだかまち
飯舘村,いいたてむら
茨城県,いばらきけん
茨城県市部,いばらきけんしぶ
茨城県郡部,いばらきけんぐんぶ
水戸市,みとし
日立市,ひたちし
土浦市,つちうらし
古河市,こがし
石岡市,いしおかし
下館市,しもだてし
結城市,ゆうきし
龍ケ崎市,りゅうがさきし
那珂湊市,なかみなとし
下妻市,しもつまし
水海道市,みつかいどうし
常総市,じょうそうし
常陸太田市,ひたちおおたし
勝田市,かつたし
高萩市,たかはぎし
北茨城市,きたいばらきし
笠間市,かさまし
取手市,とりでし
岩井市,いわいし
牛久市,うしくし
つくば市,つくばし
ひたちなか市,ひたちなかし
鹿嶋市,かしまし
潮来市,いたこし
守谷市,もりやし
常陸大宮市,ひたちおおみやし
那珂市,なかし
筑西市,ちくせいし
坂東市,ばんどうし
稲敷市,いなしきし
かすみがうら市,かすみがうらし
桜川市,さくらがわし
神栖市,かみすし
行方市,なめがたし
鉾田市,ほこたし
つくばみらい市,つくばみらいし
小美玉市,おみたまし
東茨城郡,ひがしいばらきぐん
常澄村,つねずみむら
茨城町,いばらきまち
小川町,おがわまち
美野里町,みのりまち
内原町,うちはらまち
常北町,じょうほくまち
桂村,かつらむら
御前山村,ごぜんやまむら
大洗町,おおあらいまち
城里町,しろさとまち
西茨城郡,にしいばらきぐん
友部町,ともべまち
岩間町,いわままち
七会村,ななかいむら
岩瀬町,いわせまち
那珂郡,なかぐん
東海村,とうかいむら
那珂町,なかまち
瓜連町,うりづらまち
大宮町,おおみやまち
山方町,やまがたまち
美和村,みわむら
緒川村,おがわむら
久慈郡,くじぐん
金砂郷村,かなさごうむら
金砂郷町,かなさごうまち
水府村,すいふむら
里美村,さとみむら
大子町,だいごまち
多賀郡,たがぐん
十王町,じゅうおうまち
鹿島郡,かしまぐん
鉾田町,ほこたまち
大洋村,たいようむら
神栖町,かみすまち
波崎町,はさきまち
行方郡,なめがたぐん
麻生町,あそうまち
牛堀町,うしぼりまち
潮来町,いたこまち
北浦村,きたうらむら
北浦町,きたうらまち
玉造町,たまつくりまち
稲敷郡,いなしきぐん
江戸崎町,えどさきまち
美浦村,みほむら
阿見町,あみまち
牛久町,うしくまち
茎崎町,くきざきまち
茎崎村,くきざきむら
新利根村,しんとねむら
新利根町,しんとねまち
河内村,かわちむら
河内町,かわちまち
桜川村,さくらがわむら
東村,あずまむら
東町,あずままち
新治郡,にいはりぐん
霞ヶ浦町,かすみがうらまち
出島村,でじまむら
玉里村,たまりむら
八郷町,やさとまち
千代田村,ちよだむら
千代田町,ちよだまち
新治村,にいはりむら
桜村,さくらむら
筑波郡,つくばぐん
谷田部町,やたべまち
伊奈町,いなまち
谷和原村,やわらむら
豊里町,とよさとまち
筑波町,つくばまち
大穂町,おおほまち
真壁郡,まかべぐん
関城町,せきじょうまち
明野町,あけのまち
真壁町,まかべまち
大和村,やまとむら
結城郡,ゆうきぐん
八千代町,やちよまち
八千代村,やちよむら
千代川村,ちよかわむら
石下町,いしげまち
猿島郡,さしまぐん
総和町,そうわまち
五霞町,ごかまち
五霞村,ごかむら
三和町,さんわまち
猿島町,さしままち
岩井町,いわいまち
境町,さかいまち
北相馬郡,きたそうまぐん
守谷町,もりやまち
取手町,とりでまち
藤代町,ふじしろまち
利根町,とねまち
栃木県,とちぎけん
栃木県市部,とちぎけんしぶ
栃木県郡部,とちぎけんぐんぶ
宇都宮市,うつのみやし
足利市,あしかがし
栃木市,とちぎし
佐野市,さのし
鹿沼市,かぬまし
日光市,にっこうし
今市市,いまいちし
小山市,おやまし
真岡市,もおかし
大田原市,おおたわらし
矢板市,やいたし
黒磯市,くろいそし
那須塩原市,なすしおばらし
さくら市,さくらし
那須烏山市,なすからすやまし
下野市,しもつけし
河内郡,かわちぐん
上三川町,かみのかわまち
南河内町,みなみかわちまち
南河内村,みなみかわちむら
上河内町,かみかわちまち
上河内村,かみかわちむら
上都賀郡,かみつがぐん
西方町,にしかたまち
西方村,にしかたむら
粟野町,あわのまち
足尾町,あしおまち
芳賀郡,はがぐん
二宮町,にのみやまち
益子町,ましこまち
茂木町,もてぎまち
市貝町,いちかいまち
市貝村,いちかいむら
芳賀町,はがまち
下都賀郡,しもつがぐん
壬生町,みぶまち
石橋町,いしばしまち
国分寺町,こくぶんじまち
野木町,のぎまち
大平町,おおひらまち
藤岡町,ふじおかまち
岩舟町,いわふねまち
都賀町,つがまち
塩谷郡,しおやぐん
塩原町,しおばらまち
栗山村,くりやまむら
藤原町,ふじはらまち
塩谷町,しおやまち
氏家町,うじいえまち
高根沢町,たかねざわまち
喜連川町,きつれがわまち
那須郡,なすぐん
南那須村,みなみなすむら
南那須町,みなみなすまち
烏山町,からすやままち
馬頭町,ばとうまち
湯津上村,ゆづかみむら
黒羽町,くろばねまち
那須町,なすまち
黒磯町,くろいそまち
西那須野町,にしなすのまち
那珂川町,なかがわまち
安蘇郡,あそぐん
田沼町,たぬままち
葛生町,くずうまち
群馬県,ぐんまけん
群馬県市部,ぐんまけんしぶ
群馬県郡部,ぐんまけんぐんぶ
前橋市,まえばしし
高崎市,たかさきし
桐生市,きりゅうし
伊勢崎市,いせさきし
太田市,おおたし
沼田市,ぬまたし
館林市,たてばやしし
渋川市,しぶかわし
藤岡市,ふじおかし
富岡市,とみおかし
安中市,あんなかし
みどり市,みどりし
勢多郡,せたぐん
北橘村,きたたちばなむら
赤城村,あかぎむら
富士見村,ふじみむら
大胡町,おおごまち
宮城村,みやぎむら
粕川村,かすかわむら
黒保根村,くろほねむら
群馬郡,ぐんまぐん
榛名町,はるなまち
倉淵村,くらぶちむら
群馬町,ぐんままち
北群馬郡,きたぐんまぐん
子持村,こもちむら
小野上村,おのがみむら
伊香保町,いかほまち
榛東村,しんとうむら
吉岡村,よしおかむら
吉岡町,よしおかまち
多野郡,たのぐん
新町,しんまち
鬼石町,おにしまち
吉井町,よしいまち
万場町,まんばまち
中里村,なかさとむら
上野村,うえのむら
神流町,かんなまち
甘楽郡,かんらぐん
妙義町,みょうぎまち
下仁田町,しもにたまち
南牧村,なんもくむら
甘楽町,かんらまち
碓氷郡,うすいぐん
松井田町,まついだまち
吾妻郡,あがつまぐん
中之条町,なかのじょうまち
東村,あづまむら
吾妻町,あがつままち
長野原町,ながのはらまち
嬬恋村,つまごいむら
草津町,くさつまち
六合村,くにむら
高山村,たかやまむら
東吾妻町,ひがしあがつままち
利根郡,とねぐん
利根村,とねむら
片品村,かたしなむら
川場村,かわばむら
月夜野町,つきよのまち
水上町,みなかみまち
新治村,にいはるむら
佐波郡,さわぐん
赤堀村,あかぼりむら
赤堀町,あかぼりまち
玉村町,たまむらまち
新田郡,にったぐん
尾島町,おじままち
新田町,にったまち
藪塚本町,やぶづかほんまち
笠懸村,かさかけむら
笠懸町,かさかけまち
山田郡,やまだぐん
大間々町,おおまままち
邑楽郡,おうらぐん
板倉町,いたくらまち
明和町,めいわまち
明和村,めいわむら
大泉町,おおいずみまち
邑楽町,おうらまち
埼玉県,さいたまけん
埼玉県市部,さいたまけんしぶ
埼玉県郡部,さいたまけんぐんぶ
さいたま市,さいたまし
大宮区,おおみやく
見沼区,みぬまく
桜区,さくらく
浦和区,うらわく
緑区,みどりく
岩槻区,いわつきく
川越市,かわごえし
熊谷市,くまがやし
川口市,かわぐちし
浦和市,うらわし
大宮市,おおみやし
行田市,ぎょうだし
秩父市,ちちぶし
所沢市,ところざわし
飯能市,はんのうし
加須市,かぞし
東松山市,ひがしまつやまし
岩槻市,いわつきし
春日部市,かすかべし
狭山市,さやまし
羽生市,はにゅうし
鴻巣市,こうのすし
深谷市,ふかやし
上尾市,あげおし
与野市,よのし
草加市,そうかし
越谷市,こしがやし
蕨市,わらびし
戸田市,とだし
入間市,いるまし
鳩ケ谷市,はとがやし
朝霞市,あさかし
志木市,しきし
和光市,わこうし
新座市,にいざし
桶川市,おけがわし
久喜市,くきし
北本市,きたもとし
八潮市,やしおし
富士見市,ふじみし
上福岡市,かみふくおかし
三郷市,みさとし
蓮田市,はすだし
坂戸市,さかどし
幸手市,さってし
鶴ヶ島市,つるがしまし
日高市,ひだかし
吉川市,よしかわし
ふじみ野市,ふじみのし
白岡市,しらおかし
北足立郡,きたあだちぐん
桶川町,おけがわまち
北本町,きたもとまち
吹上町,ふきあげまち
新座町,にいざまち
入間郡,いるまぐん
大井町,おおいまち
富士見町,ふじみまち
三芳村,みよしむら
三芳町,みよしまち
坂戸町,さかどまち
毛呂山町,もろやままち
越生町,おごせまち
鶴ヶ島町,つるがしまちょう
日高町,ひだかまち
名栗村,なぐりむら
比企郡,ひきぐん
滑川村,なめがわむら
滑川町,なめがわまち
嵐山町,らんざんまち
都幾川村,ときがわむら
玉川村,たまがわむら
川島村,かわじまむら
川島町,かわじままち
吉見町,よしみまち
吉見村,よしみむら
鳩山町,はとやままち
鳩山村,はとやまむら
ときがわ町,ときがわまち
秩父郡,ちちぶぐん
横瀬町,よこぜまち
横瀬村,よこぜむら
皆野町,みなのまち
野上町,のがみまち
長瀞町,ながとろまち
吉田町,よしだまち
小鹿野町,おがのまち
両神村,りょうかみむら
荒川村,あらかわむら
東秩父村,ひがしちちぶむら
児玉郡,こだまぐん
美里村,みさとむら
児玉町,こだままち
神川村,かみかわむら
神川町,かみかわまち
神泉村,かみいずみむら
上里町,かみさとまち
上里村,かみさとむら
大里郡,おおさとぐん
大里村,おおさとむら
大里町,おおさとまち
江南町,こうなんまち
江南村,こうなんむら
妻沼町,めぬままち
豊里村,とよさとむら
岡部町,おかべまち
川本町,かわもとまち
川本村,かわもとむら
花園村,はなぞのむら
花園町,はなぞのまち
寄居町,よりいまち
北埼玉郡,きたさいたまぐん
騎西町,きさいまち
南河原村,みなみかわらむら
川里村,かわさとむら
川里町,かわさとまち
北川辺町,きたかわべまち
北川辺村,きたかわべむら
大利根町,おおとねまち
大利根村,おおとねむら
南埼玉郡,みなみさいたまぐん
八潮町,やしおまち
宮代町,みやしろまち
久喜町,くきまち
蓮田町,はすだまち
白岡町,しらおかまち
菖蒲町,しょうぶまち
北葛飾郡,きたかつしかぐん
栗橋町,くりはしまち
鷲宮町,わしみやまち
幸手町,さってまち
杉戸町,すぎとまち
松伏町,まつぶしまち
吉川町,よしかわまち
千葉県,ちばけん
千葉県市部,ちばけんしぶ
千葉県郡部,ちばけんぐんぶ
千葉市,ちばし
花見川区,はなみがわく
稲毛区,いなげく
若葉区,わかばく
美浜区,みはまく
銚子市,ちょうしし
市川市,いちかわし
船橋市,ふなばしし
館山市,たてやまし
木更津市,きさらづし
松戸市,まつどし
野田市,のだし
佐原市,さわらし
茂原市,もばらし
成田市,なりたし
東金市,とうがねし
八日市場市,ようかいちばし
旭市,あさひし
習志野市,ならしのし
柏市,かしわし
勝浦市,かつうらし
市原市,いちはらし
流山市,ながれやまし
八千代市,やちよし
我孫子市,あびこし
鴨川市,かもがわし
鎌ケ谷市,かまがやし
君津市,きみつし
富津市,ふっつし
浦安市,うらやすし
四街道市,よつかいどうし
袖ケ浦市,そでがうらし
八街市,やちまたし
印西市,いんざいし
白井市,しろいし
富里市,とみさとし
南房総市,みなみぼうそうし
匝瑳市,そうさし
香取市,かとりし
山武市,さんむし
いすみ市,いすみし
大網白里市,おおあみしらさとし
東葛飾郡,ひがしかつしかぐん
浦安町,うらやすまち
鎌ケ谷町,かまがやまち
関宿町,せきやどまち
我孫子町,あびこまち
沼南町,しょうなんまち
印旛郡,いんばぐん
四街道町,よつかいどうまち
酒々井町,しすいまち
八街町,やちまたまち
富里村,とみさとむら
富里町,とみさとまち
印旛村,いんばむら
白井町,しろいまち
印西町,いんざいまち
本埜村,もとのむら
栄町,さかえまち
香取郡,かとりぐん
下総町,しもふさまち
神崎町,こうざきまち
大栄町,たいえいまち
小見川町,おみがわまち
栗源町,くりもとまち
多古町,たこまち
干潟町,ひかたまち
東庄町,とうのしょうまち
海上郡,かいじょうぐん
海上町,うなかみまち
飯岡町,いいおかまち
匝瑳郡,そうさぐん
光町,ひかりまち
野栄町,のさかまち
山武郡,さんぶぐん
大網白里町,おおあみしらさとまち
九十九里町,くじゅうくりまち
成東町,なるとうまち
山武町,さんぶまち
蓮沼村,はすぬまむら
松尾町,まつおまち
横芝町,よこしばまち
芝山町,しばやままち
横芝光町,よこしばひかりまち
長生郡,ちょうせいぐん
一宮町,いちのみやまち
睦沢村,むつざわむら
睦沢町,むつざわまち
長生村,ちょうせいむら
白子町,しらこまち
本納町,ほんのうまち
長柄町,ながらまち
長南町,ちょうなんまち
夷隅郡,いすみぐん
大多喜町,おおたきまち
夷隅町,いすみまち
御宿町,おんじゅくまち
大原町,おおはらまち
岬町,みさきまち
安房郡,あわぐん
富浦町,とみうらまち
富山町,とみやままち
鋸南町,きょなんまち
白浜町,しらはままち
千倉町,ちくらまち
丸山町,まるやままち
和田町,わだまち
江見町,えみまち
長狭町,ながさまち
鴨川町,かもがわまち
天津小湊町,あまつこみなとまち
君津郡,きみつぐん
袖ケ浦町,そでがうらまち
平川町,ひらかわまち
富来田町,ふくたまち
小櫃村,おびつむら
上総町,かずさまち
君津町,きみつまち
小糸町,こいとまち
清和村,せいわむら
富津町,ふっつまち
大佐和町,おおさわまち
天羽町,あまはまち
東京都,とうきょうと
東京都市部,とうきょうとしぶ
東京都郡部,とうきょうとぐんぶ
特別区部,とくべつくぶ
千代田区,ちよだく
港区,みなとく
新宿区,しんじゅくく
文京区,ぶんきょうく
台東区,たいとうく
墨田区,すみだく
江東区,こうとうく
品川区,しながわく
目黒区,めぐろく
大田区,おおたく
世田谷区,せたがやく
渋谷区,しぶやく
中野区,なかのく
杉並区,すぎなみく
豊島区,としまく
荒川区,あらかわく
板橋区,いたばしく
練馬区,ねりまく
足立区,あだちく
葛飾区,かつしかく
江戸川区,えどがわく
八王子市,はちおうじし
立川市,たちかわし
武蔵野市,むさしのし
三鷹市,みたかし
青梅市,おうめし
府中市,ふちゅうし
昭島市,あきしまし
調布市,ちょうふし
町田市,まちだし
小金井市,こがねいし
小平市,こだいらし
日野市,ひのし
東村山市,ひがしむらやまし
国分寺市,こくぶんじし
国立市,くにたちし
田無市,たなしし
保谷市,ほうやし
福生市,ふっさし
狛江市,こまえし
東大和市,ひがしやまとし
清瀬市,きよせし
東久留米市,ひがしくるめし
武蔵村山市,むさしむらやまし
多摩市,たまし
稲城市,いなぎし
秋川市,あきがわし
羽村市,はむらし
あきる野市,あきるのし
西東京市,にしとうきょうし
西多摩郡,にしたまぐん
福生町,ふっさまち
羽村町,はむらまち
瑞穂町,みずほまち
秋多町,あきたまち
日の出村,ひのでむら
日の出町,ひのでまち
五日市町,いつかいちまち
檜原村,ひのはらむら
奥多摩町,おくたままち
南多摩郡,みなみたまぐん
多摩町,たままち
稲城町,いなぎまち
北多摩郡,きたたまぐん
狛江町,こまえまち
村山町,むらやままち
清瀬町,きよせまち
久留米町,くるめまち
大島支庁,おおしましちょう
大島町,おおしままち
利島村,としまむら
新島本村,にいじまほんむら
新島村,にいじまむら
神津島村,こうづしまむら
三宅支庁,みやけしちょう
三宅村,みやけむら
御蔵島村,みくらじまむら
八丈支庁,はちじょうしちょう
八丈町,はちじょうまち
青ヶ島村,あおがしまむら
小笠原支庁,おがさわらしちょう
小笠原村,おがさわらむら
神奈川県,かながわけん
神奈川県市部,かながわけんしぶ
神奈川県郡部,かながわけんぐんぶ
横浜市,よこはまし
鶴見区,つるみく
神奈川区,かながわく
中区,なかく
保土ケ谷区,ほどがやく
磯子区,いそごく
金沢区,かなざわく
港北区,こうほくく
戸塚区,とつかく
港南区,こうなんく
旭区,あさひく
瀬谷区,せやく
栄区,さかえく
都筑区,つづきく
川崎市,かわさきし
川崎区,かわさきく
幸区,さいわいく
中原区,なかはらく
高津区,たかつく
多摩区,たまく
宮前区,みやまえく
麻生区,あさおく
相模原市,さがみはらし
横須賀市,よこすかし
平塚市,ひらつかし
鎌倉市,かまくらし
藤沢市,ふじさわし
小田原市,おだわらし
茅ヶ崎市,ちがさきし
逗子市,ずしし
三浦市,みうらし
秦野市,はだのし
厚木市,あつぎし
大和市,やまとし
伊勢原市,いせはらし
海老名市,えびなし
座間市,ざまし
南足柄市,みなみあしがらし
綾瀬市,あやせし
三浦郡,みうらぐん
葉山町,はやままち
高座郡,こうざぐん
寒川町,さむかわまち
海老名町,えびなまち
座間町,ざままち
綾瀬町,あやせまち
大磯町,おおいそまち
伊勢原町,いせはらまち
足柄上郡,あしがらかみぐん
中井町,なかいまち
松田町,まつだまち
山北町,やまきたまち
南足柄町,みなみあしがらまち
開成町,かいせいまち
足柄下郡,あしがらしもぐん
橘町,たちばなまち
箱根町,はこねまち
真鶴町,まなづるまち
湯河原町,ゆがわらまち
愛甲郡,あいこうぐん
清川村,きよかわむら
津久井郡,つくいぐん
城山町,しろやままち
津久井町,つくいまち
相模湖町,さがみこまち
藤野町,ふじのまち
新潟県,にいがたけん
新潟県市部,にいがたけんしぶ
新潟県郡部,にいがたけんぐんぶ
新潟市,にいがたし
秋葉区,あきはく
西蒲区,にしかんく
長岡市,ながおかし
高田市,たかだし
三条市,さんじょうし
柏崎市,かしわざきし
新発田市,しばたし
新津市,にいつし
小千谷市,おぢやし
加茂市,かもし
十日町市,とおかまちし
見附市,みつけし
村上市,むらかみし
燕市,つばめし
直江津市,なおえつし
栃尾市,とちおし
糸魚川市,いといがわし
新井市,あらいし
妙高市,みょうこうし
五泉市,ごせんし
両津市,りょうつし
白根市,しろねし
豊栄市,とよさかし
上越市,じょうえつし
阿賀野市,あがのし
佐渡市,さどし
魚沼市,うおぬまし
南魚沼市,みなみうおぬまし
胎内市,たいないし
北蒲原郡,きたかんばらぐん
安田町,やすだまち
京ヶ瀬村,きょうがせむら
水原町,すいばらまち
笹神村,ささかみむら
豊栄町,とよさかまち
豊浦町,とようらまち
豊浦村,とようらむら
聖籠村,せいろうむら
聖籠町,せいろうまち
加治川村,かじかわむら
紫雲寺町,しうんじまち
中条町,なかじょうまち
黒川村,くろかわむら
中蒲原郡,なかかんばらぐん
小須戸町,こすどまち
村松町,むらまつまち
横越村,よこごしむら
横越町,よこごしまち
亀田町,かめだまち
西蒲原郡,にしかんばらぐん
岩室村,いわむろむら
弥彦村,やひこむら
分水町,ぶんすいまち
巻町,まきまち
黒埼町,くろさきまち
黒埼村,くろさきむら
味方村,あじかたむら
潟東村,かたひがしむら
月潟村,つきがたむら
中之口村,なかのくちむら
南蒲原郡,みなみかんばらぐん
田上町,たがみまち
田上村,たがみむら
下田村,しただむら
栄村,さかえむら
中之島町,なかのしままち
中之島村,なかのしまむら
東蒲原郡,ひがしかんばらぐん
津川町,つがわまち
鹿瀬町,かのせまち
三川村,みかわむら
阿賀町,あがまち
三島郡,さんとうぐん
越路町,こしじまち
与板町,よいたまち
和島村,わしまむら
出雲崎町,いずもざきまち
寺泊町,てらどまりまち
古志郡,こしぐん
山古志村,やまこしむら
北魚沼郡,きたうおぬまぐん
川口町,かわぐちまち
堀之内町,ほりのうちまち
小出町,こいでまち
湯之谷村,ゆのたにむら
広神村,ひろかみむら
守門村,すもんむら
入広瀬村,いりひろせむら
南魚沼郡,みなみうおぬまぐん
湯沢町,ゆざわまち
塩沢町,しおざわまち
六日町,むいかまち
中魚沼郡,なかうおぬまぐん
津南町,つなんまち
刈羽郡,かりわぐん
高柳町,たかやなぎまち
北条町,きたじょうまち
刈羽村,かりわむら
西山町,にしやままち
東頸城郡,ひがしくびきぐん
安塚町,やすづかまち
浦川原村,うらがわらむら
松代町,まつだいまち
松之山町,まつのやままち
大島村,おおしまむら
牧村,まきむら
中頸城郡,なかくびきぐん
柿崎町,かきざきまち
大潟町,おおがたまち
頸城村,くびきむら
妙高高原町,みょうこうこうげんまち
中郷村,なかごうむら
妙高村,みょうこうむら
清里村,きよさとむら
三和村,さんわむら
西頸城郡,にしくびきぐん
名立町,なだちまち
能生町,のうまち
青海町,おうみまち
岩船郡,いわふねぐん
関川村,せきかわむら
荒川町,あらかわまち
神林村,かみはやしむら
山北町,さんぽくまち
粟島浦村,あわしまうらむら
佐渡郡,さどぐん
佐和田町,さわたまち
金井町,かないまち
新穂村,にいぼむら
畑野町,はたのまち
真野町,まのまち
小木町,おぎまち
羽茂町,はもちまち
赤泊村,あかどまりむら
富山県,とやまけん
富山県市部,とやまけんしぶ
富山県郡部,とやまけんぐんぶ
富山市,とやまし
高岡市,たかおかし
新湊市,しんみなとし
魚津市,うおづし
氷見市,ひみし
滑川市,なめりかわし
黒部市,くろべし
砺波市,となみし
小矢部市,おやべし
南砺市,なんとし
射水市,いみずし
上新川郡,かみにいかわぐん
大沢野町,おおさわのまち
大山町,おおやままち
中新川郡,なかにいかわぐん
舟橋村,ふなはしむら
上市町,かみいちまち
立山町,たてやままち
下新川郡,しもにいかわぐん
宇奈月町,うなづきまち
入善町,にゅうぜんまち
婦負郡,ねいぐん
八尾町,やつおまち
婦中町,ふちゅうまち
山田村,やまだむら
細入村,ほそいりむら
射水郡,いみずぐん
小杉町,こすぎまち
大門町,だいもんまち
下村,しもむら
東礪波郡,ひがしとなみぐん
城端町,じょうはなまち
平村,たいらむら
上平村,かみたいらむら
利賀村,とがむら
庄川町,しょうがわまち
井波町,いなみまち
井口村,いのくちむら
福野町,ふくのまち
西礪波郡,にしとなみぐん
福光町,ふくみつまち
石川県,いしかわけん
石川県市部,いしかわけんしぶ
石川県郡部,いしかわけんぐんぶ
金沢市,かなざわし
七尾市,ななおし
小松市,こまつし
輪島市,わじまし
珠洲市,すずし
加賀市,かがし
羽咋市,はくいし
松任市,まっとうし
かほく市,かほくし
白山市,はくさんし
能美市,のみし
野々市市,ののいちし
江沼郡,えぬまぐん
山中町,やまなかまち
能美郡,のみぐん
根上町,ねあがりまち
寺井町,てらいまち
辰口町,たつのくちまち
川北町,かわきたまち
川北村,かわきたむら
松任町,まつとうまち
鶴来町,つるぎまち
野々市町,ののいちまち
吉野谷村,よしのだにむら
鳥越村,とりごえむら
尾口村,おぐちむら
白峰村,しらみねむら
河北郡,かほくぐん
津幡町,つばたまち
高松町,たかまつまち
七塚町,ななつかまち
宇ノ気町,うのけまち
内灘町,うちなだまち
羽咋郡,はくいぐん
高浜町,たかはままち
富来町,とぎまち
志雄町,しおまち
志賀町,しかまち
押水町,おしみずまち
宝達志水町,ほうだつしみずちょう
田鶴浜町,たつるはままち
鳥屋町,とりやまち
中島町,なかじままち
能登島町,のとじままち
鹿西町,ろくせいまち
中能登町,なかのとまち
鳳至郡,ふげしぐん
穴水町,あなみずまち
門前町,もんぜんまち
能都町,のとまち
柳田村,やなぎだむら
珠洲郡,すずぐん
内浦町,うちうらまち
鳳珠郡,ほうすぐん
能登町,のとちょう
福井県,ふくいけん
福井県市部,ふくいけんしぶ
福井県郡部,ふくいけんぐんぶ
福井市,ふくいし
敦賀市,つるがし
武生市,たけふし
小浜市,おばまし
大野市,おおのし
勝山市,かつやまし
鯖江市,さばえし
あわら市,あわらし
越前市,えちぜんし
坂井市,さかいし
足羽郡,あすわぐん
足羽町,あすわちょう
美山町,みやまちょう
吉田郡,よしだぐん
松岡町,まつおかちょう
永平寺町,えいへいじちょう
上志比村,かみしひむら
大野郡,おおのぐん
西谷村,にしたにむら
和泉村,いずみむら
坂井郡,さかいぐん
三国町,みくにちょう
芦原町,あわらちょう
金津町,かなづちょう
丸岡町,まるおかちょう
春江町,はるえちょう
坂井町,さかいちょう
今立郡,いまだてぐん
今立町,いまだてちょう
南条郡,なんじょうぐん
南条町,なんじょうちょう
今庄町,いまじょうちょう
河野村,こうのむら
南越前町,みなみえちぜんちょう
丹生郡,にゅうぐん
宮崎村,みやざきむら
越前町,えちぜんちょう
越廼村,こしのむら
織田町,おたちょう
三方郡,みかたぐん
三方町,みかたちょう
美浜町,みはまちょう
遠敷郡,おにゅうぐん
上中町,かみなかちょう
名田庄村,なたしょうむら
大飯郡,おおいぐん
高浜町,たかはまちょう
大飯町,おおいちょう
三方上中郡,みかたかみなかぐん
若狭町,わかさちょう
山梨県,やまなしけん
山梨県市部,やまなしけんしぶ
山梨県郡部,やまなしけんぐんぶ
甲府市,こうふし
富士吉田市,ふじよしだし
塩山市,えんざんし
都留市,つるし
山梨市,やまなしし
大月市,おおつきし
韮崎市,にらさきし
南アルプス市,みなみあるぷすし
甲斐市,かいし
笛吹市,ふえふきし
上野原市,うえのはらし
甲州市,こうしゅうし
中央市,ちゅうおうし
東山梨郡,ひがしやまなしぐん
春日居町,かすがいちょう
牧丘町,まきおかちょう
三富村,みとみむら
勝沼町,かつぬまちょう
東八代郡,ひがしやつしろぐん
御坂町,みさかちょう
一宮町,いちのみやちょう
八代町,やつしろちょう
境川村,さかいがわむら
中道町,なかみちまち
芦川村,あしがわむら
豊富村,とよとみむら
西八代郡,にしやつしろぐん
上九一色村,かみくいしきむら
三珠町,みたまちょう
市川大門町,いちかわだいもんちょう
六郷町,ろくごうちょう
下部町,しもべちょう
市川三郷町,いちかわみさとちょう
南巨摩郡,みなみこまぐん
増穂町,ますほちょう
鰍沢町,かじかざわちょう
中富町,なかとみちょう
早川町,はやかわちょう
身延町,みのぶちょう
富沢町,とみざわちょう
富士川町,ふじかわちょう
中巨摩郡,なかこまぐん
竜王町,りゅうおうちょう
敷島町,しきしままち
玉穂町,たまほちょう
玉穂村,たまほむら
昭和町,しょうわちょう
田富町,たとみちょう
八田村,はったむら
白根町,しらねまち
芦安村,あしやすむら
若草町,わかくさちょう
櫛形町,くしがたまち
甲西町,こうさいまち
北巨摩郡,きたこまぐん
双葉町,ふたばちょう
明野村,あけのむら
須玉町,すたまちょう
須玉町,すだまちょう
高根町,たかねちょう
長坂町,ながさかちょう
大泉村,おおいずみむら
小淵沢町,こぶちさわちょう
白州町,はくしゅうまち
武川村,むかわむら
南都留郡,みなみつるぐん
秋山村,あきやまむら
道志村,どうしむら
西桂町,にしかつらちょう
忍野村,おしのむら
山中湖村,やまなかこむら
河口湖町,かわぐちこまち
勝山村,かつやまむら
足和田村,あしわだむら
鳴沢村,なるさわむら
富士河口湖町,ふじかわぐちこまち
北都留郡,きたつるぐん
上野原町,うえのはらまち
小菅村,こすげむら
丹波山村,たばやまむら
長野県,ながのけん
長野県市部,ながのけんしぶ
長野県郡部,ながのけんぐんぶ
長野市,ながのし
松本市,まつもとし
上田市,うえだし
岡谷市,おかやし
飯田市,いいだし
諏訪市,すわし
須坂市,すざかし
小諸市,こもろし
伊那市,いなし
駒ヶ根市,こまがねし
中野市,なかのし
大町市,おおまちし
飯山市,いいやまし
茅野市,ちのし
塩尻市,しおじりし
更埴市,こうしょくし
佐久市,さくし
千曲市,ちくまし
東御市,とうみし
安曇野市,あづみのし
南佐久郡,みなみさくぐん
臼田町,うすだまち
佐久町,さくまち
小海町,こうみまち
川上村,かわかみむら
南牧村,みなみまきむら
南相木村,みなみあいきむら
北相木村,きたあいきむら
八千穂村,やちほむら
佐久穂町,さくほまち
北佐久郡,きたさくぐん
軽井沢町,かるいざわまち
望月町,もちづきまち
御代田町,みよたまち
立科町,たてしなまち
浅科村,あさしなむら
北御牧村,きたみまきむら
小県郡,ちいさがたぐん
丸子町,まるこまち
長門町,ながとまち
東部町,とうぶまち
真田町,さなだまち
武石村,たけしむら
和田村,わだむら
川西村,かわにしむら
青木村,あおきむら
諏訪郡,すわぐん
下諏訪町,しもすわまち
原村,はらむら
上伊那郡,かみいなぐん
高遠町,たかとおまち
辰野町,たつのまち
箕輪町,みのわまち
飯島町,いいじままち
南箕輪村,みなみみのわむら
中川村,なかがわむら
長谷村,はせむら
宮田村,みやだむら
下伊那郡,しもいなぐん
鼎町,かなえまち
松川町,まつかわまち
高森町,たかもりまち
阿南町,あなんちょう
清内路村,せいないじむら
阿智村,あちむら
浪合村,なみあいむら
平谷村,ひらやむら
根羽村,ねばむら
下條村,しもじょうむら
売木村,うるぎむら
天龍村,てんりゅうむら
泰阜村,やすおかむら
喬木村,たかぎむら
豊丘村,とよおかむら
大鹿村,おおしかむら
上村,かみむら
南信濃村,みなみしなのむら
木曽郡,きそぐん
木曽福島町,きそふくしままち
上松町,あげまつまち
南木曽町,なぎそまち
楢川村,ならかわむら
木祖村,きそむら
日義村,ひよしむら
開田村,かいだむら
三岳村,みたけむら
王滝村,おうたきむら
大桑村,おおくわむら
山口村,やまぐちむら
木曽町,きそまち
東筑摩郡,ひがしちくまぐん
明科町,あかしなまち
本郷村,ほんごうむら
四賀村,しがむら
本城村,ほんじょうむら
坂北村,さかきたむら
麻績村,おみむら
坂井村,さかいむら
生坂村,いくさかむら
波田村,はたむら
波田町,はたまち
筑北村,ちくほくむら
南安曇郡,みなみあづみぐん
豊科町,とよしなまち
穂高町,ほたかまち
奈川村,ながわむら
安曇村,あづみむら
梓川村,あずさがわむら
堀金村,ほりがねむら
北安曇郡,きたあづみぐん
池田町,いけだまち
松川村,まつかわむら
八坂村,やさかむら
美麻村,みあさむら
白馬村,はくばむら
小谷村,おたりむら
更級郡,さらしなぐん
上山田町,かみやまだまち
大岡村,おおおかむら
埴科郡,はにしなぐん
坂城町,さかきまち
戸倉町,とぐらまち
上高井郡,かみたかいぐん
小布施町,おぶせまち
下高井郡,しもたかいぐん
山ノ内町,やまのうちまち
木島平村,きじまだいらむら
野沢温泉村,のざわおんせんむら
上水内郡,かみみのちぐん
信州新町,しんしゅうしんまち
豊野町,とよのまち
信濃町,しなのまち
牟礼村,むれむら
三水村,さみずむら
戸隠村,とがくしむら
鬼無里村,きなさむら
中条村,なかじょうむら
飯綱町,いいづなまち
下水内郡,しもみのちぐん
豊田村,とよたむら
岐阜県,ぎふけん
岐阜県市部,ぎふけんしぶ
岐阜県郡部,ぎふけんぐんぶ
岐阜市,ぎふし
大垣市,おおがきし
高山市,たかやまし
多治見市,たじみし
関市,せきし
中津川市,なかつがわし
美濃市,みのし
瑞浪市,みずなみし
羽島市,はしまし
恵那市,えなし
美濃加茂市,みのかもし
土岐市,ときし
各務原市,かかみがはらし
可児市,かにし
瑞穂市,みずほし
飛騨市,ひだし
本巣市,もとすし
郡上市,ぐじょうし
下呂市,げろし
海津市,かいづし
羽島郡,はしまぐん
川島町,かわしまちょう
岐南町,ぎなんちょう
笠松町,かさまつちょう
柳津町,やないづちょう
海津郡,かいづぐん
海津町,かいづちょう
平田町,ひらたちょう
南濃町,なんのうちょう
養老郡,ようろうぐん
養老町,ようろうちょう
上石津町,かみいしづちょう
不破郡,ふわぐん
垂井町,たるいちょう
関ケ原町,せきがはらちょう
安八郡,あんぱちぐん
神戸町,ごうどちょう
輪之内町,わのうちちょう
安八町,あんぱちちょう
墨俣町,すのまたちょう
揖斐郡,いびぐん
揖斐川町,いびがわちょう
谷汲村,たにぐみむら
春日村,かすがむら
久瀬村,くぜむら
藤橋村,ふじはしむら
坂内村,さかうちむら
徳山村,とくやまむら
本巣郡,もとすぐん
北方町,きたがたちょう
本巣町,もとすちょう
穂積町,ほづみちょう
巣南町,すなみちょう
真正町,しんせいちょう
糸貫町,いとぬきちょう
根尾村,ねおむら
山県郡,やまがたぐん
高富町,たかとみちょう
伊自良村,いじらむら
武儀郡,むぎぐん
洞戸村,ほらどむら
板取村,いたどりむら
武芸川町,むげがわちょう
武儀町,むぎちょう
武儀村,むぎむら
上之保村,かみのほむら
郡上郡,ぐじょうぐん
八幡町,はちまんちょう
大和町,やまとちょう
白鳥町,しろとりちょう
高鷲村,たかすむら
美並村,みなみむら
奥明方村,おくみょうがたむら
明方村,みょうがたむら
明宝村,めいほうむら
和良村,わらむら
加茂郡,かもぐん
坂祝町,さかほぎちょう
富加村,とみかむら
富加町,とみかちょう
川辺町,かわべちょう
七宗町,ひちそうちょう
七宗村,ひちそうむら
八百津町,やおつちょう
白川町,しらかわちょう
東白川村,ひがししらかわむら
可児郡,かにぐん
御嵩町,みたけちょう
可児町,かにちょう
兼山町,かねやまちょう
土岐郡,ときぐん
笠原町,かさはらちょう
恵那郡,えなぐん
坂下町,さかしたちょう
川上村,かわうえむら
加子母村,かしもむら
付知町,つけちちょう
福岡町,ふくおかちょう
蛭川村,ひるかわむら
岩村町,いわむらちょう
山岡町,やまおかちょう
明智町,あけちちょう
串原村,くしはらむら
上矢作町,かみやはぎちょう
益田郡,ましたぐん
萩原町,はぎわらちょう
小坂町,おさかちょう
下呂町,げろちょう
金山町,かなやまちょう
馬瀬村,まぜむら
丹生川村,にゅうかわむら
清見村,きよみむら
荘川村,しょうかわむら
白川村,しらかわむら
宮村,みやむら
久々野町,くぐのちょう
高根村,たかねむら
吉城郡,よしきぐん
古川町,ふるかわちょう
国府町,こくふちょう
宮川村,みやがわむら
神岡町,かみおかちょう
上宝村,かみたからむら
静岡県,しずおかけん
静岡県市部,しずおかけんしぶ
静岡県郡部,しずおかけんぐんぶ
静岡市,しずおかし
葵区,あおいく
駿河区,するがく
清水区,しみずく
浜松市,はままつし
浜北区,はまきたく
天竜区,てんりゅうく
浜名区,はまなく
沼津市,ぬまづし
清水市,しみずし
熱海市,あたみし
三島市,みしまし
富士宮市,ふじのみやし
伊東市,いとうし
島田市,しまだし
富士市,ふじし
磐田市,いわたし
焼津市,やいづし
掛川市,かけがわし
藤枝市,ふじえだし
御殿場市,ごてんばし
袋井市,ふくろいし
天竜市,てんりゅうし
浜北市,はまきたし
下田市,しもだし
裾野市,すそのし
湖西市,こさいし
伊豆市,いずし
御前崎市,おまえざきし
菊川市,きくがわし
伊豆の国市,いずのくにし
牧之原市,まきのはらし
東伊豆町,ひがしいずちょう
河津町,かわづちょう
南伊豆町,みなみいずちょう
松崎町,まつざきちょう
西伊豆町,にしいずちょう
賀茂村,かもむら
田方郡,たがたぐん
伊豆長岡町,いずながおかちょう
修善寺町,しゅぜんじちょう
戸田村,へだむら
函南町,かんなみちょう
韮山町,にらやまちょう
大仁町,おおひとちょう
天城湯ケ島町,あまぎゆがしまちょう
中伊豆町,なかいずちょう
駿東郡,すんとうぐん
長泉町,ながいずみちょう
裾野町,すそのちょう
小山町,おやまちょう
富士郡,ふじぐん
芝川町,しばかわちょう
庵原郡,いはらぐん
蒲原町,かんばらちょう
由比町,ゆいちょう
岡部町,おかべちょう
大井川町,おおいがわちょう
榛原郡,はいばらぐん
御前崎町,おまえざきちょう
相良町,さがらちょう
榛原町,はいばらちょう
吉田町,よしだちょう
金谷町,かなやちょう
川根町,かわねちょう
中川根町,なかかわねちょう
本川根町,ほんかわねちょう
川根本町,かわねほんちょう
小笠郡,おがさぐん
城東村,きとうむら
大須賀町,おおすかちょう
大浜町,おおはまちょう
浜岡町,はまおかちょう
小笠町,おがさちょう
菊川町,きくがわちょう
周智郡,しゅうちぐん
春野町,はるのちょう
磐田郡,いわたぐん
浅羽町,あさばちょう
福田町,ふくでちょう
竜洋町,りゅうようちょう
豊田村,とよだむら
豊田町,とよだちょう
龍山村,たつやまむら
佐久間町,さくまちょう
水窪町,みさくぼちょう
浜名郡,はまなぐん
舞阪町,まいさかちょう
新居町,あらいちょう
湖西町,こさいちょう
雄踏町,ゆうとうちょう
引佐郡,いなさぐん
細江町,ほそえちょう
引佐町,いなさちょう
三ケ日町,みっかびちょう
愛知県,あいちけん
愛知県市部,あいちけんしぶ
愛知県郡部,あいちけんぐんぶ
名古屋市,なごやし
千種区,ちくさく
中村区,なかむらく
昭和区,しょうわく
瑞穂区,みずほく
熱田区,あつたく
中川区,なかがわく
守山区,もりやまく
名東区,めいとうく
天白区,てんぱくく
豊橋市,とよはしし
岡崎市,おかざきし
一宮市,いちのみやし
瀬戸市,せとし
半田市,はんだし
春日井市,かすがいし
豊川市,とよかわし
津島市,つしまし
碧南市,へきなんし
刈谷市,かりやし
豊田市,とよたし
安城市,あんじょうし
西尾市,にしおし
蒲郡市,がまごおりし
犬山市,いぬやまし
常滑市,とこなめし
江南市,こうなんし
尾西市,びさいし
小牧市,こまきし
稲沢市,いなざわし
新城市,しんしろし
東海市,とうかいし
大府市,おおぶし
知多市,ちたし
知立市,ちりゅうし
尾張旭市,おわりあさひし
高浜市,たかはまし
岩倉市,いわくらし
豊明市,とよあけし
日進市,にっしんし
田原市,たはらし
愛西市,あいさいし
清須市,きよすし
北名古屋市,きたなごやし
弥富市,やとみし
みよし市,みよしし
あま市,あまし
長久手市,ながくてし
愛知郡,あいちぐん
豊明町,とよあけちょう
東郷町,とうごうちょう
日進町,にっしんちょう
長久手町,ながくてちょう
長久手村,ながくてむら
東春日井郡,ひがしかすがいぐん
西春日井郡,にしかすがいぐん
西枇杷島町,にしびわじまちょう
豊山町,とよやまちょう
豊山村,とよやまむら
師勝町,しかつちょう
西春町,にしはるちょう
春日町,はるひちょう
春日村,はるひむら
清洲町,きよすちょう
新川町,しんかわちょう
丹羽郡,にわぐん
大口町,おおぐちちょう
扶桑町,ふそうちょう
岩倉町,いわくらちょう
葉栗郡,はぐりぐん
木曽川町,きそがわちょう
中島郡,なかしまぐん
祖父江町,そぶえちょう
平和町,へいわちょう
海部郡,あまぐん
七宝町,しっぽうちょう
美和町,みわちょう
甚目寺町,じもくじちょう
大治村,おおはるむら
大治町,おおはるちょう
蟹江町,かにえちょう
十四山村,じゅうしやまむら
飛島村,とびしまむら
弥富町,やとみちょう
佐屋町,さやちょう
立田村,たつたむら
八開村,はちかいむら
佐織町,さおりちょう
知多郡,ちたぐん
阿久比町,あぐいちょう
東浦町,ひがしうらちょう
大府町,おおぶちょう
知多町,ちたちょう
南知多町,みなみちたちょう
武豊町,たけとよちょう
碧海郡,へきかいぐん
知立町,ちりゅうちょう
幡豆郡,はずぐん
一色町,いっしきちょう
吉良町,きらちょう
幡豆町,はずちょう
額田郡,ぬかたぐん
幸田町,こうたちょう
額田町,ぬかたちょう
西加茂郡,にしかもぐん
三好町,みよしちょう
藤岡村,ふじおかむら
藤岡町,ふじおかちょう
小原村,おばらむら
東加茂郡,ひがしかもぐん
足助町,あすけちょう
下山村,しもやまむら
稲武町,いなぶちょう
北設楽郡,きたしたらぐん
設楽町,したらちょう
東栄町,とうえいちょう
豊根村,とよねむら
富山村,とみやまむら
津具村,つぐむら
南設楽郡,みなみしたらぐん
鳳来町,ほうらいちょう
作手村,つくでむら
宝飯郡,ほいぐん
音羽町,おとわちょう
小坂井町,こざかいちょう
御津町,みとちょう
渥美郡,あつみぐん
田原町,たはらちょう
赤羽根町,あかばねちょう
渥美町,あつみちょう
三重県,みえけん
三重県市部,みえけんしぶ
三重県郡部,みえけんぐんぶ
津市,つし
四日市市,よっかいちし
伊勢市,いせし
松阪市,まつさかし
桑名市,くわなし
上野市,うえのし
鈴鹿市,すずかし
名張市,なばりし
尾鷲市,おわせし
亀山市,かめやまし
鳥羽市,とばし
熊野市,くまのし
久居市,ひさいし
いなべ市,いなべし
志摩市,しまし
伊賀市,いがし
桑名郡,くわなぐん
多度町,たどちょう
長島町,ながしまちょう
木曽岬町,きそさきちょう
木曽岬村,きそさきむら
員弁郡,いなべぐん
北勢町,ほくせいちょう
員弁町,いなべちょう
大安町,だいあんちょう
東員町,とういんちょう
藤原町,ふじわらちょう
三重郡,みえぐん
菰野町,こものちょう
楠町,くすちょう
川越町,かわごえちょう
鈴鹿郡,すずかぐん
関町,せきちょう
安芸郡,あげぐん
河芸町,かわげちょう
芸濃町,げいのうちょう
安濃町,あのうちょう
安濃村,あのうむら
一志郡,いちしぐん
久居町,ひさいちょう
香良洲町,からすちょう
一志町,いちしちょう
白山町,はくさんちょう
嬉野町,うれしのちょう
美杉村,みすぎむら
三雲町,みくもちょう
三雲村,みくもむら
飯南郡,いいなんぐん
飯南町,いいなんちょう
飯高町,いいたかちょう
多気郡,たきぐん
多気町,たきちょう
明和町,めいわちょう
大台町,おおだいちょう
度会郡,わたらいぐん
玉城町,たまきちょう
二見町,ふたみちょう
小俣町,おばたちょう
南勢町,なんせいちょう
南島町,なんとうちょう
大宮町,おおみやちょう
紀勢町,きせいちょう
御薗村,みそのむら
大内山村,おおうちやまむら
度会町,わたらいちょう
南伊勢町,みなみいせちょう
阿山郡,あやまぐん
伊賀町,いがちょう
島ヶ原村,しまがはらむら
阿山町,あやまちょう
大山田村,おおやまだむら
名賀郡,ながぐん
青山町,あおやまちょう
志摩郡,しまぐん
浜島町,はまじまちょう
大王町,だいおうちょう
志摩町,しまちょう
阿児町,あごちょう
磯部町,いそべちょう
北牟婁郡,きたむろぐん
紀伊長島町,きいながしまちょう
紀北町,きほくちょう
南牟婁郡,みなみむろぐん
紀宝町,きほうちょう
紀和町,きわちょう
鵜殿村,うどのむら
滋賀県,しがけん
滋賀県市部,しがけんしぶ
滋賀県郡部,しがけんぐんぶ
大津市,おおつし
彦根市,ひこねし
長浜市,ながはまし
近江八幡市,おうみはちまんし
八日市市,ようかいちし
草津市,くさつし
守山市,もりやまし
栗東市,りっとうし
甲賀市,こうかし
野洲市,やすし
湖南市,こなんし
高島市,たかしまし
東近江市,ひがしおうみし
米原市,まいばらし
滋賀郡,しがぐん
志賀町,しがちょう
栗太郡,くりたぐん
栗東町,りっとうちょう
野洲郡,やすぐん
守山町,もりやまちょう
中主町,ちゅうずちょう
野洲町,やすちょう
甲賀郡,こうかぐん
石部町,いしべちょう
甲西町,こうせいちょう
水口町,みなくちちょう
土山町,つちやまちょう
甲賀町,こうかちょう
甲南町,こうなんちょう
信楽町,しがらきちょう
蒲生郡,がもうぐん
安土町,あづちちょう
蒲生町,がもうちょう
日野町,ひのちょう
神崎郡,かんざきぐん
永源寺町,えいげんじちょう
五個荘町,ごかしょうちょう
能登川町,のとがわちょう
愛知郡,えちぐん
愛東町,あいとうちょう
愛東村,あいとうむら
湖東町,ことうちょう
秦荘町,はたしょうちょう
愛知川町,えちがわちょう
愛荘町,あいしょうちょう
犬上郡,いぬかみぐん
甲良町,こうらちょう
多賀町,たがちょう
坂田郡,さかたぐん
山東町,さんとうちょう
伊吹町,いぶきちょう
伊吹村,いぶきむら
米原町,まいはらちょう
近江町,おうみちょう
東浅井郡,ひがしあざいぐん
浅井町,あざいちょう
虎姫町,とらひめちょう
湖北町,こほくちょう
びわ町,びわちょう
びわ村,びわむら
伊香郡,いかぐん
高月町,たかつきちょう
木之本町,きのもとちょう
余呉町,よごちょう
余呉村,よごむら
西浅井町,にしあざいちょう
西浅井村,にしあざいむら
高島郡,たかしまぐん
マキノ町,まきのちょう
今津町,いまづちょう
朽木村,くつきむら
安曇川町,あどがわちょう
高島町,たかしまちょう
新旭町,しんあさひちょう
京都府,きょうとふ
京都府市部,きょうとふしぶ
京都府郡部,きょうとふぐんぶ
京都市,きょうとし
上京区,かみぎょうく
左京区,さきょうく
中京区,なかぎょうく
東山区,ひがしやまく
下京区,しもぎょうく
右京区,うきょうく
伏見区,ふしみく
山科区,やましなく
西京区,にしきょうく
福知山市,ふくちやまし
舞鶴市,まいづるし
綾部市,あやべし
宇治市,うじし
宮津市,みやづし
亀岡市,かめおかし
城陽市,じょうようし
向日市,むこうし
長岡京市,ながおかきょうし
八幡市,やわたし
京田辺市,きょうたなべし
京丹後市,きょうたんごし
南丹市,なんたんし
木津川市,きづがわし
乙訓郡,おとくにぐん
向日町,むこうまち
長岡町,ながおかちょう
大山崎町,おおやまざきちょう
久世郡,くせぐん
城陽町,じょうようちょう
久御山町,くみやまちょう
綴喜郡,つづきぐん
八幡町,やわたちょう
田辺町,たなべちょう
井手町,いでちょう
