ああ,ああ
愛,あい
挨拶,あいさつ
合図,あいず
愛,あいする
間,あいだ
相手,あいて
あう,あう
青,あお
青,あおい
赤,あか
赤,あかい
明,あかり
上,あがる
明,あかるい
赤坊,あかんぼう
秋,あき
あきらめる,あきらめる
飽,あきる
開,あく
握手,あくしゅ
アクセント,あくせんと
あける,あける
上,あげる
顎,あご
朝,あさ
浅,あさい
明後日,あさって
足,あし
味,あじ
明日,あした
預,あずかる
預,あずける
汗,あせ
あそこ,あそこ
遊,あそぶ
与,あたえる
暖,あたたかいな
暖,あたためる
頭,あたま
新,あたらしい
辺,あたり
当前,あたりまえ
当,あたる
っ,あ
厚,あつい
扱,あつかう
集,あつまる
集,あつめる
当,あてる
後,あと
穴,あな
貴方,あなた
兄,あに
姉,あね
ね,あの
アパート,あぱーと
危,あぶない
あぶら,あぶら
甘,あまい
余,あまる
網,あみ
雨,あめ
謝,あやまる
あら,あら
洗,あらう
争,あらそう
改,あらためる
あらゆる,あらゆる
あらわす,あらわす
現,あらわれる
有難,ありがたい
有難,ありがとう
有,ある
あるいは,あるいは
歩,あるく
あれ,あれ
合,あわせる
慌,あわてる
案外,あんがい
安心,あんしん
安全,あんぜん
あんな,あんな
案内,あんない
胃,い
家,いえ
以下,いか
以外,いがい
いかが,いかが
息,いき
勢,いきおい
生,いきる
幾,いくつ
幾,いくら
池,いけ
いけない,いけない
意見,いけん
以後,いご
勇,いさましい
石,いし
医者,いしゃ
以上,いじょう
椅子,いす
以前,いぜん
忙,いそがしい
急,いそぐ
板,いた
痛,いたい
致,いたす
いたずら,いたずら
いただきます,いただきます
いただく,いただく
痛,いたむ
一,いち
一応,いちおう
一度,いちどに
一番,いちばん
一部,いちぶ
何時,いつ
五日,いつか
一緒,いっしょ
一生,いっしょう
一生懸命,いっしょうけんめい
一層,いっそう
五,いつつ
いっぱい,いっぱい
一般,いっぱんに
一方,いっぽう
いつも,いつも
糸,いと
従弟妹,いとこ
以内,いない
田舎,いなか
犬,いぬ
稲,いね
命,いのち
祈,いのる
違反,いはん
今,いまに
意味,いみ
妹,いもうと
否,いや
いらっしゃいませ,いらっしゃいませ
いらっしゃる,いらっしゃる
入口,いりぐち
要,いる
入,いれる
色,いろ
いろいろ,いろいろ
いろんな,いろんな
岩,いわ
祝,いわう
印刷,いんさつ
印象,いんしょう
植,うえる
伺,うかがう
浮,うかぶ
浮,うく
受付,うけつけ
受取,うけとる
受,うける
動,うごかす
動,うごく
牛,うし
後,うしろ
薄,うすい
うそ,うそ
歌,うた
歌,うたう
疑,うたがう
うち,うち
うつ,うつ
うっかり,うっかり
美,うつくしい
うつす,うつす
移,うつる
腕,うで
馬,うま
うまい,うまい
生,うまれる
海,うみ
産,うむ
裏,うら
うらやましい,うらやましい
売,うる
うるさい,うるさい
嬉,うれしい
売,うれる
上着,うわぎ
噂,うわさ
うん,うん
運転,うんてん
運動,うんどう
絵,え
映画,えいが
影響,えいきょう
英語,えいご
栄養,えいよう
ええ,ええ
駅,えき
枝,えだ
偉,えらい
選,えらぶ
円,えん
鉛筆,えんぴつ
遠慮,えんりょ
おいしい,おいしい
追,おう
往復,おうふく
応用,おうよう
おお,おお
多,おおい
大,おおきいな
大勢,おおぜい
なさい,おかえり
おかげ,おかげ
おかしい,おかしい
起,おきる
奥,おく
贈物,おくりもの
おくる,おくる
遅,おくれ
起,おこす
行,おこなう
怒,おこる
押,おさえる
おじ,おじ
惜,おしい
教,おしえる
御辞儀,おじぎ
おじさん,おじさん
押,おす
遅,おそい
恐,おそれる
恐,おそろしい
落,おちる
おっしゃる,おっしゃる
夫,おっと
音,おと
弟,おとうと
男,おとこ
落,おとす
一昨日,おととい
大人,おとな
おとなしい,おとなしい
踊,おどる
驚,おどろく
おなか,おなか
同,おなじ
おば,おば
おばさん,おばさん
おはよう,おはよう
覚,おぼえる
おまわりさん,おまわりさん
おめでとう,おめでとう
重,おもい
思出,おもいだす
思出,おもいで
思,おもう
面白,おもしろい
おもちゃ,おもちゃ
表,おもて
主,おもなに
親,おや
親子,おやこ
なさい,おやすみ
泳,およぐ
およそ,およそ
及,および
降,おりる
おる,おる
俺,おれ
折,おれる
おろす,おろす
終,おわり
終,おわる
音,おん
音楽,おんがく
温泉,おんせん
温度,おんど
女,おんな
女子,おんなのこ
会,かい
外,がい
海岸,かいがん
会議,かいぎ
外交,がいこう
外国,がいこく
外国語,がいこくご
外国人,がいこくじん
会社,かいしゃ
解釈,かいしゃく
外出,がいしゅつ
会場,かいじょう
階段,かいだん
かいとう,かいとう
買物,かいもの
会話,かいわ
買,かう
かえす,かえす
却,かえって
かえる,かえる
顔,かお
化学,かがく
鏡,かがみ
係,かかり
かかる,かかる
鍵,かぎ
限,かぎる
書,かく
嗅,かぐ
学,がく
確実,かくじつ
隠,かくす
学生,がくせい
学問,がくもん
隠,かくれる
かげ,かげ
掛,かける
過去,かこ
囲,かこむ
傘,かさ
重,かさなる
重,かさねる
飾,かざる
菓子,かし
火事,かじ
賢,かしこい
貸,かす
数,かず
ガス,がす
風,かぜ
数,かぞえる
家族,かぞく
方,かた
堅,かたい
片仮名,かたかな
形,かたち
片付,かたづける
傾,かたむく
価値,かち
勝,かつ
がっかり,がっかり
格好,かっこう
学校,がっこう
活動,かつどう
家庭,かてい
角,かど
仮名,かな
悲,かなしい
悲,かなしむ
必,かならず
かなり,かなり
金,かね
金持,かねもち
可能,かのう
彼女,かのじょ
かばん,かばん
被,かぶる
壁,かべ
我慢,がまん
神,かみ
雷,かみなり
噛,かむ
カメラ,かめら
かゆい,かゆい
通,かよう
空,から
辛,からい
ガラス,がらす
体,からだ
借,かりる
軽,かるい
彼,かれ
枯,かれる
川,かわ
可愛,かわいい
可哀相,かわいそう
乾,かわかす
かわく,かわく
代,かわり
かわる,かわる
考,かんがえ
考,かんがえる
関係,かんけい
歓迎,かんげい
感,かんじ
感謝,かんしゃ
勘定,かんじょう
感心,かんしん
完成,かんせい
間接,かんせつ
完全,かんぜん
感想,かんそう
簡単,かんたん
罐詰,かんづめ
頑張,がんばる
看板,かんばん
木,き
黄色,きいろ
黄色,きいろい
消,きえる
記憶,きおく
機会,きかい
期間,きかん
聞,きく
危険,きけん
機嫌,きげん
気候,きこう
聞,きこえる
帰国,きこく
岸,きし
汽車,きしゃ
技術,ぎじゅつ
傷,きず
季節,きせつ
着,きせる
基礎,きそ
規則,きそく
北,きた
汚,きたない
きちん と,きちんと
切手,きって
きっ と,きっと
切符,きっぷ
記念,きねん
昨日,きのう
気毒,きのどく
厳,きびしい
気分,きぶん
希望,きぼう
決,きまる
君,きみ
義務,ぎむ
決,きめる
気持,きもち
着物,きもの
疑問,ぎもん
客,きゃく
逆,ぎゃく
急行,きゅうこう
急,きゅうに
牛肉,ぎゅうにく
牛乳,ぎゅうにゅう
給料,きゅうりょう
今日,きょう
教育,きょういく
教会,きょうかい
教科書,きょうかしょ
教師,きょうし
教室,きょうしつ
競争,きょうそう
兄弟,きょうだい
興味,きょうみ
教養,きょうよう
協力,きょうりょく
許可,きょか
去年,きょねん
距離,きょり
嫌,きらい
嫌,きらう
霧,きり
切,きる
布,きれ
綺麗,きれい
切,きれる
キロ,きろ
記録,きろく
金,きん
銀,ぎん
銀行,ぎんこう
禁止,きんし
近所,きんじょ
金属,きんぞく
筋肉,きんにく
具合,ぐあい
空気,くうき
茎,くき
草,くさ
臭,くさい
腐,くさる
苦心,くしん
薬,くすり
崩,くずれる
癖,くせ
下,くださる
果物,くだもの
下,くだり
下,くだる
口,くち
唇,くちびる
靴,くつ
靴下,くつした
国,くに
配,くばる
首,くび
工夫,くふう
区別,くべつ
組,くみ
雲,くも
曇,くもり
曇,くもる
悔,くやしい
暗,くらい
暮,くらす
比,くらべる
グラム,ぐらむ
繰返,くりかえす
来,くる
苦,くるしい
苦,くるしむ
車,くるま
くれる,くれる
黒,くろ
黒,くろい
苦労,くろう
加,くわえる
詳,くわしい
毛,け
下,げ
計画,けいかく
警官,けいかん
景気,けいき
経験,けいけん
傾向,けいこう
経済,けいざい
警察,けいさつ
計算,けいさん
形式,けいしき
芸術,げいじゅつ
怪我,けが
劇,げき
今朝,けさ
景色,けしき
消,けしごむ
下宿,げしゅく
化粧,けしょう
消,けす
削,けずる
下駄,げた
血液,けつえき
結果,けっか
結局,けっきょく
結構,けっこう
結婚,けっこん
決,けっして
決心,けっしん
欠席,けっせき
決定,けってい
欠点,けってん
煙,けむり
下痢,げり
蹴,ける
けれども,けれども
県,けん
原因,げんいん
喧嘩,けんか
玄関,げんかん
元気,げんき
研究,けんきゅう
現金,げんきん
言語,げんご
健康,けんこう
検査,けんさ
現在,げんざい
建設,けんせつ
原則,げんそく
現代,げんだい
建築,けんちく
見物,けんぶつ
権利,けんり
子,こ
五,ご
濃,こい
恋人,こいびと
こう,こう
公園,こうえん
効果,こうか
後悔,こうかい
郊外,こうがい
講義,こうぎ
工業,こうぎょう
航空便,こうくうびん
合計,ごうけい
高校,こうこう
広告,こうこく
交際,こうさい
工事,こうじ
交通,こうつう
肯定,こうてい
行動,こうどう
交番,こうばん
幸福,こうふく
公平,こうへい
声,こえ
越,こえる
コーヒー,こーひー
氷,こおり
凍,こおる
誤解,ごかい
呼吸,こきゅう
国語,こくご
国際,こくさい
国籍,こくせき
国鉄,こくてつ
黒板,こくばん
国民,こくみん
ここ,ここ
九日,ここのか
九,ここのつ
心,こころ
ございます,ございます
腰,こし
腰掛,こしかける
故障,こしょう
こする,こする
午前,ごぜん
答,こたえ
答,こたえる
御馳走,ごちそう
小遣,こづかい
コップ,こっぷ
事,こと
今年,ことし
言葉,ことば
子供,こども
断,ことわる
この,この
このごろ,このごろ
御飯,ごはん
細,こまかいな
困,こまる
ごみ,ごみ
こむ,こむ
ゴム,ごむ
米,こめ
御免,ごめん
御覧,ごらん
これ,これ
これから,これから
頃,ころ
殺,ころす
転,ころぶ
怖,こわい
壊,こわす
壊,こわれる
今月,こんげつ
今週,こんしゅう
今度,こんど
こんな,こんな
困難,こんなん
今日,こんにちは
今晩,こんばん
今晩,こんばんは
今夜,こんや
混乱,こんらん
さあ,さあ
最近,さいきん
最後,さいご
財産,ざいさん
最初,さいしょ
催促,さいそく
最中,さいちゅう
才能,さいのう
裁判,さいばん
財布,さいふ
材料,ざいりょう
坂,さか
境,さかい
さがす,さがす
魚,さかな
下,さがる
盛,さかん
先,さき
作業,さぎょう
咲,さく
作者,さくしゃ
昨年,さくねん
作品,さくひん
作文,さくぶん
桜,さくら
酒,さけ
叫,さけぶ
避,さける
下,さげる
匙,さじ
差上,さしあげる
さす,さす
誘,さそう
冊,さつ
作家,さっか
さっき,さっき
雑誌,ざっし
早速,さっそく
砂糖,さとう
寂,さびしい
寒,さむい
覚,さめる
皿,さら
再来年,さらいねん
猿,さる
騒,さわぐ
触,さわる
三,さん
参加,さんか
三角,さんかく
産業,さんぎょう
参考,さんこう
賛成,さんせい
残念,ざんねん
散歩,さんぽ
四,し
字,じ
試合,しあい
幸,しあわせ
塩,しお
四角,しかく
四角,しかくいな
しかし,しかし
仕方,しかた
しかも,しかも
叱,しかる
時間,じかん
式,しき
敷,しく
刺激,しげき
茂,しげる
試験,しけん
事件,じけん
事故,じこ
仕事,しごと
事実,じじつ
支出,ししゅつ
辞書,じしょ
事情,じじょう
地震,じしん
静,しずか
沈,しずむ
自然,しぜんに
思想,しそう
下,した
時代,じだい
従,したがう
従,したがって
下着,したぎ
仕度,したく
親,したしい
七,しち
しっかり,しっかり
失業,しつぎょう
実験,じっけん
実現,じつげん
実行,じっこう
実際,じっさい
失敗,しっぱい
質問,しつもん
失礼,しつれい
自転車,じてんしゃ
指導,しどう
自動車,じどうしゃ
品物,しなもの
死,しぬ
支配,しはい
芝居,しばい
しばらく,しばらく
縛,しばる
字引,じびき
渋,しぶい
自分,じぶん
島,しま
仕舞,しまう
しまる,しまる
地味,じみ
市民,しみん
事務,じむ
事務所,じむしょ
示,しめす
しめる,しめる
じゃあ,じゃあ
社会,しゃかい
写真,しゃしん
シャツ,しゃつ
しゃべる,しゃべる
邪魔,じゃま
週,しゅう
十,じゅう
自由,じゆう
習慣,しゅうかん
宗教,しゅうきょう
住所,じゅうしょ
就職,しゅうしょく
収入,しゅうにゅう
十分,じゅうぶん
重要,じゅうよう
修理,しゅうり
主義,しゅぎ
授業,じゅぎょう
受験,じゅけん
手術,しゅじゅつ
主人,しゅじん
手段,しゅだん
主張,しゅちょう
出席,しゅっせき
出発,しゅっぱつ
出版,しゅっぱん
趣味,しゅみ
種類,しゅるい
順,じゅん
巡査,じゅんさ
順序,じゅんじょ
準備,じゅんび
小,しょう
使用,しよう
上,じょう
紹介,しょうかい
正月,しょうがつ
小学校,しょうがっこう
商業,しょうぎょう
条件,じょうけん
正直,しょうじき
常識,じょうしき
乗車,じょうしゃ
少女,しょうじょ
上手,じょうず
小説,しょうせつ
招待,しょうたい
状態,じょうたい
承知,しょうち
少年,しょうねん
商売,しょうばい
商品,しょうひん
上品,じょうひん
丈夫,じょうぶ
証明,しょうめい
醤油,しょうゆ
将来,しょうらい
職業,しょくぎょう
食事,しょくじ
食堂,しょくどう
植物,しょくぶつ
女性,じょせい
知,しらせる
調,しらべる
知合,しりあい
知,しる
印,しるし
白,しろ
白,しろい
神経,しんけい
信仰,しんこう
信号,しんごう
人口,じんこう
神社,じんじゃ
人生,じんせい
親戚,しんせき
親切,しんせつ
心臓,しんぞう
身長,しんちょう
新年,しんねん
心配,しんぱい
新聞,しんぶん
進歩,しんぽ
信用,しんよう
心理,しんり
図,ず
水泳,すいえい
推薦,すいせん
水道,すいどう
随分,ずいぶん
吸,すう
数字,すうじ
スカート,すかーと
姿,すがた
好,すき
過,すぎる
空,すく
すぐ,すぐ
少,すくない
すごい,すごい
少,すこし
過,すごす
筋,すじ
涼,すずしい
進,すすむ
すすめる,すすめる
すっかり,すっかり
ずっと,ずっと
すっぱい,すっぱい
すてる,すてる
砂,すな
すなわち,すなわち
素晴,すばらしい
すべて,すべて
滑,すべる
スポーツ,すぽーつ
ズボン,ずぼん
住,すまい
隅,すみ
すみません,すみません
住,すむ
為,する
狡,ずるい
すると,すると
鋭,するどい
坐,すわる
背,せい
正確,せいかく
生活,せいかつ
税金,ぜいきん
成功,せいこう
政治,せいじ
性質,せいしつ
精神,せいしん
成績,せいせき
製造,せいぞう
贅沢,ぜいたく
成長,せいちょう
生徒,せいと
制度,せいど
政党,せいとう
青年,せいねん
政府,せいふ
西洋,せいよう
整理,せいり
世界,せかい
咳,せき
石炭,せきたん
責任,せきにん
石油,せきゆ
折角,せっかく
石鹸,せっけん
絶対,ぜったいに
設備,せつび
説明,せつめい
背中,せなか
是非,ぜひ
背広,せびろ
狭,せまい
せめる,せめる
ゼロ,ぜろ
世話,せわ
千,せん
前,ぜん
選挙,せんきょ
先月,せんげつ
全国,ぜんこく
選手,せんしゅ
先週,せんしゅう
先生,せんせい
全然,ぜんぜん
戦争,せんそう
全体,ぜんたい
洗濯,せんたく
センチ,せんち
全部,ぜんぶ
専門,せんもん
相,そう
掃除,そうじ
葬式,そうしき
想像,そうぞう
相談,そうだん
底,そこ
そこで,そこで
組織,そしき
そして,そして
育,そだつ
育,そだてる
卒業,そつぎょう
外,そと
其,その
そのうえ,そのうえ
傍,そば
空,そら
剃,そる
それ,それ
それから,それから
それぞれ,それぞれ
それで,それで
それでは,それでは
それとも,それとも
それに,それに
揃,そろう
揃,そろえる
損,そん
尊敬,そんけい
存在,そんざい
そんな,そんな
台,だい
大学,だいがく
大使,たいし
大事,だいじ
大,たいして
大丈夫,だいじょうぶ
大臣,だいじん
対,たいする
大切,たいせつ
体操,たいそう
大体,だいたい
大抵,たいてい
態度,たいど
台所,たいどころ
代表,だいひょう
台風,たいふう
大変,たいへん
太陽,たいよう
平,たいら
倒,たおす
倒,たおれる
高,たかい
互,たがい
だから,だから
たく,たく
抱,だく
たくさん,たくさん
タクシー,たくしー
確,たしか
確,たしかめる
足,たす
出,だす
助,たすける
たずねる,たずねる
只,ただ
只今,ただいま
戦,たたかう
叩,たたく
正,ただしい
畳,たたみ
畳,たたむ
立場,たちば
たつ,たつ
だって,だって
縦,たて
建物,たてもの
たてる,たてる
たとえ,たとえ
たとえば,たとえば
棚,たな
谷,たに
他人,たにん
種,たね
楽,たのしい
楽,たのしむ
頼,たのむ
束,たば
タバコ,たばこ
度,たび
たびたび,たびたび
多分,たぶん
食物,たべもの
食,たべる
たま,たま
卵,たまご
だます,だます
溜,たまる
黙,だまる
為,ため
駄目,だめ
試,ためす
ためる,ためる
頼,たよる
足,たりる
誰,だれ
誰,だれか
段階,だんかい
単語,たんご
誕生,たんじょう
誕生日,たんじょうび
たんす,たんす
男性,だんせい
団体,だんたい
だんだん,だんだん
血,ち
小,ちいさいな
チーム,ちーむ
近,ちかい
違,ちがい
違,ちがう
近,ちかく
近付,ちかづく
地下鉄,ちかてつ
近寄,ちかよる
力,ちから
地球,ちきゅう
知識,ちしき
地図,ちず
父,ちち
ちっとも,ちっとも
地方,ちほう
茶,ちゃ
茶色,ちゃいろ
茶碗,ちゃわん
ちゃんと,ちゃんと
中,ちゅう
注意,ちゅうい
中央,ちゅうおう
中学校,ちゅうがっこう
中国,ちゅうごく
中止,ちゅうし
注射,ちゅうしゃ
中心,ちゅうしん
注文,ちゅうもん
長,ちょう
調査,ちょうさ
調子,ちょうし
長所,ちょうしょ
ちょうど,ちょうど
貯金,ちょきん
直接,ちょくせつ
ちょっと,ちょっと
地理,ちり
散,ちる
一日,ついたち
序,ついで
遂,ついに
通過,つうか
通学,つうがく
使,つかい
使,つかう
捕,つかまえる
掴,つかむ
疲,つかれる
月,つき
次,つぎ
つく,つく
机,つくえ
作,つくる
漬物,つけもの
つける,つける
都合,つごう
伝,つたえる
土,つち
続,つづく
続,つづける
包,つつむ
つとめる,つとめる
繋,つなぐ
常,つねに
粒,つぶ
潰,つぶれる
妻,つま
つまらない,つまらない
つまり,つまり
罪,つみ
積,つむ
爪,つめ
冷,つめたい
詰,つめる
つもり,つもり
梅雨,つゆ
強,つよい
連,つれる
手,て
で,で
訂正,ていせい
程度,ていど
丁寧,ていねい
テーブル,てーぶる
出掛,でかける
手紙,てがみ
敵,てき
適当,てきとう
適用,てきよう
出来,できる
出口,でぐち
ですから,ですから
鉄,てつ
手伝,てつだう
鉄道,てつどう
テニス,てにす
では,では
デパート,でぱーと
手袋,てぶくろ
でも,でも
寺,てら
照,てらす
照,てる
出,でる
テレビ,てれび
点,てん
天気,てんき
電気,でんき
電車,でんしゃ
天井,てんじょう
電燈,でんとう
天皇,てんのう
電報,でんぽう
電話,でんわ
戸,と
度,ど
ドア,どあ
問,とい
党,とう
如何,どう
どういたしまして,どういたしまして
どうか,どうか
道具,どうぐ
同時,どうじ
どうして,どうして
どうしても,どうしても
同情,どうじょう
当然,とうぜん
どうぞ,どうぞ
到着,とうちゃく
到頭,とうとう
動物,どうぶつ
どうも,どうも
東洋,とうよう
道路,どうろ
十,とお
遠,とおい
十日,とおか
遠,とおく
通,とおす
通,とおり
通,とおる
都会,とかい
時,とき
時々,ときとぎ
解,とく
読書,どくしょ
特徴,とくちょう
独特,どくとく
特,とくに
特別,とくべつ
独立,どくりつ
時計,とけい
とける,とける
何処,どこ
どこか,どこか
所,ところ
ところが,ところが
ところで,ところで
年,とし
図書館,としょかん
年寄,としより
閉,とじる
戸棚,とだな
土地,とち
途中,とちゅう
突然,とつぜん
とても,とても
届,とどく
届,とどける
どなた,どなた
隣,となり
とにかく,とにかく
どの,どの
飛,とぶ
トマト,とまと
とまる,とまる
とめる,とめる
友達,ともだち
鳥,とり
取換,とりかえる
努力,どりょく
とる,とる
どれ,どれ
泥棒,どろぼう
どんどん,どんどん
どんな,どんな
無,ない
ナイフ,ないふ
内容,ないよう
なお,なお
なおす,なおす
なおる,なおる
中,なか
長,ながい
長,ながさ
流,ながす
なかなか,なかなか
仲間,なかま
眺,ながめる
流,ながれる
なく,なく
無,なくす
無,なくなる
投,なげる
なさる,なさる
なぜ,なぜ
夏,なつ
懐,なつかしい
七,なな
七,ななつ
斜,ななめ
何,なにか
鍋,なべ
生,なま
名前,なまえ
波,なみ
涙,なみだ
滑,なめらか
悩,なやむ
ならう,ならう
並,ならぶ
並,ならべる
なる,なる
なるべく,なるべく
成程,なるほど
慣,なれる
なんて,なんて
二,に
兄,にいさん
匂,におい
匂,におう
苦,にがい
賑,にぎやか
握,にぎる
肉,にく
にくい,にくい
憎,にくむ
逃,にげる
にこにこ,にこにこ
西,にし
日記,にっき
日光,にっこう
日本語,にほんご
日本人,にほんじん
荷物,にもつ
入学,にゅうがく
ニュース,にゅーす
似,にる
庭,にわ
鶏,にわとり
人気,にんき
人形,にんぎょう
人間,にんげん
縫,ぬう
抜,ぬく
脱,ぬぐ
盗,ぬすむ
塗,ぬる
ぬるい,ぬるい
濡,ぬれる
ね,ね
姉,ねえさん
願,ねがい
願,ねがう
ネクタイ,ねくたい
猫,ねこ
値段,ねだん
熱,ねつ
熱心,ねっしん
眠,ねむい
眠,ねむる
寝,ねる
燃料,ねんりょう
野,の
農業,のうぎょう
能力,のうりょく
ノート,のーと
残,のこす
残,のこる
乗,のせる
望,のぞむ
後,のち
喉,のど
のばす,のばす
のびる,のびる
述,のべる
上,のぼり
のぼる,のぼる
飲物,のみもの
飲,のむ
糊,のり
乗換,のりかえる
乗物,のりもの
乗,のる
刃,は
場合,ばあい
灰,はい
倍,ばい
入,はいる
生,はえる
墓,はか
馬鹿,ばか
葉書,はがき
はかる,はかる
履,はく
拍手,はくしゅ
激,はげしい
箱,はこ
運,はこぶ
鋏,はさみ
はさむ,はさむ
端,はし
恥,はじ
始,はじまる
はじめ,はじめ
はじめて,はじめて
始,はじめる
場所,ばしょ
柱,はしら
走,はしる
はず,はず
バス,ばす
恥,はずかしい
はずす,はずす
旗,はた
ハダー,はだー
裸,はだか
畑,はたけ
二十,はたち
働,はたらく
八,はち
発音,はつおん
二十日,はつか
はっきり,はっきり
発見,はっけん
発行,はっこう
発達,はったつ
発展,はってん
発表,はっぴょう
発明,はつめい
派手,はで
花,はな
話,はなし
話,はなす
はなれる,はなれる
はね,はね
母,はは
幅,はば
嵌,はめる
場面,ばめん
はやい,はやい
林,はやし
流行,はやる
腹,はら
払,はらう
針,はり
春,はる
晴,はれ
晴,はれる
晩,ばん
パン,ぱん
範囲,はんい
ハンカチ,はんかち
番組,ばんぐみ
番号,ばんごう
反対,はんたい
判断,はんだん
番地,ばんち
半分,はんぶん
日,ひ
ピアノ,ぴあの
ビール,びーる
冷,ひえる
比較,ひかく
東,ひがし
光,ひかり
光,ひかる
抽斗,ひきだし
引,ひく
低,ひくい
髭,ひげ
飛行機,ひこうき
膝,ひざ
久,ひさしぶり
美術,びじゅつ
非常,ひじょう
左,ひだり
びっくり,びっくり
日付,ひづけ
引越,ひっこす
引張,ひっぱる
必要,ひつよう
否定,ひてい
人,ひと
ひどい,ひどい
人柄,ひとがら
等,ひとしい
一,ひとつ
ひとり,ひとり
皮膚,ひふ
暇,ひま
紐,ひも
百,ひゃく
冷,ひやす
表,ひょう
費用,ひよう
秒,びょう
病院,びょういん
病気,びょうき
表現,ひょうげん
表紙,ひょうし
表情,ひょうじょう
平等,びょうどう
病人,びょうにん
評判,ひょうばん
平仮名,ひらがな
開,ひらく
昼,ひる
昼間,ひるま
広,ひろい
拾,ひろう
広,ひろがる
広,ひろげる
瓶,びん
貧乏,びんぼう
不安,ふあん
風,ふう
封筒,ふうとう
夫婦,ふうふ
ふえる,ふえる
深,ふかい
吹,ふく
複雑,ふくざつ
服装,ふくそう
含,ふくむ
袋,ふくろ
不幸,ふこう
無事,ぶじ
不思議,ふしぎ
部首,ぶしゅ
婦人,ふじん
防,ふせぐ
不足,ふそく
蓋,ふた
豚,ぶた
二,ふたつ
二人,ふたり
不断,ふだん
普通,ふつう
二日,ふつか
仏教,ぶっきょう
物理,ぶつり
太,ふとい
太,ふとる
蒲団,ふとん
船,ふね
部分,ぶぶん
不便,ふべん
踏,ふむ
冬,ふゆ
振,ふる
古,ふるい
風呂,ふろ
分,ふん
分,ぶん
文化,ぶんか
文学,ぶんがく
文章,ぶんしょう
文体,ぶんたい
文法,ぶんぽう
塀,へい
平気,へいき
平均,へいきん
平和,へいわ
ページ,ぺーじ
下手,へた
別,べつ
ベット,べっと
部屋,へや
減,へる
ベル,べる
辺,へん
ペン,ぺん
勉強,べんきょう
返事,へんじ
編集,へんしゅう
便所,べんじょ
弁当,べんとう
便利,べんり
母音,ぼいん
方,ほう
棒,ぼう
貿易,ぼうえき
方向,ほうこう
報告,ほうこく
帽子,ぼうし
方針,ほうしん
放送,ほうそう
法則,ほうそく
方法,ほうほう
方々,ほうぼう
方面,ほうめん
訪問,ほうもん
法律,ほうりつ
ボールペン,ぼーるぺん
外,ほか
僕,ぼく
ポケット,ぽけっと
埃,ほこり
星,ほし
欲,ほしい
募集,ぼしゅう
干,ほす
細,ほそい
保存,ほぞん
ボタン,ぼたん
ホテル,ほてる
程,ほど
仏,ほとけ
殆,ほとんど
骨,ほね
頬,ほほ
誉,ほめる
ほら,ほら
掘,ほる
本,ほん
ほんの,ほんの
翻訳,ほんやく
ぼんやり,ぼんやり
まあ,まあ
毎朝,まいあさ
毎週,まいしゅう
毎月,まいつき
毎日,まいにち
毎年,まいねん
毎晩,まいばん
参,まいる
前,まえ
曲,まがる
巻,まく
枕,まくら
負,まける
曲,まげる
孫,まご
真面目,まじめ
まじる,まじる
先,まず
まずい,まずい
貧,まずしい
ますます,ますます
まぜる,まぜる
又,また
未,まだ
又,または
町,まち
間違,まちがい
間違,まちがう
間違,まちがえる
松,まつ
真直,まっすぐ
全,まったく
マッチ,まっち
祭,まつり
窓,まど
纒,まとめる
間合,まにあう
真似,まね
招,まねく
豆,まめ
守,まもる
迷,まよう
丸,まる
丸,まるい
まるで,まるで
回,まわす
回,まわり
回,まわる
万,まん
満員,まんいん
満足,まんぞく
真中,まんなか
万年筆,まんねんひつ
実,み
見,みえる
見送,みおくり
磨,みがく
味方,みかた
蜜柑,みかん
右,みぎ
短,みじかい
水,みず
湖,みずうみ
店,みせ
見,みせる
味噌,みそ
道,みち
三日,みっか
見付,みつかる
見付,みつける
三,みっつ
認,みとめる
緑,みどり
港,みなと
南,みなみ
身分,みぶん
見舞,みまい
耳,みみ
土産,みやげ
未来,みらい
ミリ,みり
魅力,みりょく
みる,みる
ミルク,みるく
六日,むいか
向,むかう
迎,むかえる
昔,むかし
麦,むぎ
向,むく
向,むける
向,むこう
虫,むし
蒸暑,むしあつい
寧,むしろ
難,むずかしい
息子,むすこ
結,むすぶ
娘,むすめ
無駄,むだ
夢中,むちゅう
六,むっつ
胸,むね
村,むら
紫,むらさき
無理,むり
め,め
命令,めいれい
迷惑,めいわく
メートル,めーとる
眼鏡,めがね
召上,めしあがる
珍,めずらしい
めでたい,めでたい
綿,めん
面会,めんかい
面倒,めんどう
もう,もう
申,もうす
毛布,もうふ
燃,もえる
目的,もくてき
若,もし
もしもし,もしもし
用,もちいる
勿論,もちろん
持,もつ
もっと,もっと
尤,もっとも
元,もと
求,もとめる
戻,もどる
もの,もの
模様,もよう
貰,もらう
森,もり
漏,もれる
門,もん
問題,もんだい
八百屋,やおや
やがて,やがて
やかましい,やかましい
野球,やきゅう
焼,やく
役所,やくしょ
約束,やくそく
焼,やける
野菜,やさい
易,やさしい
養,やしなう
やすい,やすい
休,やすみ
休,やすむ
痩,やせる
八,やっつ
やっと,やっと
雇,やとう
屋根,やね
破,やぶる
やぶれる,やぶれる
山,やま
止,やむ
止,やめる
遣,やる
やわらか いな,やわらかいな
湯,ゆ
夕方,ゆうがた
勇気,ゆうき
友情,ゆうじょう
夕食,ゆうしょく
郵便,ゆうびん
郵便局,ゆうびんきょく
夕,ゆうべ
有名,ゆうめい
床,ゆか
愉快,ゆかい
雪,ゆき
輸出,ゆしゅつ
ゆっくり,ゆっくり
茹,ゆでる
輸入,ゆにゅう
指,ゆび
指輪,ゆびわ
夢,ゆめ
緩,ゆるい
許,ゆるす
揺,ゆれる
夜,よ
酔,よう
用意,ようい
八日,ようか
要求,ようきゅう
用事,ようじ
用心,ようじん
様子,ようす
幼稚園,ようちえん
洋服,ようふく
ようやく,ようやく
よく,よく
避,よける
横,よこ
汚,よごす
汚,よごれる
予算,よさん
よそ,よそ
予想,よそう
四日,よっか
四,よっつ
予定,よてい
夜中,よなか
呼,よぶ
予防,よぼう
読,よむ
夜,よる
喜,よろこぶ
よろしい,よろしい
弱,よわい
四,よん
来月,らいげつ
来週,らいしゅう
来年,らいねん
楽,らく
ラジオ,らじお
乱暴,らんぼう
利益,りえき
理解,りかい
陸,りく
利巧,りこう
理想,りそう
利息,りそく
立派,りっぱ
理由,りゆう
留学,りゅうがく
流行,りゅうこう
量,りょう
利用,りよう
料金,りょうきん
両親,りょうしん
両方,りょうほう
料理,りょうり
旅館,りょかん
旅行,りょこう
理論,りろん
りんご,りんご
留守,るす
礼,れい
例外,れいがい
礼儀,れいぎ
歴史,れきし
列,れつ
恋愛,れんあい
練習,れんしゅう
連絡,れんらく
廊下,ろうか
老人,ろうじん
労働,ろうどう
字,ろーまじ
六,ろく
録音,ろくおん
論文,ろんぶん
ワイシャツ,わいしゃつ
若,わかい
沸,わかす
わがまま,わがまま
分,わかる
わかれる,わかれる
わく,わく
訳,わけ
分,わける
わざわざ,わざわざ
わずか,わずか
忘物,わすれもの
忘,わすれる
綿,わた
話題,わだい
私達,わたしたち
渡,わたす
渡,わたる
笑,わらう
わりあい に,わりあいに
割,わる
悪,わるい
割,われる
我々,われわれ
これら,これら
どちら,どちら
いつごろ,いつごろ
ごと,ごと
これまで,これまで
あす,あす
なんべん,なんべん
なのか,なのか
キロメートル,きろめーとる
センチメートル,せんちめーとる
ミリメートル,みりめーとる
キログラム,きろぐらむ
たち,たち
まで,まで
だけ,だけ
ばかり,ばかり
このかた,このかた
そのかた,そのかた
あのかた,あのかた
ばあさん,ばあさん
おかあさまさん,かあ
おじいさん,おじいさん
おばあさん,おばあさん
そばや,そばや
バター,ばたー
ベッド,べっど
インキ,いんき
インク,いんく
ほのお,ほのお
すすき,すすき
ちょうちょう,ちょうちょう
れ,れ
られ,られ
かぶり,かぶり
まじり,まじり
まぜ,まぜ
あり,あり
ございまし,ございまし
おり,おり
いらっしゃり,いらっしゃり
いり,いり
わき,わき
なくなり,なくなり
なくし,なくし
はずし,はずし
そろい,そろい
そろえ,そろえ
でき,でき
こわし,こわし
こみ,こみ
なおり,なおり
なおし,なおし
しまい,しまい
やみ,やみ
やめ,やめ
かたづけ,かたづけ
まわし,まわし
すわり,すわり
ころび,ころび
はめ,はめ
ひっこし,ひっこし
すべり,すべり
はやり,はやり
はいり,はいり
いれ,いれ
もれ,もれ
おろし,おろし
まとめ,まとめ
あけ,あけ
つなぎ,つなぎ
しばり,しばり
さわり,さわり
たたき,たたき
ひっぱり,ひっぱり
こすり,こすり
こわれ,こわれ
つぶれ,つぶれ
くずれ,くずれ
むき,むき
たまり,たまり
いたみ,いたみ
おこり,おこり
あわて,あわて
かわいがり,かわいがり
がんばり,がんばり
あきらめ,あきらめ
ならい,ならい
おぼえ,おぼえ
わかり,わかり
ためし,ためし
計測量,はかり
きまり,きまり
きめ,きめ
おっしゃり,おっしゃり
しゃべり,しゃべり
だまり,だまり
かせぎ,かせぎ
はき,はき
つかまえ,つかまえ
つかみ,つかみ
され,され
させられ,させられ
させ,させ
やり,やり
なさり,なさり
いたし,いたし
ことわり,ことわり
よけ,よけ
やとい,やとい
あやまり,あやまり
ほめ,ほめ
しかり,しかり
だまし,だまし
くれ,くれ
くださり,くださり
もらい,もらい
いただき,いただき
よごれ,よごれ
よごし,よごし
ゆで,ゆで
やせ,やせ
くさり,くさり
おも,おも
ちゃん,ちゃん
きちん,きちん
みたい,みたい
らし,らし
まま,まま
な,な
やさし,やさし
やす,やす
むずかし,むずかし
おかし,おかし
よろし,よろし
いけな,いけな
あぶな,あぶな
ひど,ひど
じき,じき
こまか,こまか
これだけ,これだけ
それだけ,それだけ
みんな,みんな
これくらい,これくらい
これほど,これほど
それほど,それほど
ずっ,ずっ
あまり,あまり
かゆ,かゆ
つまらな,つまらな
さびし,さびし
こわ,こわ
ありがた,ありがた
なつかし,なつかし
うらやまし,うらやまし
かわい,かわい
かわいらし,かわいらし
うるさ,うるさ
やかまし,やかまし
めでた,めでた
ずる,ずる
おとなし,おとなし
きびし,きびし
おいし,おいし
ばかりか,ばかりか
ただし,ただし
やはり,やはり
さすが,さすが
たとい,たとい
いいえ,いいえ
さよなら,さよなら
さようなら,さようなら
お,お
