サトウ,さとう
スズキ,すずき
タカハシ,たかはし
タナカ,たなか
イトウ,いとう
ワタナベ,わたなべ
ヤマモト,やまもと
ナカムラ,なかむら
コバヤシ,こばやし
カトウ,かとう
ヨシダ,よしだ
ヤマダ,やまだ
ササキ,ささき
ヤマグチ,やまぐち
マツモト,まつもと
イノウエ,いのうえ
キムラ,きむら
ハヤシ,はやし
サイトウ,さいとう
シミズ,しみず
ヤマザキ,やまざき
モリ,もり
イケダ,いけだ
ハシモト,はしもと
アベ,あべ
イシカワ,いしかわ
ヤマシタ,やました
ナカジマ,なかじま
イシイ,いしい
オガワ,おがわ
マエダ,まえだ
オカダ,おかだ
ハセガワ,はせがわ
フジタ,ふじた
ゴトウ,ごとう
コンドウ,こんどう
ムラカミ,むらかみ
エンドウ,えんどう
アオキ,あおき
サカモト,さかもと
フクダ,ふくだ
オオタ,おおた
ニシムラ,にしむら
フジイ,ふじい
オカモト,おかもと
フジワラ,ふじわら
キンス,きんす
ミウラ,みうら
ナカノ,なかの
ナカガワ,なかがわ
ハラダ,はらだ
マツダ,まつだ
タケウチ,たけうち
オノ,おの
タムラ,たむら
ナカヤマ,なかやま
ワダ,わだ
イシダ,いしだ
モリタ,もりた
ウエダ,うえだ
ハラ,はら
ウチダ,うちだ
シバタ,しばた
サカイ,さかい
ミヤザキ,みやざき
ヨコヤマ,よこやま
タカギ,たかぎ
アンドウ,あんどう
ミヤモト,みやもと
オオノ,おおの
コジマ,こじま
クドウ,くどう
タニグチ,たにぐち
イマイ,いまい
タカダ,たかだ
マスダ,ますだ
マルヤマ,まるやま
スギヤマ,すぎやま
ムラタ,むらた
オオツカ,おおつか
アライ,あらい
トウホン,とうほん
コヤマ,こやま
ヘイヤ,へいや
コウノ,こうの
ウエノ,うえの
タケダ,たけだ
ノグチ,のぐち
マツイ,まつい
チバ,ちば
スガワラ,すがわら
イワサキ,いわさき
クボ,くぼ
キノシタ,きのした
サノ,さの
ノムラ,のむら
マツオ,まつお
キクチ,きくち
スギモト,すぎもと
イチカワ,いちかわ
フルカワ,ふるかわ
オオニシ,おおにし
シマダ,しまだ
ミズノ,みずの
サクライ,さくらい
ワタベ,わたべ
コウヤ,こうや
ヨシカワ,よしかわ
ヤマウチ,やまうち
ニシダ,にしだ
イイダ,いいだ
コマツ,こまつ
ニシカワ,にしかわ
キタムラ,きたむら
ヤスダ,やすだ
イガラシ,いがらし
カワグチ,かわぐち
ヒラタ,ひらた
セキ,せき
ナカダ,なかだ
クボタ,くぼた
ヒガシ,ひがし
ハットリ,はっとり
イワタ,いわた
カワサキ,かわさき
ツチヤ,つちや
フクシマ,ふくしま
ホンダ,ほんだ
ヒグチ,ひぐち
ツジ,つじ
アキヤマ,あきやま
タグチ,たぐち
ナガイ,ながい
サンチュウ,さんちゅう
ナカニシ,なかにし
ヨシムラ,よしむら
カワカミ,かわかみ
マツオカ,まつおか
ハマダ,はまだ
オオハシ,おおはし
イシハラ,いしはら
ババ,ばば
モリモト,もりもと
ヤノ,やの
マツシタ,まつした
アサノ,あさの
ホシノ,ほしの
ヨシオカ,よしおか
オオクボ,おおくぼ
コイケ,こいけ
ノダ,のだ
アラキ,あらき
マツウラ,まつうら
クマガイ,くまがい
オオタニ,おおたに
ナイトウ,ないとう
クロダ,くろだ
オザキ,おざき
モチヅキ,もちづき
カワムラ,かわむら
ナガタ,ながた
マツムラ,まつむら
ホリ,ほり
タナベ,たなべ
スガノ,すがの
オオシマ,おおしま
ヒライ,ひらい
ニシヤマ,にしやま
ハヤカワ,はやかわ
クリハラ,くりはら
ヒロセ,ひろせ
ヨコタ,よこた
イシバシ,いしばし
イワモト,いわもと
ハギワラ,はぎわら
カタヤマ,かたやま
セキグチ,せきぐち
ミヤタ,みやた
オオイシ,おおいし
ホンマ,ほんま
コウザン,こうざん
スドウ,すどう
ヨシノ,よしの
オカザキ,おかざき
オダ,おだ
カマタ,かまた
ウエハラ,うえはら
シノハラ,しのはら
コニシ,こにし
マツバラ,まつばら
フクイ,ふくい
コガ,こが
オオモリ,おおもり
ナリタ,なりた
コイズミ,こいずみ
ミナミ,みなみ
オクムラ,おくむら
ウチヤマ,うちやま
ミヤケ,みやけ
クワバラ,くわばら
サワダ,さわだ
オカ,おか
カワシマ,かわしま
カタオカ,かたおか
トミタ,とみた
オクダ,おくだ
ヤギ,やぎ
スギウラ,すぎうら
マツナガ,まつなが
キタガワ,きたがわ
オザワ,おざわ
セキネ,せきね
ヒラヤマ,ひらやま
ボクヤ,ぼくや
カワイ,かわい
シロイシ,しろいし
イマムラ,いまむら
テラダ,てらだ
アオヤマ,あおやま
ナカオ,なかお
オグラ,おぐら
シブヤ,しぶや
ウエムラ,うえむら
オノデラ,おのでら
オオヤマ,おおやま
オカムラ,おかむら
サカグチ,さかぐち
アダチ,あだち
タダ,ただ
アマノ,あまの
コンポン,こんぽん
サクマ,さくま
トヨダ,とよだ
ムラヤマ,むらやま
ツノダ,つのだ
イイヅカ,いいづか
タジマ,たじま
ニシ,にし
ムトウ,むとう
ミヤシタ,みやした
シライ,しらい
ツカモト,つかもと
コダマ,こだま
サカタ,さかた
エノモト,えのもと
ミズタニ,みずたに
カミヤ,かみや
オハラ,おはら
オガサワラ,おがさわら
オカベ,おかべ
モリシタ,もりした
アサイ,あさい
カンダ,かんだ
ナカイ,なかい
マエカワ,まえかわ
ミヤガワ,みやがわ
イナガキ,いながき
オオカワ,おおかわ
マツザキ,まつざき
オサダ,おさだ
ワカバヤシ,わかばやし
イイジマ,いいじま
タニ,たに
オオサワ,おおさわ
イシツカ,いしつか
オイカワ,おいかわ
ホリウチ,ほりうち
タシロ,たしろ
ヤマネ,やまね
エグチ,えぐち
ナカヤ,なかや
キシモト,きしもと
アラカワ,あらかわ
ニシオ,にしお
モリヤマ,もりやま
コンノ,こんの
ホソカワ,ほそかわ
オカノ,おかの
カナイ,かない
トダ,とだ
イナバ,いなば
ツダ,つだ
モリカワ,もりかわ
ドイ,どい
ホシ,ほし
オチアイ,おちあい
ムラマツ,むらまつ
ハタケヤマ,はたけやま
ミカミ,みかみ
マチダ,まちだ
ナガオ,ながお
イワイ,いわい
ナカハラ,なかはら
ツツミ,つつみ
ノザキ,のざき
ナカザワ,なかざわ
ヨネダ,よねだ
カネダ,かねだ
マツヤマ,まつやま
ホッタ,ほった
ミヨシ,みよし
スギタ,すぎた
ニシノ,にしの
サエキ,さえき
ヤマギシ,やまぎし
ニシオカ,にしおか
クロカワ,くろかわ
イズミ,いずみ
カイ,かい
オオタケ,おおたけ
カサハラ,かさはら
クロキ,くろき
トクナガ,とくなが
ホリエ,ほりえ
タイボク,たいぼく
カワタ,かわた
キシ,きし
スダ,すだ
ヤマカワ,やまかわ
フルタ,ふるた
シンデン,しんでん
ウメダ,うめだ
ミキ,みき
ノナカ,のなか
サカキバラ,さかきばら
ムライ,むらい
オクヤマ,おくやま
ツチダ,つちだ
オオシロ,おおしろ
タキザワ,たきざわ
オオムラ,おおむら
キンジョウ,きんじょう
カワバタ,かわばた
イグチ,いぐち
カジワラ,かじわら
オオバ,おおば
ミヤギ,みやぎ
ヨシワラ,よしわら
カナザワ,かなざわ
ナガシマ,ながしま
ミヤウチ,みやうち
ヤスイ,やすい
ショウジ,しょうじ
オオウチ,おおうち
ヒガ,ひが
モギ,もぎ
ヒダカ,ひだか
ムカイ,むかい
マツシマ,まつしま
シモダ,しもだ
ニシモト,にしもと
オギノ,おぎの
ツカダ,つかだ
オクノ,おくの
タケナカ,たけなか
イシグロ,いしぐろ
ヒロタ,ひろた
フジカワ,ふじかわ
シマタ,しまた
フクモト,ふくもと
クリタ,くりた
キタノ,きたの
カワラ,かわら
ウノ,うの
タニガワ,たにがわ
コタニ,こたに
フジノ,ふじの
ヨシモト,よしもと
ニワ,にわ
フジオカ,ふじおか
タケシタ,たけした
タケモト,たけもと
アオヤギ,あおやぎ
オガタ,おがた
フルヤ,ふるや
フジムラ,ふじむら
ヒラカワ,ひらかわ
カメイ,かめい
タカシマ,たかしま
サンリン,さんりん
フジサワ,ふじさわ
シノザキ,しのざき
ミヤハラ,みやはら
タカイ,たかい
シモムラ,しもむら
タカセ,たかせ
サンソン,さんそん
ネギシ,ねぎし
カワモト,かわもと
ヤナギサワ,やなぎさわ
デグチ,でぐち
ヨコイ,よこい
コモリ,こもり
ヨシザワ,よしざわ
タケイ,たけい
ナガノ,ながの
タケムラ,たけむら
ミヤザワ,みやざわ
ヒラマツ,ひらまつ
フクオカ,ふくおか
クロサワ,くろさわ
シムラ,しむら
ミゾグチ,みぞぐち
ウスイ,うすい
タワラ,たわら
イナダ,いなだ
アサダ,あさだ
ツツイ,つつい
ヤナギダ,やなぎだ
オオハラ,おおはら
ハヤシダ,はやしだ
オオヒラ,おおひら
フクナガ,ふくなが
セト,せと
イリエ,いりえ
テヅカ,てづか
キタハラ,きたはら
シノダ,しのだ
トミナガ,とみなが
ユアサ,ゆあさ
ツルタ,つるた
コイデ,こいで
ヌマタ,ぬまた
ナガオカ,ながおか
ヤジマ,やじま
タカマツ,たかまつ
ヤマオカ,やまおか
ホリグチ,ほりぐち
イワセ,いわせ
オオツキ,おおつき
イシヤマ,いしやま
イシザキ,いしざき
イケガミ,いけがみ
ソウマ,そうま
ホリカワ,ほりかわ
ニノミヤ,にのみや
ソノダ,そのだ
ヒラオカ,ひらおか
カシワギ,かしわぎ
ハナダ,はなだ
シマザキ,しまざき
スギハラ,すぎはら
カワノ,かわの
カノウ,かのう
ムラセ,むらせ
ナガサワ,ながさわ
カタギリ,かたぎり
ウチウミ,うちうみ
オチ,おち
クラタ,くらた
ノザワ,のざわ
フクハラ,ふくはら
ニシハラ,にしはら
マツノ,まつの
カサイ,かさい
アキモト,あきもと
コサカ,こさか
タハタ,たはた
タニモト,たにもと
センダ,せんだ
ヒノ,ひの
ヨシイ,よしい
キタジマ,きたじま
フカザワ,ふかざわ
ニシザワ,にしざわ
アイザワ,あいざわ
トクダ,とくだ
ハラグチ,はらぐち
シンタニ,しんたに
タガミ,たがみ
コヤナギ,こやなぎ
スゲ,すげ
ヨネヤマ,よねやま
ホソヤ,ほそや
モリオカ,もりおか
イマイズミ,いまいずみ
ハマノ,はまの
ハタナカ,はたなか
ハガ,はが
イソベ,いそべ
オオイ,おおい
アキタ,あきた
オオサキ,おおさき
ウエキ,うえき
シラカワ,しらかわ
ツボイ,つぼい
ナカモト,なかもと
ミナガワ,みながわ
センケン,せんけん
アイハラ,あいはら
ホソダ,ほそだ
オギワラ,おぎわら
ミタニ,みたに
フクヤマ,ふくやま
キシダ,きしだ
ハマグチ,はまぐち
ツジモト,つじもと
オオトモ,おおとも
ハタケ,はたけ
キハラ,きはら
カワセ,かわせ
ヒラバヤシ,ひらばやし
エンデン,えんでん
カワチ,かわち
シマムラ,しまむら
エンザン,えんざん
オオツボ,おおつぼ
カミヤマ,かみやま
ナンバ,なんば
ミツイ,みつい
ナカザト,なかざと
ミツハシ,みつはし
イワシタ,いわした
クリヤマ,くりやま
イデ,いで
マツカワ,まつかわ
ヨシナガ,よしなが
ハヤサカ,はやさか
カワハタ,かわはた
サタケ,さたけ
カワダ,かわだ
カメヤマ,かめやま
ハマザキ,はまざき
アサクラ,あさくら
タチバナ,たちばな
ヤナギ,やなぎ
クサノ,くさの
ホリイ,ほりい
ホサカ,ほさか
ムラオカ,むらおか
シガ,しが
ハンダ,はんだ
コウムラ,こうむら
ワカマツ,わかまつ
コミヤ,こみや
カリノ,かりの
スイジョウ,すいじょう
オオツ,おおつ
タカオカ,たかおか
ナカネ,なかね
カメダ,かめだ
タテイシ,たていし
タカヤナギ,たかやなぎ
シバザキ,しばざき
イチムラ,いちむら
セガワ,せがわ
サントウ,さんとう
テラシマ,てらしま
ナラ,なら
アラガキ,あらがき
セイノ,せいの
マナベ,まなべ
ナイヤ,ないや
ヒラ,ひら
タマイ,たまい
ミズグチ,みずぐち
フジサキ,ふじさき
キウチ,きうち
ウエマツ,うえまつ
クノ,くの
エトウ,えとう
シンドウ,しんどう
ハシグチ,はしぐち
オオヌマ,おおぬま
タマキ,たまき
タカミ,たかみ
フカヤ,ふかや
テラモト,てらもと
モリヤ,もりや
ミヤジ,みやじ
コウモト,こうもと
フジモリ,ふじもり
スガヤ,すがや
モウリ,もうり
ナミキ,なみき
アリマ,ありま
ダイコウ,だいこう
ミヤジマ,みやじま
ゲザン,げざん
アリダ,ありだ
ナス,なす
コウゲン,こうげん
ヤベ,やべ
イチハラ,いちはら
イシワタ,いしわた
イノ,いの
トリイ,とりい
キタヤマ,きたやま
セキヤ,せきや
サカシタ,さかした
イタガキ,いたがき
マツザワ,まつざわ
ノガミ,のがみ
マエハラ,まえはら
マキ,まき
ミハラ,みはら
サカガミ,さかがみ
リッカ,りっか
タザキ,たざき
イワサ,いわさ
マツキ,まつき
ヒラオ,ひらお
トヤマ,とやま
タカオ,たかお
ハセ,はせ
ナルセ,なるせ
ソメヤ,そめや
コムロ,こむろ
ミタ,みた
タキモト,たきもと
ナガセ,ながせ
ウサミ,うさみ
ノモト,のもと
コデラ,こでら
イタクラ,いたくら
ヤマシロ,やましろ
アキバ,あきば
ツカハラ,つかはら
タカサキ,たかさき
カドワキ,かどわき
イシガキ,いしがき
タキグチ,たきぐち
ウミノ,うみの
イダ,いだ
サンヤ,さんや
ハセベ,はせべ
オオクラ,おおくら
シン,しん
エザキ,えざき
タカナシ,たかなし
マサキ,まさき
イマダ,いまだ
シイナ,しいな
アイカワ,あいかわ
ヒラツカ,ひらつか
オク,おく
コセキ,こせき
シシド,ししど
シマ,しま
ツヅキ,つづき
イワナガ,いわなが
フジキ,ふじき
ニシタニ,にしたに
キダ,きだ
ホソイ,ほそい
ホリコシ,ほりこし
エガワ,えがわ
コスギ,こすぎ
カナヤ,かなや
イシマル,いしまる
キンザン,きんざん
ナガヤマ,ながやま
タガワ,たがわ
スワ,すわ
イヌイ,いぬい
カナモリ,かなもり
シモカワ,しもかわ
クロイワ,くろいわ
トガシ,とがし
ホソノ,ほその
オバタ,おばた
フセ,ふせ
スギムラ,すぎむら
キタダ,きただ
サンジョウ,さんじょう
オオヌキ,おおぬき
オオクマ,おおくま
ノハラ,のはら
ウメハラ,うめはら
イシモト,いしもと
トシマ,としま
ヨネザワ,よねざわ
オノダ,おのだ
スエナガ,すえなが
アカマツ,あかまつ
ミヤワキ,みやわき
アクツ,あくつ
オオヤ,おおや
ミヤノ,みやの
フルサワ,ふるさわ
シマブクロ,しまぶくろ
イマニシ,いまにし
シオヤ,しおや
クラモチ,くらもち
スイデン,すいでん
カザマ,かざま
モトハシ,もとはし
アソウ,あそう
カガワ,かがわ
スガヌマ,すがぬま
イクタ,いくた
キタ,きた
カドタ,かどた
イガワ,いがわ
ニシグチ,にしぐち
オオワダ,おおわだ
タイラ,たいら
ナカバヤシ,なかばやし
コクボ,こくぼ
ウメモト,うめもと
スガ,すが
ウラタ,うらた
サガワ,さがわ
トミオカ,とみおか
イワブチ,いわぶち
ハマモト,はまもと
イワマ,いわま
オオタキ,おおたき
エビハラ,えびはら
ドバシ,どばし
モクホン,もくほん
クサカ,くさか
カワベ,かわべ
ヤグチ,やぐち
スギノ,すぎの
キド,きど
ハタノ,はたの
カネマル,かねまる
スナガワ,すながわ
ナガサキ,ながさき
ハネダ,はねだ
メグロ,めぐろ
コヌマ,こぬま
タチカワ,たちかわ
ヒラサワ,ひらさわ
モリワキ,もりわき
ヨダ,よだ
ハクチョウ,はくちょう
サナダ,さなだ
アサカワ,あさかわ
アマミヤ,あまみや
イタバシ,いたばし
ヤマガタ,やまがた
カゲヤマ,かげやま
イシザカ,いしざか
カンザキ,かんざき
オオハタ,おおはた
フカダ,ふかだ
テラオ,てらお
ソネ,そね
ヤダ,やだ
ミエダ,みえだ
タカクラ,たかくら
キタザワ,きたざわ
ハシヅメ,はしづめ
カツマタ,かつまた
アカギ,あかぎ
ウダガワ,うだがわ
キヨタ,きよた
ウメツ,うめつ
タンノ,たんの
ウツノミヤ,うつのみや
ヤナガワ,やながわ
オノエ,おのえ
アシダ,あしだ
セオ,せお
イワキ,いわき
ジンノ,じんの
エハラ,えはら
ヨコオ,よこお
ツルオカ,つるおか
イケウチ,いけうち
ヤナギハラ,やなぎはら
サカノ,さかの
クリバヤシ,くりばやし
ニシワキ,にしわき
クメ,くめ
ソウデン,そうでん
カド,かど
ユウキ,ゆうき
カワニシ,かわにし
ヒビノ,ひびの
モリグチ,もりぐち
ニシジマ,にしじま
コボリ,こぼり
ウメムラ,うめむら
ウエスギ,うえすぎ
トビタ,とびた
ウラノ,うらの
テシマ,てしま
イハラ,いはら
シュドウ,しゅどう
コスゲ,こすげ
アカサカ,あかさか
タバタ,たばた
タマオキ,たまおき
アオノ,あおの
ヨガワ,よがわ
カシワラ,かしわら
オダカ,おだか
オオバヤシ,おおばやし
ミズシマ,みずしま
ゴウダ,ごうだ
アサヌマ,あさぬま
ウメザワ,うめざわ
タケハラ,たけはら
ツノタニ,つのたに
ミヤサカ,みやさか
ワキタ,わきた
アリガ,ありが
シダ,しだ
モトムラ,もとむら
イケモト,いけもと
ミサワ,みさわ
シバヤマ,しばやま
シマズ,しまず
アカシ,あかし
シュンジツ,しゅんじつ
イケヤ,いけや
ミヤザト,みやざと
オオシタ,おおした
ヤマト,やまと
カツタ,かつた
タキガワ,たきがわ
カセ,かせ
ナカツカ,なかつか
クスノキ,くすのき
マエジマ,まえじま
アイダ,あいだ
カキヌマ,かきぬま
トツカ,とつか
オンダ,おんだ
ソガ,そが
ササガワ,ささがわ
タニムラ,たにむら
カワゴシ,かわごし
マエノ,まえの
コクブ,こくぶ
イシノ,いしの
フルヤマ,ふるやま
クスモト,くすもと
ヨシザキ,よしざき
イソノ,いその
シラキ,しらき
ササグリ,ささぐり
スガイ,すがい
ノジマ,のじま
バンドウ,ばんどう
ナツメ,なつめ
オカヤマ,おかやま
クサカベ,くさかべ
ウチムラ,うちむら
イモト,いもと
クマダ,くまだ
ハナオカ,はなおか
タカハタ,たかはた
イシクラ,いしくら
オキ,おき
ナカ,なか
タブチ,たぶち
タキ,たき
モチダ,もちだ
クラモト,くらもと
スエキチ,すえきち
コウベ,こうべ
フクチ,ふくち
ハマ,はま
タドコロ,たどころ
キトウ,きとう
オキタ,おきた
シオミ,しおみ
ワカヤマ,わかやま
モリイ,もりい
クロサキ,くろさき
ハッタ,はった
テラサワ,てらさわ
サワイ,さわい
モリナガ,もりなが
シゲマツ,しげまつ
オオウラ,おおうら
ホンザン,ほんざん
タカヤ,たかや
テラニシ,てらにし
ムラキ,むらき
オオタカ,おおたか
イムラ,いむら
シゲタ,しげた
タシリ,たしり
イマ,いま
シンセイ,しんせい
カスヤ,かすや
ナガサカ,ながさか
ナンブ,なんぶ
ヒラガ,ひらが
キクタ,きくた
タマダ,たまだ
ウカイ,うかい
ヨネクラ,よねくら
テラオカ,てらおか
オカジマ,おかじま
イソザキ,いそざき
イワタニ,いわたに
イノマタ,いのまた
クマクラ,くまくら
ササワラ,ささわら
サクラダ,さくらだ
マスイ,ますい
ノロ,のろ
チネン,ちねん
ウジイエ,うじいえ
フルハシ,ふるはし
オオゼキ,おおぜき
ナガハマ,ながはま
トミサワ,とみさわ
オマタ,おまた
コグチ,こぐち
コダイラ,こだいら
ゴミ,ごみ
コグレ,こぐれ
カワゾエ,かわぞえ
マキタ,まきた
ニイムラ,にいむら
カジタ,かじた
ニシイ,にしい
ニシウラ,にしうら
シタジ,したじ
ヤスナガ,やすなが
ヒラモト,ひらもと
イワムラ,いわむら
ヤナセ,やなせ
マルタ,まるた
カノ,かの
クラハシ,くらはし
ハナイ,はない
オオコシ,おおこし
ナガヌマ,ながぬま
イマガワ,いまがわ
カシマ,かしま
スギサキ,すぎさき
ツジムラ,つじむら
ツカコシ,つかこし
コミネ,こみね
テラサキ,てらさき
マツヤ,まつや
フジシマ,ふじしま
モモセ,ももせ
アガツマ,あがつま
フタビン,ふたびん
ヤスカワ,やすかわ
テライ,てらい
ジナイ,じない
ミナト,みなと
シンボ,しんぼ
カンバラ,かんばら
アカバネ,あかばね
トモ,とも
カワナ,かわな
ダテ,だて
フルイチ,ふるいち
マスコ,ますこ
ホンゴウ,ほんごう
タキタ,たきた
ウラ,うら
シナガワ,しながわ
シノヅカ,しのづか
トウノ,とうの
ムロイ,むろい
イシザワ,いしざわ
トイ,とい
クマサワ,くまさわ
マノ,まの
ノマ,のま
グンシ,ぐんし
カネ,かね
ヘイゲン,へいげん
マトバ,まとば
ナカオカ,なかおか
スナガ,すなが
カタノ,かたの
エダ,えだ
ムラコシ,むらこし
エガシラ,えがしら
シンカワ,しんかわ
ムラジュウ,むらじゅう
オオミヤ,おおみや
ジンボ,じんぼ
フジヤマ,ふじやま
テルイ,てるい
ナグモ,なぐも
アツミ,あつみ
アンザイ,あんざい
ナガトモ,ながとも
サカ,さか
ノジリ,のじり
オオイワ,おおいわ
キンバラ,きんばら
ヒサダ,ひさだ
ユカワ,ゆかわ
スミタ,すみた
ヤスハラ,やすはら
アカイ,あかい
ヒロカワ,ひろかわ
モリシマ,もりしま
クリモト,くりもと
タカス,たかす
ヤブキ,やぶき
マスヤマ,ますやま
オオカワラ,おおかわら
カコウ,かこう
マツハシ,まつはし
フシミ,ふしみ
オヤマダ,おやまだ
アリムラ,ありむら
フナコシ,ふなこし
イシオカ,いしおか
シオザキ,しおざき
カジ,かじ
ツムラ,つむら
キタオカ,きたおか
マシコ,ましこ
ツボタ,つぼた
サガラ,さがら
カネノ,かねの
カミオカ,かみおか
イシムラ,いしむら
タカツ,たかつ
ヨシミ,よしみ
セキモト,せきもと
ナカモリ,なかもり
ニシモリ,にしもり
フジタニ,ふじたに
ヤザキ,やざき
イソガイ,いそがい
ミドリガワ,みどりがわ
ハッカン,はっかん
タニダ,たにだ
フジマキ,ふじまき
クワノ,くわの
イナムラ,いなむら
カジヤマ,かじやま
フクシ,ふくし
タカサカ,たかさか
カキウチ,かきうち
タカサワ,たかさわ
ヤマワキ,やまわき
ナカソネ,なかそね
セキノ,せきの
モリサキ,もりさき
ハマナカ,はまなか
オゼキ,おぜき
ミズモト,みずもと
コムラ,こむら
チュウドウ,ちゅうどう
タナハシ,たなはし
ウシジマ,うしじま
スミヨシ,すみよし
マツバヤシ,まつばやし
ユモト,ゆもと
タニウチ,たにうち
ニソン,にそん
サコダ,さこだ
テルヤ,てるや
サカキ,さかき
コミヤマ,こみやま
コタケ,こたけ
フナキ,ふなき
タマカワ,たまかわ
ヒガシヤマ,ひがしやま
カキザキ,かきざき
ミ,み
カガ,かが
カキモト,かきもと
シオノ,しおの
ツバキ,つばき
イイムラ,いいむら
シオザワ,しおざわ
ニイミ,にいみ
マルオカ,まるおか
オオサカ,おおさか
ウメキ,うめき
アカツカ,あかつか
ツルミ,つるみ
ヨシタケ,よしたけ
エツカワ,えつかわ
タザワ,たざわ
ヤザワ,やざわ
タカモリ,たかもり
ゲヤ,げや
キヨハラ,きよはら
カラサワ,からさわ
コマイ,こまい
コバシ,こばし
コウヤマ,こうやま
イザワ,いざわ
サワ,さわ
サンビン,さんびん
ヒラマ,ひらま
サメジマ,さめじま
キジマ,きじま
ウダ,うだ
ツヂイ,つぢい
タカスギ,たかすぎ
ハラシマ,はらしま
チクリン,ちくりん
カワウチ,かわうち
タカバヤシ,たかばやし
ヒキタ,ひきた
ニシザキ,にしざき
ナクラ,なくら
イソダ,いそだ
イワサワ,いわさわ
ササモト,ささもと
ハチマン,はちまん
ハナワ,はなわ
イヌカイ,いぬかい
フクザワ,ふくざわ
ハトリ,はとり
カモ,かも
ヨネヤ,よねや
ヒライシ,ひらいし
ハカマダ,はかまだ
カツヤマ,かつやま
ナルミ,なるみ
シマモト,しまもと
ニシガキ,にしがき
ツシマ,つしま
モリノ,もりの
カナモト,かなもと
ナガヤ,ながや
ジョウチ,じょうち
ムラオ,むらお
フナバシ,ふなばし
イワハシ,いわはし
ムラモト,むらもと
ウラカワ,うらかわ
ヤマウラ,やまうら
シロ,しろ
キダニ,きだに
サワムラ,さわむら
ニイサト,にいさと
ワカスギ,わかすぎ
コグマ,こぐま
カツラ,かつら
カミ,かみ
オダジマ,おだじま
オオスギ,おおすぎ
チョウ,ちょう
アカホリ,あかほり
ハヤセ,はやせ
ヨコミゾ,よこみぞ
シバ,しば
イセ,いせ
オサナイ,おさない
ソエダ,そえだ
カワマタ,かわまた
トキタ,ときた
イシゲ,いしげ
シロマ,しろま
タカツカ,たかつか
ナガミネ,ながみね
ミヤムラ,みやむら
イタヤ,いたや
フカガワ,ふかがわ
セリザワ,せりざわ
タカク,たかく
タケヤマ,たけやま
ホシナ,ほしな
ヤナイ,やない
トリウミ,とりうみ
マルオ,まるお
オオサコ,おおさこ
マツバ,まつば
ナオイ,なおい
イイヌマ,いいぬま
ヒライワ,ひらいわ
ナガマツ,ながまつ
ヨネムラ,よねむら
タニヤマ,たにやま
トクヤマ,とくやま
サンコク,さんこく
シオカワ,しおかわ
クニイ,くにい
オオガミ,おおがみ
タケシマ,たけしま
ヤスオカ,やすおか
イド,いど
キリヤマ,きりやま
ミズコシ,みずこし
シンジョウ,しんじょう
ベップ,べっぷ
クロセ,くろせ
ヤマジ,やまじ
カンバヤシ,かんばやし
ツクダ,つくだ
オバマ,おばま
ツゲ,つげ
オオスガ,おおすが
イカリ,いかり
アカマ,あかま
コウダ,こうだ
ヒナタ,ひなた
イワノ,いわの
ヤスエ,やすえ
タケノウチ,たけのうち
クマノ,くまの
フクドメ,ふくどめ
イコマ,いこま
オオイズミ,おおいずみ
ヤギヌマ,やぎぬま
オオコウチ,おおこうち
ヒラシマ,ひらしま
イワミ,いわみ
ワキ,わき
アオシマ,あおしま
スザキ,すざき
ムラカワ,むらかわ
フジ,ふじ
シンヤマ,しんやま
フジエ,ふじえ
トリゴエ,とりごえ
サルワタリ,さるわたり
ソウダ,そうだ
クマモト,くまもと
イシガミ,いしがみ
ウエニシ,うえにし
ヤマニシ,やまにし
カミオ,かみお
ナカヒラ,なかひら
ナトリ,なとり
フカミ,ふかみ
アカミネ,あかみね
ウエジマ,うえじま
サキヤマ,さきやま
ヤハギ,やはぎ
カマクラ,かまくら
ヒョウドウ,ひょうどう
コマツザキ,こまつざき
コヅカ,こづか
シュウゾウ,しゅうぞう
ワタヌキ,わたぬき
スナダ,すなだ
イワキリ,いわきり
ハルタ,はるた
ナガエ,ながえ
スミ,すみ
アキヨシ,あきよし
ヤスモト,やすもと
シオハラ,しおはら
ニイクラ,にいくら
タケヤ,たけや
ハギノ,はぎの
マツザカ,まつざか
サクラバ,さくらば
オニズカ,おにずか
アラヤ,あらや
イシツ,いしつ
セキカワ,せきかわ
ヒラキ,ひらき
カジタニ,かじたに
ソノベ,そのべ
イチハシ,いちはし
フナハシ,ふなはし
マシタ,ました
ヒルタ,ひるた
ヒロオカ,ひろおか
フジエダ,ふじえだ
タケガワ,たけがわ
マセ,ませ
オカバヤシ,おかばやし
ニカイドウ,にかいどう
トキ,とき
オオオカ,おおおか
イケノ,いけの
カガヤ,かがや
タケザワ,たけざわ
イソ,いそ
サハラ,さはら
イソムラ,いそむら
イチノセ,いちのせ
クロス,くろす
ヒガシダ,ひがしだ
トバ,とば
カワジリ,かわじり
トモダ,ともだ
キシノ,きしの
タツミ,たつみ
セイケ,せいけ
オオミ,おおみ
ソエジマ,そえじま
タイガ,たいが
モトキ,もとき
ムラノ,むらの
ワキザカ,わきざか
オオホリ,おおほり
タカイシ,たかいし
マブチ,まぶち
イヌヅカ,いぬづか
ナカゾノ,なかぞの
フナツ,ふなつ
トムラ,とむら
キクガワ,きくがわ
ホリオ,ほりお
ヨネカワ,よねかわ
イサカ,いさか
ホシカワ,ほしかわ
ヨシマツ,よしまつ
サヤマ,さやま
スヤマ,すやま
オクタニ,おくたに
タガ,たが
オオサト,おおさと
ヨシナリ,よしなり
アリヨシ,ありよし
タニオカ,たにおか
ワカツキ,わかつき
タマル,たまる
カジカワ,かじかわ
ツボウチ,つぼうち
オダギリ,おだぎり
カメヤ,かめや
ツジノ,つじの
カタクラ,かたくら
ホウジョウ,ほうじょう
キタグチ,きたぐち
ヒオキ,ひおき
スギタニ,すぎたに
カワキタ,かわきた
ミヤタケ,みやたけ
オオモト,おおもと
サンチ,さんち
エモト,えもと
エビサワ,えびさわ
アカザワ,あかざわ
ドカタ,どかた
イナミ,いなみ
ハルヤマ,はるやま
シバハラ,しばはら
ダイモン,だいもん
オオワキ,おおわき
ヒロサワ,ひろさわ
ホリベ,ほりべ
カネコ,かねこ
トヤ,とや
オカヤス,おかやす
サタ,さた
アリモト,ありもと
フジクラ,ふじくら
ミノワ,みのわ
タケイシ,たけいし
カタヒラ,かたひら
アリ,あり
シダラ,しだら
ミヤオ,みやお
ヤシマ,やしま
ヒメノ,ひめの
サイケン,さいけん
タヤマ,たやま
スエヒロ,すえひろ
タサカ,たさか
アカオ,あかお
ソガベ,そがべ
オギソ,おぎそ
アカイシ,あかいし
テラヤマ,てらやま
マミヤ,まみや
キタウラ,きたうら
ナカゴミ,なかごみ
ツジダ,つじだ
フカツ,ふかつ
セトグチ,せとぐち
イトイ,いとい
ムタ,むた
マカベ,まかべ
コウジョウ,こうじょう
コマツバラ,こまつばら
イセキ,いせき
ワカイ,わかい
サクタ,さくた
ヨコウチ,よこうち
ナカエ,なかえ
タカガキ,たかがき
スギエ,すぎえ
トリヤマ,とりやま
フルノ,ふるの
クニヨシ,くによし
スエマツ,すえまつ
ハンザワ,はんざわ
スエツグ,すえつぐ
キラ,きら
タカミヤ,たかみや
カネカワ,かねかわ
ツユキ,つゆき
フジマ,ふじま
カワツ,かわつ
クサマ,くさま
シンキョ,しんきょ
ヒビ,ひび
フタミ,ふたみ
アサヒ,あさひ
オクハラ,おくはら
ミネ,みね
スミノ,すみの
カミジョウ,かみじょう
タカラ,たから
ウメノ,うめの
ハシダ,はしだ
イワガミ,いわがみ
フジヒラ,ふじひら
シモダイラ,しもだいら
アリカワ,ありかわ
シンザン,しんざん
シロタ,しろた
ナガヨシ,ながよし
サカネ,さかね
ヤマムロ,やまむろ
カトリ,かとり
ワシオ,わしお
タイ,たい
ノサカ,のさか
エジリ,えじり
イナガワ,いながわ
ハヤノ,はやの
ハヤミ,はやみ
ヒサマツ,ひさまつ
オダワラ,おだわら
オリハラ,おりはら
シラツチ,しらつち
サトミ,さとみ
オキノ,おきの
ニシデ,にしで
サセ,させ
カミサカ,かみさか
キリュウ,きりゅう
イシモリ,いしもり
イケナガ,いけなが
シナダ,しなだ
サワグチ,さわぐち
ヤエガシ,やえがし
イケハラ,いけはら
ナベシマ,なべしま
ショウダ,しょうだ
ヒシヌマ,ひしぬま
イワクラ,いわくら
ニシオリ,にしおり
ナカザキ,なかざき
カツキ,かつき
ミヤマエ,みやまえ
ヘミ,へみ
ユダ,ゆだ
ミヤベ,みやべ
ササダ,ささだ
イズミヤ,いずみや
イマオカ,いまおか
クマザキ,くまざき
サカマキ,さかまき
シロイワ,しろいわ
フジシロ,ふじしろ
コシバ,こしば
エジマ,えじま
フチガミ,ふちがみ
ミヤナガ,みやなが
キミジマ,きみじま
ユザワ,ゆざわ
シマノ,しまの
ニシナ,にしな
タテノ,たての
ダイドウ,だいどう
モンマ,もんま
キヤマ,きやま
オノヅカ,おのづか
ヤマギワ,やまぎわ
ササオカ,ささおか
ホンジョウ,ほんじょう
ナリサワ,なりさわ
イイオ,いいお
タカクワ,たかくわ
ナカセ,なかせ
マツフジ,まつふじ
ミヤオカ,みやおか
カワクボ,かわくぼ
デンヤ,でんや
サンカク,さんかく
キザキ,きざき
ノセ,のせ
イシジマ,いしじま
ノノムラ,ののむら
ヤナギモト,やなぎもと
ナカガキ,なかがき
アオタ,あおた
ウメザキ,うめざき
アカイケ,あかいけ
マタヨシ,またよし
キタバヤシ,きたばやし
フクムラ,ふくむら
コグロ,こぐろ
スゲタ,すげた
スミダ,すみだ
アサオカ,あさおか
セキド,せきど
キモト,きもと
ハニュウ,はにゅう
モロオカ,もろおか
カシワザキ,かしわざき
フナヤマ,ふなやま
アサリ,あさり
センナミ,せんなみ
マツマル,まつまる
クスダ,くすだ
ツクイ,つくい
イサ,いさ
ウラガミ,うらがみ
イタミ,いたみ
コセ,こせ
ハチダイ,はちだい
シホウ,しほう
ユサ,ゆさ
イッコ,いっこ
ミゾカミ,みぞかみ
ササイ,ささい
キタオ,きたお
ナガタニ,ながたに
ワカサ,わかさ
ニイヅマ,にいづま
グシカタ,ぐしかた
タンジ,たんじ
チュウゲン,ちゅうげん
ヤマキ,やまき
ナカハシ,なかはし
オオハマ,おおはま
トガワ,とがわ
ヤマゾエ,やまぞえ
ミト,みと
イノセ,いのせ
オオガキ,おおがき
マツクラ,まつくら
フカセ,ふかせ
トコロ,ところ
クワヤマ,くわやま
ハマシマ,はましま
アヤベ,あやべ
スギオカ,すぎおか
ヒヤマ,ひやま
ベッショ,べっしょ
イッショク,いっしょく
ハルナ,はるな
トキワ,ときわ
カツノ,かつの
ホヅミ,ほづみ
ネズ,ねず
キシカワ,きしかわ
ノト,のと
カサマツ,かさまつ
オオグシ,おおぐし
クガ,くが
アナン,あなん
タテヤマ,たてやま
イガ,いが
オクイ,おくい
ウチカワ,うちかわ
タケノ,たけの
ヒコサカ,ひこさか
ヒキチ,ひきち
タヌマ,たぬま
カミカワ,かみかわ
ムロタ,むろた
オクダイラ,おくだいら
ミネギシ,みねぎし
キタモト,きたもと
コマキ,こまき
コウゴ,こうご
タベ,たべ
アラマキ,あらまき
オシダ,おしだ
ユギ,ゆぎ
エノキ,えのき
アサヒナ,あさひな
スギモリ,すぎもり
コバヤカワ,こばやかわ
アカガワ,あかがわ
ウリウ,うりう
シイバ,しいば
ヤマナ,やまな
イワオ,いわお
ウラヤマ,うらやま
ハサマ,はさま
アシザワ,あしざわ
モロハシ,もろはし
イシタニ,いしたに
コマダ,こまだ
アンポ,あんぽ
ウシダ,うしだ
キタイ,きたい
ヨシズミ,よしずみ
カネミツ,かねみつ
イイヤマ,いいやま
ヒヨシ,ひよし
コクホン,こくほん
カシワ,かしわ
ヤナカ,やなか
マエザワ,まえざわ
ジモン,じもん
ミヤイ,みやい
クルス,くるす
ニイノ,にいの
サクラギ,さくらぎ
クシダ,くしだ
ウイ,うい
カジモト,かじもと
マジマ,まじま
タベイ,たべい
ツガワ,つがわ
スケガワ,すけがわ
キバ,きば
リ,り
ゲンヤ,げんや
ヤナギヤ,やなぎや
ウルシバラ,うるしばら
クワナ,くわな
ヒシダ,ひしだ
ナカジョウ,なかじょう
シンカイ,しんかい
ナカマ,なかま
ウツギ,うつぎ
ヒワタリ,ひわたり
クマキ,くまき
キヨカワ,きよかわ
スギ,すぎ
タニザキ,たにざき
ウチボリ,うちぼり
タミヤ,たみや
ナカツジ,なかつじ
タニノ,たにの
ハシバ,はしば
ヤスノ,やすの
カメオカ,かめおか
ヨコザワ,よこざわ
ホリノウチ,ほりのうち
シラハマ,しらはま
アオイ,あおい
ヤマノウチ,やまのうち
ナカガミ,なかがみ
イマエダ,いまえだ
ヨネモト,よねもと
イマツ,いまつ
ニキ,にき
サカウチ,さかうち
ワタビキ,わたびき
キノ,きの
ヒライデ,ひらいで
タカヤス,たかやす
アラタ,あらた
ウエタケ,うえたけ
サワノ,さわの
ハスミ,はすみ
コヤノ,こやの
フジナガ,ふじなが
オオマチ,おおまち
イズミダ,いずみだ
フカノ,ふかの
ヤマゴエ,やまごえ
ホリモト,ほりもと
ニヒラ,にひら
ナカツ,なかつ
フカワ,ふかわ
ナカハタ,なかはた
ヤマベ,やまべ
アワノ,あわの
オオスミ,おおすみ
カツベ,かつべ
ゴンダ,ごんだ
モリナイ,もりない
ヒロイ,ひろい
フナダ,ふなだ
オオイデ,おおいで
キハタ,きはた
ヒガシダニ,ひがしだに
ミヤグチ,みやぐち
ワクイ,わくい
トウゴウ,とうごう
マツダイラ,まつだいら
トウジョウ,とうじょう
イチノ,いちの
スズムラ,すずむら
ミズオチ,みずおち
タカハマ,たかはま
オクモト,おくもと
チハラ,ちはら
ミズムラ,みずむら
ヒルマ,ひるま
カチ,かち
タガシラ,たがしら
ツノ,つの
チュウジョウ,ちゅうじょう
ヤナギシタ,やなぎした
サカベ,さかべ
ムコウダ,むこうだ
オヌキ,おぬき
チノ,ちの
カワギシ,かわぎし
ヒゴ,ひご
ダイトウ,だいとう
ミヤ,みや
タケモリ,たけもり
ウシヤマ,うしやま
ヒタ,ひた
ササヤマ,ささやま
ササ,ささ
イウチ,いうち
マスモト,ますもと
フルホン,ふるほん
コボク,こぼく
シンボリ,しんぼり
マツミヤ,まつみや
ミタムラ,みたむら
サイキ,さいき
ウスダ,うすだ
イチダ,いちだ
ドウカ,どうか
ウオズミ,うおずみ
ミナミノ,みなみの
オオフジ,おおふじ
ハチタニ,はちたに
ヤカタ,やかた
アレ,あれ
ウシオ,うしお
カキハラ,かきはら
シロミズ,しろみず
アカボシ,あかぼし
オリタ,おりた
コウタ,こうた
ミノ,みの
マルヤ,まるや
クラシマ,くらしま
ナガハラ,ながはら
マエ,まえ
ハマムラ,はまむら
ヤギュウ,やぎゅう
カク,かく
モロボシ,もろぼし
ノジ,のじ
ハナブサ,はなぶさ
キリハラ,きりはら
フカマチ,ふかまち
カナサキ,かなさき
ウザワ,うざわ
オキモト,おきもと
サカクラ,さかくら
トヨオカ,とよおか
キグチ,きぐち
イフジ,いふじ
ダイコク,だいこく
イワカワ,いわかわ
オオイケ,おおいけ
ヤマモリ,やまもり
テラムラ,てらむら
ヒラヌマ,ひらぬま
コウ,こう
タンゲ,たんげ
ゴンドウ,ごんどう
ヨシヤマ,よしやま
ヨシトミ,よしとみ
ミヤキ,みやき
ヨナミネ,よなみね
イマゼキ,いまぜき
フジオ,ふじお
トクマル,とくまる
ミツモリ,みつもり
テラカワ,てらかわ
オノザワ,おのざわ
コタキ,こたき
シラサキ,しらさき
スイタク,すいたく
トミヤマ,とみやま
タケチ,たけち
キヨミヤ,きよみや
シンケ,しんけ
ヤスタケ,やすたけ
ヤツ,やつ
コウソン,こうそん
ニシウチ,にしうち
イバラキ,いばらき
ハルキ,はるき
タイカ,たいか
ミシマ,みしま
フクサキ,ふくさき
ヤスムラ,やすむら
サガ,さが
サコ,さこ
ワキモト,わきもと
