surface,kana,source_id,reason,notes
"北海道地方","ほっかいどうちほう","estat-region-codes","kana_length_out_of_range",""
"中国地方","ちゅうごくちほう","estat-region-codes","kana_length_out_of_range",""
"九州地方","きゅうしゅうちほう","estat-region-codes","kana_length_out_of_range",""
"札幌大都市圏","さっぽろだいとしけん","estat-region-codes","kana_length_out_of_range",""
"仙台大都市圏","せんだいだいとしけん","estat-region-codes","kana_length_out_of_range",""
"関東大都市圏","かんとうだいとしけん","estat-region-codes","kana_length_out_of_range",""
"新潟大都市圏","にいがただいとしけん","estat-region-codes","kana_length_out_of_range",""
"中京大都市圏","ちゅうきょうだいとしけん","estat-region-codes","kana_length_out_of_range",""
"近畿大都市圏","きんきだいとしけん","estat-region-codes","kana_length_out_of_range",""
"岡山大都市圏","おかやまだいとしけん","estat-region-codes","kana_length_out_of_range",""
"広島大都市圏","ひろしまだいとしけん","estat-region-codes","kana_length_out_of_range",""
"熊本大都市圏","くまもとだいとしけん","estat-region-codes","kana_length_out_of_range",""
"京浜大都市圏","けいひんだいとしけん","estat-region-codes","kana_length_out_of_range",""
"京浜葉大都市圏","けいひんようだいとしけん","estat-region-codes","kana_length_out_of_range",""
"京阪神大都市圏","けいはんしんだいとしけん","estat-region-codes","kana_length_out_of_range",""
"静岡大都市圏","しずおかだいとしけん","estat-region-codes","kana_length_out_of_range",""
"宇都宮都市圏","うつのみやとしけん","estat-region-codes","kana_length_out_of_range",""
"松山都市圏","まつやまとしけん","estat-region-codes","kana_length_out_of_range",""
"鹿児島都市圏","かごしまとしけん","estat-region-codes","kana_length_out_of_range",""
"熊本都市圏","くまもととしけん","estat-region-codes","kana_length_out_of_range",""
"新潟都市圏","にいがたとしけん","estat-region-codes","kana_length_out_of_range",""
"浜松都市圏","はままつとしけん","estat-region-codes","kana_length_out_of_range",""
"岡山都市圏","おかやまとしけん","estat-region-codes","kana_length_out_of_range",""
"仙台都市圏","せんだいとしけん","estat-region-codes","kana_length_out_of_range",""
"広島都市圏","ひろしまとしけん","estat-region-codes","kana_length_out_of_range",""
"北海道市部","ほっかいどうしぶ","estat-region-codes","kana_length_out_of_range",""
"北海道郡部","ほっかいどうぐんぶ","estat-region-codes","kana_length_out_of_range",""
"石狩支庁","いしかりしちょう","estat-region-codes","kana_length_out_of_range",""
"石狩振興局","いしかりしんこうきょく","estat-region-codes","kana_length_out_of_range",""
"渡島総合振興局","おしまそうごうしんこうきょく","estat-region-codes","kana_length_out_of_range",""
"尻岸内町","しりきしないちょう","estat-region-codes","kana_length_out_of_range",""
"南茅部町","みなみかやべちょう","estat-region-codes","kana_length_out_of_range",""
"長万部町","おしゃまんべちょう","estat-region-codes","kana_length_out_of_range",""
"檜山振興局","ひやましんこうきょく","estat-region-codes","kana_length_out_of_range",""
"上ノ国町","かみのくにちょう","estat-region-codes","kana_length_out_of_range",""
"北檜山町","きたひやまちょう","estat-region-codes","kana_length_out_of_range",""
"後志総合振興局","しりべしそうごうしんこうきょく","estat-region-codes","kana_length_out_of_range",""
"後志支庁","しりべししちょう","estat-region-codes","kana_length_out_of_range",""
"黒松内町","くろまつないちょう","estat-region-codes","kana_length_out_of_range",""
"空知総合振興局","そらちそうごうしんこうきょく","estat-region-codes","kana_length_out_of_range",""
"上砂川町","かみすながわちょう","estat-region-codes","kana_length_out_of_range",""
"新十津川町","しんとつかわちょう","estat-region-codes","kana_length_out_of_range",""
"秩父別町","ちっぷべつちょう","estat-region-codes","kana_length_out_of_range",""
"幌加内町","ほろかないちょう","estat-region-codes","kana_length_out_of_range",""
"上川総合振興局","かみかわそうごうしんこうきょく","estat-region-codes","kana_length_out_of_range",""
"上川支庁","かみかわしちょう","estat-region-codes","kana_length_out_of_range",""
"東鷹栖町","ひがしたかすちょう","estat-region-codes","kana_length_out_of_range",""
"東神楽町","ひがしかぐらちょう","estat-region-codes","kana_length_out_of_range",""
"東川町","ひがしかわちょう","estat-region-codes","kana_length_out_of_range",""
"上富良野町","かみふらのちょう","estat-region-codes","kana_length_out_of_range",""
"中富良野町","なかふらのちょう","estat-region-codes","kana_length_out_of_range",""
"南富良野町","みなみふらのちょう","estat-region-codes","kana_length_out_of_range",""
"音威子府村","おといねっぷむら","estat-region-codes","kana_length_out_of_range",""
"留萌振興局","るもいしんこうきょく","estat-region-codes","kana_length_out_of_range",""
"初山別村","しょさんべつむら","estat-region-codes","kana_length_out_of_range",""
"宗谷総合振興局","そうやそうごうしんこうきょく","estat-region-codes","kana_length_out_of_range",""
"浜頓別町","はまとんべつちょう","estat-region-codes","kana_length_out_of_range",""
"中頓別町","なかとんべつちょう","estat-region-codes","kana_length_out_of_range",""
"歌登町","うたのぼりちょう","estat-region-codes","kana_length_out_of_range",""
"東利尻町","ひがしりしりちょう","estat-region-codes","kana_length_out_of_range",""
"利尻富士町","りしりふじちょう","estat-region-codes","kana_length_out_of_range",""
"網走支庁","あばしりしちょう","estat-region-codes","kana_length_out_of_range",""
"オホーツク総合振興局","おほーつくそうごうしんこうきょく","estat-region-codes","kana_length_out_of_range",""
"東藻琴村","ひがしもことむら","estat-region-codes","kana_length_out_of_range",""
"女満別町","めまんべつちょう","estat-region-codes","kana_length_out_of_range",""
"訓子府町","くんねっぷちょう","estat-region-codes","kana_length_out_of_range",""
"生田原町","いくたはらちょう","estat-region-codes","kana_length_out_of_range",""
"丸瀬布町","まるせっぷちょう","estat-region-codes","kana_length_out_of_range",""
"上湧別町","かみゆうべつちょう","estat-region-codes","kana_length_out_of_range",""
"滝上町","たきのうえちょう","estat-region-codes","kana_length_out_of_range",""
"西興部村","にしおこっぺむら","estat-region-codes","kana_length_out_of_range",""
"胆振総合振興局","いぶりそうごうしんこうきょく","estat-region-codes","kana_length_out_of_range",""
"登別町","のぼりべつちょう","estat-region-codes","kana_length_out_of_range",""
"日高振興局","ひだかしんこうきょく","estat-region-codes","kana_length_out_of_range",""
"新冠町","にいかっぷちょう","estat-region-codes","kana_length_out_of_range",""
"幌泉町","ほろいずみちょう","estat-region-codes","kana_length_out_of_range",""
"新ひだか町","しんひだかちょう","estat-region-codes","kana_length_out_of_range",""
"十勝総合振興局","とかちそうごうしんこうきょく","estat-region-codes","kana_length_out_of_range",""
"上士幌町","かみしほろちょう","estat-region-codes","kana_length_out_of_range",""
"中札内村","なかさつないむら","estat-region-codes","kana_length_out_of_range",""
"釧路総合振興局","くしろそうごうしんこうきょく","estat-region-codes","kana_length_out_of_range",""
"根室振興局","ねむろしんこうきょく","estat-region-codes","kana_length_out_of_range",""
"中標津町","なかしべつちょう","estat-region-codes","kana_length_out_of_range",""
"青森県市部","あおもりけんしぶ","estat-region-codes","kana_length_out_of_range",""
"青森県郡部","あおもりけんぐんぶ","estat-region-codes","kana_length_out_of_range",""
"東津軽郡","ひがしつがるぐん","estat-region-codes","kana_length_out_of_range",""
"南津軽郡","みなみつがるぐん","estat-region-codes","kana_length_out_of_range",""
"碇ケ関村","いかりがせきむら","estat-region-codes","kana_length_out_of_range",""
"天間林村","てんまばやしむら","estat-region-codes","kana_length_out_of_range",""
"東通村","ひがしどおりむら","estat-region-codes","kana_length_out_of_range",""
"岩手県郡部","いわてけんぐんぶ","estat-region-codes","kana_length_out_of_range",""
"陸前高田市","りくぜんたかたし","estat-region-codes","kana_length_out_of_range",""
"雫石町","しずくいしちょう","estat-region-codes","kana_length_out_of_range",""
"石鳥谷町","いしどりやちょう","estat-region-codes","kana_length_out_of_range",""
"金ケ崎町","かねがさきちょう","estat-region-codes","kana_length_out_of_range",""
"平泉町","ひらいずみちょう","estat-region-codes","kana_length_out_of_range",""
"東磐井郡","ひがしいわいぐん","estat-region-codes","kana_length_out_of_range",""
"東山町","ひがしやまちょう","estat-region-codes","kana_length_out_of_range",""
"岩泉町","いわいずみちょう","estat-region-codes","kana_length_out_of_range",""
"浄法寺町","じょうぼうじまち","estat-region-codes","kana_length_out_of_range",""
"宮城県郡部","みやぎけんぐんぶ","estat-region-codes","kana_length_out_of_range",""
"東松島市","ひがしまつしまし","estat-region-codes","kana_length_out_of_range",""
"七ヶ宿町","しちかしゅくまち","estat-region-codes","kana_length_out_of_range",""
"三本木町","さんぼんぎちょう","estat-region-codes","kana_length_out_of_range",""
"若柳町","わかやなぎちょう","estat-region-codes","kana_length_out_of_range",""
"一迫町","いちはさまちょう","estat-region-codes","kana_length_out_of_range",""
"鶯沢町","うぐいすざわちょう","estat-region-codes","kana_length_out_of_range",""
"南三陸町","みなみさんりくちょう","estat-region-codes","kana_length_out_of_range",""
"秋田県郡部","あきたけんぐんぶ","estat-region-codes","kana_length_out_of_range",""
"由利本荘市","ゆりほんじょうし","estat-region-codes","kana_length_out_of_range",""
"八幡平村","はちまんたいむら","estat-region-codes","kana_length_out_of_range",""
"南秋田郡","みなみあきたぐん","estat-region-codes","kana_length_out_of_range",""
"八郎潟町","はちろうがたまち","estat-region-codes","kana_length_out_of_range",""
"西仙北町","にしせんぼくまち","estat-region-codes","kana_length_out_of_range",""
"十文字町","じゅうもんじまち","estat-region-codes","kana_length_out_of_range",""
"東成瀬村","ひがしなるせむら","estat-region-codes","kana_length_out_of_range",""
"山形県市部","やまがたけんしぶ","estat-region-codes","kana_length_out_of_range",""
"山形県郡部","やまがたけんぐんぶ","estat-region-codes","kana_length_out_of_range",""
"東村山郡","ひがしむらやまぐん","estat-region-codes","kana_length_out_of_range",""
"西村山郡","にしむらやまぐん","estat-region-codes","kana_length_out_of_range",""
"北村山郡","きたむらやまぐん","estat-region-codes","kana_length_out_of_range",""
"東置賜郡","ひがしおきたまぐん","estat-region-codes","kana_length_out_of_range",""
"西置賜郡","にしおきたまぐん","estat-region-codes","kana_length_out_of_range",""
"東田川郡","ひがしたがわぐん","estat-region-codes","kana_length_out_of_range",""
"福島県市部","ふくしまけんしぶ","estat-region-codes","kana_length_out_of_range",""
"福島県郡部","ふくしまけんぐんぶ","estat-region-codes","kana_length_out_of_range",""
"会津若松市","あいづわかまつし","estat-region-codes","kana_length_out_of_range",""
"南会津郡","みなみあいづぐん","estat-region-codes","kana_length_out_of_range",""
"南会津町","みなみあいづまち","estat-region-codes","kana_length_out_of_range",""
"熱塩加納村","あつしおかのうむら","estat-region-codes","kana_length_out_of_range",""
"北塩原村","きたしおばらむら","estat-region-codes","kana_length_out_of_range",""
"会津坂下町","あいづばんげまち","estat-region-codes","kana_length_out_of_range",""
"会津高田町","あいづたかだまち","estat-region-codes","kana_length_out_of_range",""
"会津本郷町","あいづほんごうまち","estat-region-codes","kana_length_out_of_range",""
"会津美里町","あいづみさとまち","estat-region-codes","kana_length_out_of_range",""
"西白河郡","にししらかわぐん","estat-region-codes","kana_length_out_of_range",""
"東白川郡","ひがししらかわぐん","estat-region-codes","kana_length_out_of_range",""
"茨城県市部","いばらきけんしぶ","estat-region-codes","kana_length_out_of_range",""
"茨城県郡部","いばらきけんぐんぶ","estat-region-codes","kana_length_out_of_range",""
"常陸大宮市","ひたちおおみやし","estat-region-codes","kana_length_out_of_range",""
"東茨城郡","ひがしいばらきぐん","estat-region-codes","kana_length_out_of_range",""
"西茨城郡","にしいばらきぐん","estat-region-codes","kana_length_out_of_range",""
"霞ヶ浦町","かすみがうらまち","estat-region-codes","kana_length_out_of_range",""
"栃木県郡部","とちぎけんぐんぶ","estat-region-codes","kana_length_out_of_range",""
"那須烏山市","なすからすやまし","estat-region-codes","kana_length_out_of_range",""
"南河内町","みなみかわちまち","estat-region-codes","kana_length_out_of_range",""
"南河内村","みなみかわちむら","estat-region-codes","kana_length_out_of_range",""
"群馬県郡部","ぐんまけんぐんぶ","estat-region-codes","kana_length_out_of_range",""
"北橘村","きたたちばなむら","estat-region-codes","kana_length_out_of_range",""
"中之条町","なかのじょうまち","estat-region-codes","kana_length_out_of_range",""
"東吾妻町","ひがしあがつままち","estat-region-codes","kana_length_out_of_range",""
"藪塚本町","やぶづかほんまち","estat-region-codes","kana_length_out_of_range",""
"埼玉県市部","さいたまけんしぶ","estat-region-codes","kana_length_out_of_range",""
"埼玉県郡部","さいたまけんぐんぶ","estat-region-codes","kana_length_out_of_range",""
"東松山市","ひがしまつやまし","estat-region-codes","kana_length_out_of_range",""
"鶴ヶ島町","つるがしまちょう","estat-region-codes","kana_length_out_of_range",""
"東秩父村","ひがしちちぶむら","estat-region-codes","kana_length_out_of_range",""
"北埼玉郡","きたさいたまぐん","estat-region-codes","kana_length_out_of_range",""
"南河原村","みなみかわらむら","estat-region-codes","kana_length_out_of_range",""
"南埼玉郡","みなみさいたまぐん","estat-region-codes","kana_length_out_of_range",""
"北葛飾郡","きたかつしかぐん","estat-region-codes","kana_length_out_of_range",""
"南房総市","みなみぼうそうし","estat-region-codes","kana_length_out_of_range",""
"大網白里市","おおあみしらさとし","estat-region-codes","kana_length_out_of_range",""
"東葛飾郡","ひがしかつしかぐん","estat-region-codes","kana_length_out_of_range",""
"四街道町","よつかいどうまち","estat-region-codes","kana_length_out_of_range",""
"東庄町","とうのしょうまち","estat-region-codes","kana_length_out_of_range",""
"大網白里町","おおあみしらさとまち","estat-region-codes","kana_length_out_of_range",""
"九十九里町","くじゅうくりまち","estat-region-codes","kana_length_out_of_range",""
"横芝光町","よこしばひかりまち","estat-region-codes","kana_length_out_of_range",""
"天津小湊町","あまつこみなとまち","estat-region-codes","kana_length_out_of_range",""
"東京都市部","とうきょうとしぶ","estat-region-codes","kana_length_out_of_range",""
"東京都郡部","とうきょうとぐんぶ","estat-region-codes","kana_length_out_of_range",""
"東村山市","ひがしむらやまし","estat-region-codes","kana_length_out_of_range",""
"武蔵村山市","むさしむらやまし","estat-region-codes","kana_length_out_of_range",""
"西東京市","にしとうきょうし","estat-region-codes","kana_length_out_of_range",""
"大島支庁","おおしましちょう","estat-region-codes","kana_length_out_of_range",""
"新島本村","にいじまほんむら","estat-region-codes","kana_length_out_of_range",""
"八丈支庁","はちじょうしちょう","estat-region-codes","kana_length_out_of_range",""
"小笠原支庁","おがさわらしちょう","estat-region-codes","kana_length_out_of_range",""
"神奈川県市部","かながわけんしぶ","estat-region-codes","kana_length_out_of_range",""
"神奈川県郡部","かながわけんぐんぶ","estat-region-codes","kana_length_out_of_range",""
"南足柄市","みなみあしがらし","estat-region-codes","kana_length_out_of_range",""
"足柄上郡","あしがらかみぐん","estat-region-codes","kana_length_out_of_range",""
"南足柄町","みなみあしがらまち","estat-region-codes","kana_length_out_of_range",""
"足柄下郡","あしがらしもぐん","estat-region-codes","kana_length_out_of_range",""
"新潟県市部","にいがたけんしぶ","estat-region-codes","kana_length_out_of_range",""
"新潟県郡部","にいがたけんぐんぶ","estat-region-codes","kana_length_out_of_range",""
"南魚沼市","みなみうおぬまし","estat-region-codes","kana_length_out_of_range",""
"北蒲原郡","きたかんばらぐん","estat-region-codes","kana_length_out_of_range",""
"中蒲原郡","なかかんばらぐん","estat-region-codes","kana_length_out_of_range",""
"西蒲原郡","にしかんばらぐん","estat-region-codes","kana_length_out_of_range",""
"南蒲原郡","みなみかんばらぐん","estat-region-codes","kana_length_out_of_range",""
"東蒲原郡","ひがしかんばらぐん","estat-region-codes","kana_length_out_of_range",""
"北魚沼郡","きたうおぬまぐん","estat-region-codes","kana_length_out_of_range",""
"南魚沼郡","みなみうおぬまぐん","estat-region-codes","kana_length_out_of_range",""
"中魚沼郡","なかうおぬまぐん","estat-region-codes","kana_length_out_of_range",""
"東頸城郡","ひがしくびきぐん","estat-region-codes","kana_length_out_of_range",""
"妙高高原町","みょうこうこうげんまち","estat-region-codes","kana_length_out_of_range",""
"粟島浦村","あわしまうらむら","estat-region-codes","kana_length_out_of_range",""
"富山県郡部","とやまけんぐんぶ","estat-region-codes","kana_length_out_of_range",""
"上新川郡","かみにいかわぐん","estat-region-codes","kana_length_out_of_range",""
"中新川郡","なかにいかわぐん","estat-region-codes","kana_length_out_of_range",""
"下新川郡","しもにいかわぐん","estat-region-codes","kana_length_out_of_range",""
"東礪波郡","ひがしとなみぐん","estat-region-codes","kana_length_out_of_range",""
"石川県市部","いしかわけんしぶ","estat-region-codes","kana_length_out_of_range",""
"石川県郡部","いしかわけんぐんぶ","estat-region-codes","kana_length_out_of_range",""
"宝達志水町","ほうだつしみずちょう","estat-region-codes","kana_length_out_of_range",""
"福井県郡部","ふくいけんぐんぶ","estat-region-codes","kana_length_out_of_range",""
"永平寺町","えいへいじちょう","estat-region-codes","kana_length_out_of_range",""
"南越前町","みなみえちぜんちょう","estat-region-codes","kana_length_out_of_range",""
"三方上中郡","みかたかみなかぐん","estat-region-codes","kana_length_out_of_range",""
"山梨県市部","やまなしけんしぶ","estat-region-codes","kana_length_out_of_range",""
"山梨県郡部","やまなしけんぐんぶ","estat-region-codes","kana_length_out_of_range",""
"南アルプス市","みなみあるぷすし","estat-region-codes","kana_length_out_of_range",""
"東山梨郡","ひがしやまなしぐん","estat-region-codes","kana_length_out_of_range",""
"東八代郡","ひがしやつしろぐん","estat-region-codes","kana_length_out_of_range",""
"一宮町","いちのみやちょう","estat-region-codes","kana_length_out_of_range",""
"西八代郡","にしやつしろぐん","estat-region-codes","kana_length_out_of_range",""
"上九一色村","かみくいしきむら","estat-region-codes","kana_length_out_of_range",""
"市川大門町","いちかわだいもんちょう","estat-region-codes","kana_length_out_of_range",""
"市川三郷町","いちかわみさとちょう","estat-region-codes","kana_length_out_of_range",""
"鰍沢町","かじかざわちょう","estat-region-codes","kana_length_out_of_range",""
"小淵沢町","こぶちさわちょう","estat-region-codes","kana_length_out_of_range",""
"西桂町","にしかつらちょう","estat-region-codes","kana_length_out_of_range",""
"富士河口湖町","ふじかわぐちこまち","estat-region-codes","kana_length_out_of_range",""
"長野県郡部","ながのけんぐんぶ","estat-region-codes","kana_length_out_of_range",""
"南相木村","みなみあいきむら","estat-region-codes","kana_length_out_of_range",""
"南箕輪村","みなみみのわむら","estat-region-codes","kana_length_out_of_range",""
"南信濃村","みなみしなのむら","estat-region-codes","kana_length_out_of_range",""
"木曽福島町","きそふくしままち","estat-region-codes","kana_length_out_of_range",""
"東筑摩郡","ひがしちくまぐん","estat-region-codes","kana_length_out_of_range",""
"南安曇郡","みなみあづみぐん","estat-region-codes","kana_length_out_of_range",""
"木島平村","きじまだいらむら","estat-region-codes","kana_length_out_of_range",""
"野沢温泉村","のざわおんせんむら","estat-region-codes","kana_length_out_of_range",""
"信州新町","しんしゅうしんまち","estat-region-codes","kana_length_out_of_range",""
"上石津町","かみいしづちょう","estat-region-codes","kana_length_out_of_range",""
"関ケ原町","せきがはらちょう","estat-region-codes","kana_length_out_of_range",""
"奥明方村","おくみょうがたむら","estat-region-codes","kana_length_out_of_range",""
"東白川村","ひがししらかわむら","estat-region-codes","kana_length_out_of_range",""
"上矢作町","かみやはぎちょう","estat-region-codes","kana_length_out_of_range",""
"静岡県市部","しずおかけんしぶ","estat-region-codes","kana_length_out_of_range",""
"静岡県郡部","しずおかけんぐんぶ","estat-region-codes","kana_length_out_of_range",""
"東伊豆町","ひがしいずちょう","estat-region-codes","kana_length_out_of_range",""
"南伊豆町","みなみいずちょう","estat-region-codes","kana_length_out_of_range",""
"伊豆長岡町","いずながおかちょう","estat-region-codes","kana_length_out_of_range",""
"天城湯ケ島町","あまぎゆがしまちょう","estat-region-codes","kana_length_out_of_range",""
"長泉町","ながいずみちょう","estat-region-codes","kana_length_out_of_range",""
"大井川町","おおいがわちょう","estat-region-codes","kana_length_out_of_range",""
"御前崎町","おまえざきちょう","estat-region-codes","kana_length_out_of_range",""
"中川根町","なかかわねちょう","estat-region-codes","kana_length_out_of_range",""
"本川根町","ほんかわねちょう","estat-region-codes","kana_length_out_of_range",""
"川根本町","かわねほんちょう","estat-region-codes","kana_length_out_of_range",""
"愛知県郡部","あいちけんぐんぶ","estat-region-codes","kana_length_out_of_range",""
"東春日井郡","ひがしかすがいぐん","estat-region-codes","kana_length_out_of_range",""
"西春日井郡","にしかすがいぐん","estat-region-codes","kana_length_out_of_range",""
"西枇杷島町","にしびわじまちょう","estat-region-codes","kana_length_out_of_range",""
"十四山村","じゅうしやまむら","estat-region-codes","kana_length_out_of_range",""
"東浦町","ひがしうらちょう","estat-region-codes","kana_length_out_of_range",""
"南知多町","みなみちたちょう","estat-region-codes","kana_length_out_of_range",""
"南設楽郡","みなみしたらぐん","estat-region-codes","kana_length_out_of_range",""
"大内山村","おおうちやまむら","estat-region-codes","kana_length_out_of_range",""
"南伊勢町","みなみいせちょう","estat-region-codes","kana_length_out_of_range",""
"紀伊長島町","きいながしまちょう","estat-region-codes","kana_length_out_of_range",""
"近江八幡市","おうみはちまんし","estat-region-codes","kana_length_out_of_range",""
"永源寺町","えいげんじちょう","estat-region-codes","kana_length_out_of_range",""
"東浅井郡","ひがしあざいぐん","estat-region-codes","kana_length_out_of_range",""
"西浅井町","にしあざいちょう","estat-region-codes","kana_length_out_of_range",""
"新旭町","しんあさひちょう","estat-region-codes","kana_length_out_of_range",""
"京都府郡部","きょうとふぐんぶ","estat-region-codes","kana_length_out_of_range",""
"長岡京市","ながおかきょうし","estat-region-codes","kana_length_out_of_range",""
"大山崎町","おおやまざきちょう","estat-region-codes","kana_length_out_of_range",""
"赤ちゃん鼠","あかちゃんねずみ","ninjal-basic-vocab-2009","kana_length_out_of_range",""
"圧力団体","あつりょくだんたい","ninjal-basic-vocab-2009","kana_length_out_of_range",""
"操り人形","あやつりにんぎょう","ninjal-basic-vocab-2009","kana_length_out_of_range",""
"胃","い","ninjal-basic-vocab-2009","kana_length_out_of_range",""
"違憲法令審査権","いけんほうれいしんさけん","ninjal-basic-vocab-2009","kana_length_out_of_range",""
"一酸化炭素","いっさんかたんそ","ninjal-basic-vocab-2009","kana_length_out_of_range",""
"一生懸命","いっしょうけんめい","ninjal-basic-vocab-2009","kana_length_out_of_range",""
"イントネーション","いんとねーしょん","ninjal-basic-vocab-2009","kana_length_out_of_range",""
"え","え","ninjal-basic-vocab-2009","kana_length_out_of_range",""
"エレベーター係","えれべーたーがかり","ninjal-basic-vocab-2009","kana_length_out_of_range",""
"園長先生","えんちょうせんせい","ninjal-basic-vocab-2009","kana_length_out_of_range",""
"尾","お","ninjal-basic-vocab-2009","kana_length_out_of_range",""
"オーストラリア人","おーすとらりあじん","ninjal-basic-vocab-2009","kana_length_out_of_range",""
"お百姓さん","おひゃくしょうさん","ninjal-basic-vocab-2009","kana_length_out_of_range",""
"火","か","ninjal-basic-vocab-2009","kana_length_out_of_range",""
"蛾","が","ninjal-basic-vocab-2009","kana_length_out_of_range",""
"海外旅行","かいがいりょこう","ninjal-basic-vocab-2009","kana_length_out_of_range",""
"懐中電灯","かいちゅうでんとう","ninjal-basic-vocab-2009","kana_length_out_of_range",""
"海底トンネル","かいていとんねる","ninjal-basic-vocab-2009","kana_length_out_of_range",""
"化学工業","かがくこうぎょう","ninjal-basic-vocab-2009","kana_length_out_of_range",""
"カセットテープレコーダー","かせっとてーぷれこーだー","ninjal-basic-vocab-2009","kana_length_out_of_range",""
"学級活動","がっきゅうかつどう","ninjal-basic-vocab-2009","kana_length_out_of_range",""
"ガラス工場","がらすこうじょう","ninjal-basic-vocab-2009","kana_length_out_of_range",""
"観葉植物","かんようしょくぶつ","ninjal-basic-vocab-2009","kana_length_out_of_range",""
"気","き","ninjal-basic-vocab-2009","kana_length_out_of_range",""
"議員内閣制","ぎいんないかくせい","ninjal-basic-vocab-2009","kana_length_out_of_range",""
"基本的人権","きほんてきじんけん","ninjal-basic-vocab-2009","kana_length_out_of_range",""
"キャンプファイヤー","きゃんぷふぁいやー","ninjal-basic-vocab-2009","kana_length_out_of_range",""
"急行列車","きゅうこうれっしゃ","ninjal-basic-vocab-2009","kana_length_out_of_range",""
"救命ボート","きゅうめいぼーと","ninjal-basic-vocab-2009","kana_length_out_of_range",""
"教育制度","きょういくせいど","ninjal-basic-vocab-2009","kana_length_out_of_range",""
"共同作業","きょうどうさぎょう","ninjal-basic-vocab-2009","kana_length_out_of_range",""
"共同募金","きょうどうぼきん","ninjal-basic-vocab-2009","kana_length_out_of_range",""
"共有結合","きょうゆうけつごう","ninjal-basic-vocab-2009","kana_length_out_of_range",""
"金属工業","きんぞくこうぎょう","ninjal-basic-vocab-2009","kana_length_out_of_range",""
"九","く","ninjal-basic-vocab-2009","kana_length_out_of_range",""
"クアラルンプール","くあらるんぷーる","ninjal-basic-vocab-2009","kana_length_out_of_range",""
"食いしん坊鼠","くいしんぼねずみ","ninjal-basic-vocab-2009","kana_length_out_of_range",""
"グリム兄弟","ぐりむきょうだい","ninjal-basic-vocab-2009","kana_length_out_of_range",""
"クロスワードパズル","くろすわーどぱずる","ninjal-basic-vocab-2009","kana_length_out_of_range",""
"毛","け","ninjal-basic-vocab-2009","kana_length_out_of_range",""
"下","げ","ninjal-basic-vocab-2009","kana_length_out_of_range",""
"経済成長","けいざいせいちょう","ninjal-basic-vocab-2009","kana_length_out_of_range",""
"健康診断","けんこうしんだん","ninjal-basic-vocab-2009","kana_length_out_of_range",""
"建国記念日","けんこくきねんび","ninjal-basic-vocab-2009","kana_length_out_of_range",""
"減数分裂","げんすうぶんれつ","ninjal-basic-vocab-2009","kana_length_out_of_range",""
"現代社会","げんだいしゃかい","ninjal-basic-vocab-2009","kana_length_out_of_range",""
"建築材料","けんちくざいりょう","ninjal-basic-vocab-2009","kana_length_out_of_range",""
"鍵盤ハーモニカ","けんばんはーもにか","ninjal-basic-vocab-2009","kana_length_out_of_range",""
"憲法記念日","けんぽうきねんび","ninjal-basic-vocab-2009","kana_length_out_of_range",""
"権力分立","けんりょくぶんりつ","ninjal-basic-vocab-2009","kana_length_out_of_range",""
"こ","こ","ninjal-basic-vocab-2009","kana_length_out_of_range",""
"五","ご","ninjal-basic-vocab-2009","kana_length_out_of_range",""
"公衆電話","こうしゅうでんわ","ninjal-basic-vocab-2009","kana_length_out_of_range",""
"公衆道徳","こうしゅうどうとく","ninjal-basic-vocab-2009","kana_length_out_of_range",""
"公衆便所","こうしゅうべんじょ","ninjal-basic-vocab-2009","kana_length_out_of_range",""
"校長先生","こうちょうせんせい","ninjal-basic-vocab-2009","kana_length_out_of_range",""
"交通安全","こうつうあんぜん","ninjal-basic-vocab-2009","kana_length_out_of_range",""
"交通標識","こうつうひょうしき","ninjal-basic-vocab-2009","kana_length_out_of_range",""
"皇帝ペンギン","こうていぺんぎん","ninjal-basic-vocab-2009","kana_length_out_of_range",""
"高等学校","こうとうがっこう","ninjal-basic-vocab-2009","kana_length_out_of_range",""
"国際競争力","こくさいきょうそうりょく","ninjal-basic-vocab-2009","kana_length_out_of_range",""
"国民所得","こくみんしょとく","ninjal-basic-vocab-2009","kana_length_out_of_range",""
"国会議事堂","こっかいぎじどう","ninjal-basic-vocab-2009","kana_length_out_of_range",""
"差","さ","ninjal-basic-vocab-2009","kana_length_out_of_range",""
"最高裁判所","さいこうさいばんしょ","ninjal-basic-vocab-2009","kana_length_out_of_range",""
"産業革命","さんぎょうかくめい","ninjal-basic-vocab-2009","kana_length_out_of_range",""
"四","し","ninjal-basic-vocab-2009","kana_length_out_of_range",""
"字","じ","ninjal-basic-vocab-2009","kana_length_out_of_range",""
"ジェット旅客機","じぇっとりょかくき","ninjal-basic-vocab-2009","kana_length_out_of_range",""
"自然環境","しぜんかんきょう","ninjal-basic-vocab-2009","kana_length_out_of_range",""
"自然動物園","しぜんどうぶつえん","ninjal-basic-vocab-2009","kana_length_out_of_range",""
"自動販売機","じどうはんばいき","ninjal-basic-vocab-2009","kana_length_out_of_range",""
"資本主義社会","しほんしゅぎしゃかい","ninjal-basic-vocab-2009","kana_length_out_of_range",""
"者","しゃ","ninjal-basic-vocab-2009","kana_length_out_of_range",""
"ジャンボジェット機","じゃんぼじぇっとき","ninjal-basic-vocab-2009","kana_length_out_of_range",""
"手","しゅ","ninjal-basic-vocab-2009","kana_length_out_of_range",""
"修学旅行","しゅうがくりょこう","ninjal-basic-vocab-2009","kana_length_out_of_range",""
"周期律表","しゅうきりつひょう","ninjal-basic-vocab-2009","kana_length_out_of_range",""
"集合時間","しゅうごうじかん","ninjal-basic-vocab-2009","kana_length_out_of_range",""
"授業参観日","じゅぎょうさんかんび","ninjal-basic-vocab-2009","kana_length_out_of_range",""
"準備運動","じゅんびうんどう","ninjal-basic-vocab-2009","kana_length_out_of_range",""
"諸","しょ","ninjal-basic-vocab-2009","kana_length_out_of_range",""
"しょうがつかいもん","しょうがつかいもん","ninjal-basic-vocab-2009","kana_length_out_of_range",""
"消費生活","しょうひせいかつ","ninjal-basic-vocab-2009","kana_length_out_of_range",""
"消防自動車","しょうぼうじどうしゃ","ninjal-basic-vocab-2009","kana_length_out_of_range",""
"ショーウインドー","しょーういんどー","ninjal-basic-vocab-2009","kana_length_out_of_range",""
"職業集団","しょくぎょうしゅうだん","ninjal-basic-vocab-2009","kana_length_out_of_range",""
"食物連鎖","しょくもつれんさ","ninjal-basic-vocab-2009","kana_length_out_of_range",""
"人工衛星","じんこうえいせい","ninjal-basic-vocab-2009","kana_length_out_of_range",""
"人工呼吸","じんこうこきゅう","ninjal-basic-vocab-2009","kana_length_out_of_range",""
"身体測定","しんたいそくてい","ninjal-basic-vocab-2009","kana_length_out_of_range",""
"巣","す","ninjal-basic-vocab-2009","kana_length_out_of_range",""
"図","ず","ninjal-basic-vocab-2009","kana_length_out_of_range",""
"スーパーマーケット","すーぱーまーけっと","ninjal-basic-vocab-2009","kana_length_out_of_range",""
"ストップウォッチ","すとっぷうぉっち","ninjal-basic-vocab-2009","kana_length_out_of_range",""
"スローモーション","すろーもーしょん","ninjal-basic-vocab-2009","kana_length_out_of_range",""
"背","せ","ninjal-basic-vocab-2009","kana_length_out_of_range",""
"生活水準","せいかつすいじゅん","ninjal-basic-vocab-2009","kana_length_out_of_range",""
"脊椎動物","せきついどうぶつ","ninjal-basic-vocab-2009","kana_length_out_of_range",""
"繊維工業","せんいこうぎょう","ninjal-basic-vocab-2009","kana_length_out_of_range",""
"線膨張率","せんぼうちょうりつ","ninjal-basic-vocab-2009","kana_length_out_of_range",""
"総領事館","そうりょうじかん","ninjal-basic-vocab-2009","kana_length_out_of_range",""
"他","た","ninjal-basic-vocab-2009","kana_length_out_of_range",""
"第一次産業","だいいちじさんぎょう","ninjal-basic-vocab-2009","kana_length_out_of_range",""
"第二次世界大戦","だいにじせかいたいせん","ninjal-basic-vocab-2009","kana_length_out_of_range",""
"大量消費","たいりょうしょうひ","ninjal-basic-vocab-2009","kana_length_out_of_range",""
"地","ち","ninjal-basic-vocab-2009","kana_length_out_of_range",""
"地方公共団体","ちほうこうきょうだんたい","ninjal-basic-vocab-2009","kana_length_out_of_range",""
"茶","ちゃ","ninjal-basic-vocab-2009","kana_length_out_of_range",""
"中小企業","ちゅうしょうきぎょう","ninjal-basic-vocab-2009","kana_length_out_of_range",""
"著","ちょ","ninjal-basic-vocab-2009","kana_length_out_of_range",""
"直角三角形","ちょっかくさんかくけい","ninjal-basic-vocab-2009","kana_length_out_of_range",""
"手","て","ninjal-basic-vocab-2009","kana_length_out_of_range",""
"出","で","ninjal-basic-vocab-2009","kana_length_out_of_range",""
"ティッシュペーパー","てぃっしゅぺーぱー","ninjal-basic-vocab-2009","kana_length_out_of_range",""
"ティファニーちゃん","てぃふぁにーちゃん","ninjal-basic-vocab-2009","kana_length_out_of_range",""
"テープレコーダー","てーぷれこーだー","ninjal-basic-vocab-2009","kana_length_out_of_range",""
"電気機関車","でんききかんしゃ","ninjal-basic-vocab-2009","kana_length_out_of_range",""
"電気力線","でんきりょくせん","ninjal-basic-vocab-2009","kana_length_out_of_range",""
"天皇誕生日","てんのうたんじょうび","ninjal-basic-vocab-2009","kana_length_out_of_range",""
"戸","と","ninjal-basic-vocab-2009","kana_length_out_of_range",""
"土","ど","ninjal-basic-vocab-2009","kana_length_out_of_range",""
"トイレットぺーパー","といれっとぺーぱー","ninjal-basic-vocab-2009","kana_length_out_of_range",""
"透明人間","とうめいにんげん","ninjal-basic-vocab-2009","kana_length_out_of_range",""
"道路標識","どうろひょうしき","ninjal-basic-vocab-2009","kana_length_out_of_range",""
"特急列車","とっきゅうれっしゃ","ninjal-basic-vocab-2009","kana_length_out_of_range",""
"トランジスタラジオ","とらんじすたらじお","ninjal-basic-vocab-2009","kana_length_out_of_range",""
"ドレミファソラシド","どれみふぁそらしど","ninjal-basic-vocab-2009","kana_length_out_of_range",""
"名","な","ninjal-basic-vocab-2009","kana_length_out_of_range",""
"に","に","ninjal-basic-vocab-2009","kana_length_out_of_range",""
"兄ちゃん狐","にいちゃんぎつね","ninjal-basic-vocab-2009","kana_length_out_of_range",""
"日常生活","にちじょうせいかつ","ninjal-basic-vocab-2009","kana_length_out_of_range",""
"二人三脚","ににんさんきゃく","ninjal-basic-vocab-2009","kana_length_out_of_range",""
"日本国憲法","にほんこくけんぽう","ninjal-basic-vocab-2009","kana_length_out_of_range",""
"入学試験","にゅうがくしけん","ninjal-basic-vocab-2009","kana_length_out_of_range",""
"ニュージーランド","にゅーじーらんど","ninjal-basic-vocab-2009","kana_length_out_of_range",""
"人間関係","にんげんかんけい","ninjal-basic-vocab-2009","kana_length_out_of_range",""
"根","ね","ninjal-basic-vocab-2009","kana_length_out_of_range",""
"野","の","ninjal-basic-vocab-2009","kana_length_out_of_range",""
"農業用水","のうぎょうようすい","ninjal-basic-vocab-2009","kana_length_out_of_range",""
"葉","は","ninjal-basic-vocab-2009","kana_length_out_of_range",""
"場","ば","ninjal-basic-vocab-2009","kana_length_out_of_range",""
"バースデーケーキ","ばーすでーけーき","ninjal-basic-vocab-2009","kana_length_out_of_range",""
"バースデースープ","ばーすでーすーぷ","ninjal-basic-vocab-2009","kana_length_out_of_range",""
"廃品回収","はいひんかいしゅう","ninjal-basic-vocab-2009","kana_length_out_of_range",""
"バスケットボール","ばすけっとぼーる","ninjal-basic-vocab-2009","kana_length_out_of_range",""
"パンソンおばさん","ぱんそんおばさん","ninjal-basic-vocab-2009","kana_length_out_of_range",""
"日","ひ","ninjal-basic-vocab-2009","kana_length_out_of_range",""
"美","び","ninjal-basic-vocab-2009","kana_length_out_of_range",""
"ヒマラヤ山脈","ひまらやさんみゃく","ninjal-basic-vocab-2009","kana_length_out_of_range",""
"百メートル走","ひゃくめーとるそう","ninjal-basic-vocab-2009","kana_length_out_of_range",""
"ぴょんぴょんがえる","ぴょんぴょんがえる","ninjal-basic-vocab-2009","kana_length_out_of_range",""
"麩","ふ","ninjal-basic-vocab-2009","kana_length_out_of_range",""
"分","ぶ","ninjal-basic-vocab-2009","kana_length_out_of_range",""
"屁","へ","ninjal-basic-vocab-2009","kana_length_out_of_range",""
"ベルトコンベアー","べるとこんべあー","ninjal-basic-vocab-2009","kana_length_out_of_range",""
"勉強道具","べんきょうどうぐ","ninjal-basic-vocab-2009","kana_length_out_of_range",""
"穂","ほ","ninjal-basic-vocab-2009","kana_length_out_of_range",""
"防災訓練","ぼうさいくんれん","ninjal-basic-vocab-2009","kana_length_out_of_range",""
"歩行者天国","ほこうしゃてんごく","ninjal-basic-vocab-2009","kana_length_out_of_range",""
"北極狐","ほっきょくぎつね","ninjal-basic-vocab-2009","kana_length_out_of_range",""
"間","ま","ninjal-basic-vocab-2009","kana_length_out_of_range",""
"マネキン人形","まねきんにんぎょう","ninjal-basic-vocab-2009","kana_length_out_of_range",""
"マラードおくさん","まらーどおくさん","ninjal-basic-vocab-2009","kana_length_out_of_range",""
"三","み","ninjal-basic-vocab-2009","kana_length_out_of_range",""
"無","む","ninjal-basic-vocab-2009","kana_length_out_of_range",""
"芽","め","ninjal-basic-vocab-2009","kana_length_out_of_range",""
"メリーゴーラウンド","めりーごーらうんど","ninjal-basic-vocab-2009","kana_length_out_of_range",""
"藻","も","ninjal-basic-vocab-2009","kana_length_out_of_range",""
"毛細血管","もうさいけっかん","ninjal-basic-vocab-2009","kana_length_out_of_range",""
"や","や","ninjal-basic-vocab-2009","kana_length_out_of_range",""
"やえもんきかんしゃ","やえもんきかんしゃ","ninjal-basic-vocab-2009","kana_length_out_of_range",""
"山登り人形","やまのぼりにんぎょう","ninjal-basic-vocab-2009","kana_length_out_of_range",""
"湯","ゆ","ninjal-basic-vocab-2009","kana_length_out_of_range",""
"有機化合物","ゆうきかごうぶつ","ninjal-basic-vocab-2009","kana_length_out_of_range",""
"郵便番号","ゆうびんばんごう","ninjal-basic-vocab-2009","kana_length_out_of_range",""
"有料道路","ゆうりょうどうろ","ninjal-basic-vocab-2009","kana_length_out_of_range",""
"夜","よ","ninjal-basic-vocab-2009","kana_length_out_of_range",""
"羊毛工業","ようもうこうぎょう","ninjal-basic-vocab-2009","kana_length_out_of_range",""
"リゼッテおばあちゃん","りぜっておばあちゃん","ninjal-basic-vocab-2009","kana_length_out_of_range",""
"リゼットおばあさん","りぜっとおばあさん","ninjal-basic-vocab-2009","kana_length_out_of_range",""
"緑色植物","りょくしょくしょくぶつ","ninjal-basic-vocab-2009","kana_length_out_of_range",""
"零細経営","れいさいけいえい","ninjal-basic-vocab-2009","kana_length_out_of_range",""
"冷凍食品","れいとうしょくひん","ninjal-basic-vocab-2009","kana_length_out_of_range",""
"レクリエーション","れくりえーしょん","ninjal-basic-vocab-2009","kana_length_out_of_range",""
"レコードプレーヤー","れこーどぷれーやー","ninjal-basic-vocab-2009","kana_length_out_of_range",""
"レントゲン検査","れんとげんけんさ","ninjal-basic-vocab-2009","kana_length_out_of_range",""
"炉","ろ","ninjal-basic-vocab-2009","kana_length_out_of_range",""
"労働組合","ろうどうくみあい","ninjal-basic-vocab-2009","kana_length_out_of_range",""
"労働条件","ろうどうじょうけん","ninjal-basic-vocab-2009","kana_length_out_of_range",""
"わ","わ","ninjal-basic-vocab-2009","kana_length_out_of_range",""
"っ","あ","ninjal-educational-vocab-1984","kana_length_out_of_range",""
"胃","い","ninjal-educational-vocab-1984","kana_length_out_of_range",""
"一生懸命","いっしょうけんめい","ninjal-educational-vocab-1984","kana_length_out_of_range",""
"いらっしゃいませ","いらっしゃいませ","ninjal-educational-vocab-1984","kana_length_out_of_range",""
"絵","え","ninjal-educational-vocab-1984","kana_length_out_of_range",""
"木","き","ninjal-educational-vocab-1984","kana_length_out_of_range",""
"毛","け","ninjal-educational-vocab-1984","kana_length_out_of_range",""
"下","げ","ninjal-educational-vocab-1984","kana_length_out_of_range",""
"子","こ","ninjal-educational-vocab-1984","kana_length_out_of_range",""
"五","ご","ninjal-educational-vocab-1984","kana_length_out_of_range",""
"四","し","ninjal-educational-vocab-1984","kana_length_out_of_range",""
"字","じ","ninjal-educational-vocab-1984","kana_length_out_of_range",""
"図","ず","ninjal-educational-vocab-1984","kana_length_out_of_range",""
"血","ち","ninjal-educational-vocab-1984","kana_length_out_of_range",""
"茶","ちゃ","ninjal-educational-vocab-1984","kana_length_out_of_range",""
"手","て","ninjal-educational-vocab-1984","kana_length_out_of_range",""
"で","で","ninjal-educational-vocab-1984","kana_length_out_of_range",""
"戸","と","ninjal-educational-vocab-1984","kana_length_out_of_range",""
"度","ど","ninjal-educational-vocab-1984","kana_length_out_of_range",""
"どういたしまして","どういたしまして","ninjal-educational-vocab-1984","kana_length_out_of_range",""
"二","に","ninjal-educational-vocab-1984","kana_length_out_of_range",""
"ね","ね","ninjal-educational-vocab-1984","kana_length_out_of_range",""
"野","の","ninjal-educational-vocab-1984","kana_length_out_of_range",""
"刃","は","ninjal-educational-vocab-1984","kana_length_out_of_range",""
"日","ひ","ninjal-educational-vocab-1984","kana_length_out_of_range",""
"実","み","ninjal-educational-vocab-1984","kana_length_out_of_range",""
"め","め","ninjal-educational-vocab-1984","kana_length_out_of_range",""
"湯","ゆ","ninjal-educational-vocab-1984","kana_length_out_of_range",""
"夜","よ","ninjal-educational-vocab-1984","kana_length_out_of_range",""
"れ","れ","ninjal-educational-vocab-1984","kana_length_out_of_range",""
"な","な","ninjal-educational-vocab-1984","kana_length_out_of_range",""
"お","お","ninjal-educational-vocab-1984","kana_length_out_of_range",""
