アーチェリー,あーちぇりー
愛,あい
愛育,あいいく
藍色,あいいろ
愛飲,あいいん
合い鍵,あいかぎ
相方,あいかた
哀感,あいかん
哀願,あいがん
愛犬,あいけん
愛顧,あいこ
愛護,あいご
愛国,あいこく
愛妻,あいさい
挨拶,あいさつ
愛情,あいじょう
アイス,あいす
アイスクリーム,あいすくりーむ
アイスホッケー,あいすほっけー
アイスランド,あいすらんど
愛想,あいそ
間,あいだ
間柄,あいだがら
愛知,あいち
あいつ,あいつ
相手,あいて
アイデア,あいであ
相手方,あいてかた
愛読,あいどく
愛読書,あいどくしょ
アイドル,あいどる
間の手,あいのて
相乗り,あいのり
合間,あいま
哀楽,あいらく
愛らしい,あいらしい
アイルランド,あいるらんど
アイロン,あいろん
アイロン台,あいろんだい
亜鉛,あえん
青嵐,あおあらし
青い,あおい
青色,あおいろ
青黴,あおかび
青木,あおき
アオザイ,あおざい
青魚,あおざかな
青紫蘇,あおじそ
青信号,あおしんごう
青空,あおぞら
青田,あおた
青菜,あおな
青二才,あおにさい
青海苔,あおのり
青葉,あおば
仰向け,あおむけ
青虫,あおむし
青物,あおもの
青森,あおもり
垢,あか
赤い,あかい
赤色,あかいろ
アカウント,あかうんと
赤貝,あかがい
赤毛,あかげ
赤子,あかご
赤米,あかごめ
赤錆び,あかさび
証,あかし
赤字,あかじ
アカシア,あかしあ
赤潮,あかしお
赤十字,あかじゅうじ
赤信号,あかしんごう
赤ちゃん,あかちゃん
赤ちゃん服,あかちゃんふく
赤提灯,あかちょうちん
赤土,あかつち
アカデミー,あかでみー
赤トンボ,あかとんぼ
茜,あかね
茜色,あかねいろ
赤旗,あかはた
赤裸,あかはだか
赤松,あかまつ
赤身,あかみ
赤虫,あかむし
赤ら顔,あからがお
明かり,あかり
上り口,あがりぐち
赤ワイン,あかわいん
亜寒帯,あかんたい
秋,あき
飽き飽き,あきあき
秋風,あきかぜ
空き缶,あきかん
秋草,あきくさ
秋口,あきぐち
秋雨,あきさめ
空き巣,あきす
秋田,あきた
空き地,あきち
空き箱,あきばこ
秋晴れ,あきばれ
空き瓶,あきびん
空き家,あきや
諦め,あきらめ
呆れ顔,あきれがお
悪,あく
悪意,あくい
悪声,あくせい
悪戦,あくせん
悪態,あくたい
悪玉,あくだま
悪徳,あくとく
悪人,あくにん
あくび,あくび
悪文,あくぶん
悪弊,あくへい
悪癖,あくへき
悪魔,あくま
悪夢,あくむ
悪役,あくやく
アクラ,あくら
あぐら,あぐら
アクリル,あくりる
揚げ足,あげあし
明け方,あけがた
上げ下げ,あげさげ
上げ潮,あげしお
上げ底,あげぞこ
アケビ,あけび
曙,あけぼの
揚巻,あげまき
揚げ物,あげもの
あげる,あげる
顎,あご
アコーディオン,あこーでぃおん
憧れ,あこがれ
朝,あさ
字,あざ
朝市,あさいち
朝起き,あさおき
朝顔,あさがお
朝駆け,あさがけ
朝方,あさがた
朝霧,あさぎり
浅草,あさくさ
朝げ,あさげ
朝ごはん,あさごはん
朝潮,あさしお
浅瀬,あさせ
浅葱,あさつき
朝露,あさつゆ
朝凪ぎ,あさなぎ
朝晩,あさばん
朝日,あさひ
アザミ,あざみ
浅緑,あさみどり
朝飯,あさめし
朝靄,あさもや
朝焼け,あさやけ
アザラシ,あざらし
あさり,あさり
アザレア,あざれあ
脚,あし
あじ,あじ
アジア,あじあ
足跡,あしあと
アジェンダ,あじぇんだ
足音,あしおと
海驢,あしか
足掛け,あしかけ
足枷,あしかせ
足型,あしがた
足固め,あしがため
足首,あしくび
足腰,あしこし
紫陽花,あじさい
足先,あしさき
アシスタント,あしすたんと
明日,あした
足代,あしだい
明日葉,あしたば
味玉,あじたま
アジテーション,あじてーしょん
アジト,あじと
足止め,あしどめ
足取り,あしどり
足長,あしなが
足並み,あしなみ
足場,あしば
足踏み,あしぶみ
アジフライ,あじふらい
足下,あしもと
アジャスター,あじゃすたー
アジュガ,あじゅが
アジリティ,あじりてぃ
足技,あしわざ
明日,あす
小豆,あずき
アスパラガス,あすぱらがす
アスファルト,あすふぁると
アスベスト,あすべすと
アスレチック,あすれちっく
汗,あせ
畦,あぜ
校倉,あぜくら
アセトン,あせとん
畦道,あぜみち
汗疹,あせも
アセロラ,あせろら
遊び場,あそびば
仇,あだ
価,あたい
仇討ち,あだうち
徒名,あだな
アダプター,あだぷたー
頭,あたま
頭打ち,あたまうち
頭金,あたまきん
頭越し,あたまごし
新しい年,あたらしいとし
辺り,あたり
あたりめ,あたりめ
熱々,あつあつ
圧延,あつえん
厚紙,あつがみ
厚着,あつぎ
圧縮,あっしゅく
アップデート,あっぷでーと
アップロード,あっぷろーど
厚身,あつみ
圧力,あつりょく
圧力鍋,あつりょくなべ
軋轢,あつれき
アディスアベバ,あでぃすあべば
宛て先,あてさき
宛て名,あてな
アテネ,あてね
後,あと
後足,あとあし
後々,あとあと
後書き,あとがき
跡形,あとかた
後釜,あとがま
あどけない,あどけない
後先,あとさき
跡地,あとち
跡継ぎ,あとつぎ
跡取り,あととり
後払い,あとばらい
後回し,あとまわし
後戻り,あともどり
アドレス帳,あどれすちょう
穴,あな
穴埋め,あなうめ
アナウンサー,あなうんさー
穴熊,あなぐま
穴蔵,あなぐら
アナグラム,あなぐらむ
あなご,あなご
あなた,あなた
穴場,あなば
アナリスト,あなりすと
アナログ,あなろぐ
兄,あに
兄貴,あにき
アニス,あにす
アニメ,あにめ
アニメーション,あにめーしょん
兄嫁,あによめ
姉,あね
アネモネ,あねもね
アノマリー,あのまりー
あの世,あのよ
アパート,あぱーと
肋骨,あばらぼね
あばら家,あばらや
アパレル,あぱれる
アヒージョ,あひーじょ
家鴨,あひる
虻,あぶ
アフガニスタン,あふがにすたん
あぶく,あぶく
アブジャ,あぶじゃ
アブダビ,あぶだび
油,あぶら
油揚げ,あぶらあげ
脂汗,あぶらあせ
油売り,あぶらうり
油絵,あぶらえ
油蝉,あぶらぜみ
油菜,あぶらな
脂身,あぶらみ
油虫,あぶらむし
アプリ,あぷり
アフリカ,あふりか
アフロ,あふろ
阿部,あべ
あほ,あほ
アボカド,あぼかど
尼,あま
雨脚,あまあし
甘えび,あまえび
甘えん坊,あまえんぼう
雨音,あまおと
雨蛙,あまがえる
雨傘,あまがさ
雨具,あまぐ
甘口,あまくち
雨靴,あまぐつ
雨雲,あまぐも
雨乞い,あまごい
甘酒,あまざけ
雨晒し,あまざらし
アマゾン,あまぞん
あまた,あまた
雨垂れ,あまだれ
尼寺,あまでら
雨戸,あまど
天の川,あまのがわ
雨漏り,あまもり
雨宿り,あまやどり
余り,あまり
アマリリス,あまりりす
網,あみ
阿弥陀,あみだ
網棚,あみだな
網戸,あみど
網の目,あみのめ
網目,あみめ
網元,あみもと
編み物,あみもの
アムステルダム,あむすてるだむ
雨,あめ
飴色,あめいろ
アメーバ,あめーば
アメジスト,あめじすと
アメダス,あめだす
アメフト,あめふと
雨降,あめふらし
アメリカ,あめりか
菖蒲,あやめ
鮎,あゆ
粗,あら
アラーム,あらーむ
アライグマ,あらいぐま
洗い場,あらいば
荒海,あらうみ
荒稼ぎ,あらかせぎ
粗探し,あらさがし
嵐,あらし
新手,あらて
荒波,あらなみ
アラビア語,あらびあご
アラビア数字,あらびあすうじ
荒巻き,あらまき
あらまし,あらまし
荒物,あらもの
霰,あられ
蟻,あり
有り明け,ありあけ
アリーナ,ありーな
在りか,ありか
有り金,ありがね
有り様,ありさま
在りし日,ありしひ
アルカリ,あるかり
アルコール,あるこーる
アルゴリズム,あるごりずむ
アルジェ,あるじぇ
アルジェリア,あるじぇりあ
アルゼンチン,あるぜんちん
アルバニア,あるばにあ
アルバム,あるばむ
アルミニウム,あるみにうむ
アルメニア,あるめにあ
荒れ地,あれち
荒れ野,あれの
アレルギー,あれるぎー
アロエ,あろえ
アロマ,あろま
アロワナ,あろわな
泡,あわ
合わせ鏡,あわせかがみ
あわび,あわび
泡盛,あわもり
暗,あん
暗雲,あんうん
暗記,あんき
アンクレット,あんくれっと
アンケート,あんけーと
案件,あんけん
餡子,あんこ
暗号化,あんごうか
アンコール,あんこーる
アンゴラ,あんごら
あんさん,あんさん
安産,あんざん
アンサンブル,あんさんぶる
暗室,あんしつ
安心,あんしん
杏,あんず
安全,あんぜん
安息,あんそく
安息日,あんそくび
安打,あんだ
アンタナナリボ,あんたななりぼ
安置,あんち
安定,あんてい
暗転,あんてん
安堵,あんど
アンドラ,あんどら
行灯,あんどん
案内,あんない
案内所,あんないじょ
アンテナ,あんなてな
安寧,あんねい
あんパン,あんぱん
アンビション,あんびしょん
アンマン,あんまん
あんみつ,あんみつ
アンモナイト,あんもないと
アンモニア,あんもにあ
暗躍,あんやく
あんよ,あんよ
威圧,いあつ
慰安,いあん
言い種,いいぐさ
言い過ぎ,いいすぎ
イースト菌,いーすときん
言い成り,いいなり
言い値,いいね
言い分,いいぶん
言い訳,いいわけ
医院,いいん
家,いえ
家柄,いえがら
胃液,いえき
イエス,いえす
家出,いえで
家並み,いえなみ
イエメン,いえめん
家元,いえもと
イエローカード,いえろーかーど
以遠,いえん
硫黄,いおう
庵,いおり
イオン,いおん
いか,いか
毬,いが
遺骸,いがい
威嚇,いかく
医学,いがく
医学部,いがくぶ
いかさま,いかさま
筏,いかだ
鋳型,いがた
錨,いかり
移管,いかん
依願,いがん
遺棄,いき
威儀,いぎ
生き埋め,いきうめ
生き餌,いきえ
生きがい,いきがい
行き掛け,いきがけ
息切れ,いきぎれ
行き先,いきさき
いきさつ,いきさつ
生き様,いきざま
息継ぎ,いきつぎ
息抜き,いきぬき
息の根,いきのね
生き仏,いきぼとけ
生き物,いきもの
イギリス,いぎりす
いきれ,いきれ
幾,いく
育英,いくえい
戦,いくさ
藺草,いぐさ
行く先,いくさき
育成,いくせい
いくら,いくら
遺訓,いくん
池,いけ
畏敬,いけい
生け垣,いけがき
生け簀,いけす
池田,いけだ
生け贄,いけにえ
生け花,いけばな
池袋,いけぶくろ
意見,いけん
威厳,いげん
以後,いご
異国,いこく
居心地,いごこち
遺骨,いこつ
遺恨,いこん
委細,いさい
諍い,いさかい
居酒屋,いざかや
遺作,いさく
いざこざ,いざこざ
勇み足,いさみあし
十六夜,いざよい
漁り火,いさりび
胃酸,いさん
医師,いし
石井,いしい
石臼,いしうす
石おの,いしおの
石垣,いしがき
石川,いしかわ
意識,いしき
石ころ,いしころ
石田,いしだ
石畳,いしだたみ
石段,いしだん
石橋,いしばし
医者,いしゃ
石綿,いしわた
威信,いしん
椅子,いす
イスタンブール,いすたんぶーる
泉,いずみ
イスラエル,いすらえる
以西,いせい
移籍,いせき
伊勢丹,いせたん
移設,いせつ
緯線,いせん
以前,いぜん
磯,いそ
急ぎ足,いそぎあし
イソギンチャク,いそぎんちゃく
磯松,いそまつ
依存,いぞん
板,いた
遺体,いたい
医大,いだい
板壁,いたかべ
委託,いたく
致し方,いたしかた
いたずら,いたずら
いたち,いたち
痛手,いたで
韋駄天,いだてん
板の間,いたのま
板挟み,いたばさみ
板張り,いたばり
板前,いたまえ
イタリア,いたりあ
異端,いたん
位置,いち
一案,いちあん
一意,いちい
一員,いちいん
一丸,いちがん
移築,いちく
一群,いちぐん
一撃,いちげき
一言,いちげん
一期,いちご
一座,いちざ
一時間,いちじかん
イチジク,いちじく
一族,いちぞく
一存,いちぞん
一団,いちだん
一読,いちどく
一男,いちなん
一任,いちにん
一念,いちねん
市場,いちば
一部,いちぶ
一部分,いちぶぶん
一抹,いちまつ
一味,いちみ
一命,いちめい
一目,いちもく
一門,いちもん
一夜,いちや
一翼,いちよく
一覧,いちらん
一理,いちり
一輪車,いちりんしゃ
一礼,いちれい
いつ,いつ
一戸建て,いっこだて
何時頃,いつごろ
逸材,いつざい
逸脱,いつだつ
逸話,いつわ
出で立ち,いでたち
移転,いてん
遺伝,いでん
遺伝子,いでんし
意図,いと
井戸,いど
伊藤,いとう
威徳,いとく
糸口,いとぐち
従兄弟,いとこ
居所,いどころ
井戸端,いどばた
糸偏,いとへん
いとま,いとま
暇乞い,いとまごい
糸目,いとめ
否,いな
以内,いない
田舎,いなか
稲子,いなご
稲作,いなさく
稲田,いなだ
稲束,いなたば
稲光,いなびかり
稲穂,いなほ
稲叢,いなむら
いなり,いなり
以南,いなん
古,いにしえ
委任,いにん
戌,いぬ
犬橇,いぬぞり
稲,いね
稲刈り,いねかり
稲扱き,いねこき
井上,いのうえ
猪,いのしし
命,いのち
命掛け,いのちがけ
命乞い,いのちごい
命取り,いのちとり
イノベーション,いのべーしょん
違背,いはい
茨,いばら
茨城,いばらき
違反,いはん
いびき,いびき
遺品,いひん
畏怖,いふ
息吹,いぶき
衣服,いふく
胃袋,いぶくろ
燻し銀,いぶしぎん
異物,いぶつ
異変,いへん
異母,いぼ
以北,いほく
今,いま
今頃,いまごろ
今時,いまどき
意味,いみ
意味合い,いみあい
移民,いみん
医務,いむ
イメージ,いめーじ
芋,いも
妹,いもうと
鋳物,いもの
芋虫,いもむし
井守,いもり
慰問,いもん
嫌気,いやき
意訳,いやく
イヤホン,いやほん
イヤリング,いやりんぐ
意欲,いよく
依頼,いらい
甍,いらか
イラク,いらく
イラン,いらん
入り海,いりうみ
入り江,いりえ
入り口,いりぐち
入り日,いりひ
医療,いりょう
医療制度,いりょうせいど
衣類,いるい
海豚,いるか
居留守,いるす
慰霊,いれい
入れ歯,いれば
入れ物,いれもの
色,いろ
色合い,いろあい
色鉛筆,いろえんぴつ
色気,いろけ
色艶,いろつや
いろは,いろは
色町,いろまち
いろり,いろり
色分け,いろわけ
異論,いろん
岩,いわ
祝,いわい
違和感,いわかん
曰く,いわく
岩国,いわくに
いわし,いわし
岩手,いわて
岩魚,いわな
岩場,いわば
岩肌,いわはだ
岩屋,いわや
岩山,いわやま
謂われ,いわれ
印,いん
陰影,いんえい
引火,いんか
因果,いんが
印画紙,いんがし
印鑑,いんかん
インク,いんく
イングランド,いんぐらんど
隠元,いんげん
鸚哥,いんこ
隠語,いんご
インサート,いんさーと
インサイド,いんさいど
印刷,いんさつ
印紙,いんし
インストール,いんすとーる
院政,いんせい
印税,いんぜい
引責,いんせき
引率,いんそつ
インターネット,いんたーねっと
インターホン,いんたーほん
引退,いんたい
インタビュー,いんたびゅー
インデックス,いんでっくす
インド,いんど
隠匿,いんとく
インドネシア,いんどねしあ
インド洋,いんどよう
隠遁,いんとん
インナー,いんなー
因縁,いんねん
インフラ,いんふら
インプラント,いんぷらんと
インフルエンザ,いんふるえんざ
インベーダー,いんべーだー
インポート,いんぽーと
韻律,いんりつ
陰暦,いんれき
ヴァイオリン,ゔぁいおりん
ウイルス,ういるす
ウール,うーる
烏龍茶,うーろんちゃ
上,うえ
植木,うえき
植木鉢,うえきばち
植え込み,うえこみ
上田,うえだ
上野,うえの
魚,うお
魚市場,うおいちば
魚河岸,うおがし
ウォッカ,うぉっか
羽化,うか
迂回,うかい
含嗽,うがい
右岸,うがん
ウガンダ,うがんだ
雨季,うき
浮き草,うきくさ
浮き雲,うきぐも
浮き袋,うきぶくろ
浮き彫り,うきぼり
憂き身,うきみ
憂き目,うきめ
浮き世,うきよ
鶯,うぐいす
ウクレレ,うくれれ
受け売り,うけうり
請負,うけおい
受け皿,うけざら
受付,うけつけ
受取,うけとり
右舷,うげん
うさぎ,うさぎ
丑,うし
牛飼い,うしかい
牛蛙,うしがえる
牛偏,うしへん
後ろ,うしろ
後ろ足,うしろあし
後ろ髪,うしろがみ
後ろ盾,うしろだて
後ろ手,うしろで
臼,うす
渦,うず
雨水,うすい
薄紙,うすがみ
薄着,うすぎ
薄切り,うすぎり
薄曇り,うすぐもり
渦潮,うずしお
薄日,うすび
ウズベキスタン,うずべきすたん
薄緑,うすみどり
羅,うすもの
右折,うせつ
嘘,うそ
嘘吐き,うそつき
歌,うた
歌合,うたあわせ
謡,うたい
歌い手,うたいて
泡沫,うたかた
歌声,うたごえ
転寝,うたたね
歌姫,うたひめ
内,うち
討ち入り,うちいり
内祝い,うちいわい
内々,うちうち
内海,うちうみ
打ち掛け,うちかけ
内掛け,うちがけ
内側,うちがわ
内田,うちだ
内高,うちだか
打ち止め,うちどめ
内法,うちのり
内幕,うちまく
内股,うちまた
打ち身,うちみ
宇宙人,うちゅうじん
宇宙線,うちゅうせん
内輪,うちわ
内訳,うちわけ
鬱,うつ
現,うつつ
打つ手,うつて
宇都宮,うつのみや
うつ伏せ,うつぶせ
ウツボ,うつぼ
器,うつわ
腕,うで
腕利き,うできき
腕組み,うでぐみ
腕比べ,うでくらべ
腕試し,うでだめし
腕時計,うでどけい
腕前,うでまえ
雨天,うてん
うど,うど
うどん,うどん
うなぎ,うなぎ
海原,うなばら
うに,うに
畝,うね
鵜呑み,うのみ
右派,うは
乳母,うば
産着,うぶぎ
産毛,うぶげ
産声,うぶごえ
産湯,うぶゆ
右辺,うへん
午,うま
馬乗り,うまのり
海,うみ
海亀,うみがめ
海鳥,うみどり
海鳴り,うみなり
海猫,うみねこ
海開き,うみびらき
海辺,うみべ
海蛇,うみへび
有無,うむ
梅,うめ
呻き声,うめきごえ
埋め草,うめくさ
梅酒,うめしゅ
梅田,うめだ
梅干し,うめぼし
埋もれ木,うもれぎ
紆余,うよ
右翼,うよく
浦,うら
裏打ち,うらうち
裏表,うらおもて
裏書き,うらがき
裏方,うらかた
裏金,うらがね
裏口,うらぐち
裏作,うらさく
裏手,うらて
占師,うらないし
裏庭,うらにわ
裏話,うらばなし
裏盆,うらぼん
裏町,うらまち
怨み,うらみ
裏道,うらみち
裏目,うらめ
裏門,うらもん
裏山,うらやま
ウラン,うらん
瓜,うり
売上,うりあげ
売り買い,うりかい
売り切れ,うりきれ
売り子,うりこ
売出,うりだし
売り手,うりて
売り値,うりね
売り場,うりば
売り物,うりもの
うるうる,うるうる
ウルグアイ,うるぐあい
うるさい,うるさい
煩型,うるさがた
漆,うるし
粳,うるち
うるるん,うるるん
売れ行き,うれゆき
鱗,うろこ
鱗雲,うろこぐも
上顎,うわあご
上書き,うわがき
上着,うわぎ
上薬,うわぐすり
囈言,うわごと
噂,うわさ
上滑り,うわすべり
上塗り,うわぬり
上値,うわね
上乗せ,うわのせ
上の空,うわのそら
上履き,うわばき
うわべ,うわべ
上役,うわやく
運,うん
運営,うんえい
運河,うんが
雲海,うんかい
うんこ,うんこ
運針,うんしん
雲水,うんすい
運勢,うんせい
うんち,うんち
運賃,うんちん
雲泥,うんでい
運転,うんてん
運転手,うんてんしゅ
運動,うんどう
運動会,うんどうかい
運動靴,うんどうぐつ
運動場,うんどうじょう
云々,うんぬん
運輸,うんゆ
運輸業,うんゆぎょう
エアコン,えあこん
エアロビクス,えあろびくす
映画,えいが
英会話,えいかいわ
映画館,えいがかんで
鋭角,えいかく
栄冠,えいかん
英気,えいき
影響,えいきょう
営業,えいぎょう
英語,えいご
英才,えいさい
栄進,えいしん
永世,えいせい
営繕,えいぜん
永続,えいぞく
栄達,えいたつ
詠嘆,えいたん
英断,えいだん
英単語,えいたんご
英知,えいち
栄転,えいてん
英文,えいぶん
衛兵,えいへい
永眠,えいみん
英名,えいめい
英訳,えいやく
栄誉,えいよ
栄養,えいよう
営利,えいり
営林,えいりん
英霊,えいれい
英和,えいわ
笑顔,えがお
絵描き,えかき
絵柄,えがら
液,えき
駅員,えきいん
液化,えきか
疫学,えきがく
液体,えきたい
駅伝,えきでん
駅ビル,えきびる
駅弁,えきべん
駅前,えきまえ
役務,えきむ
駅名,えきめい
疫痢,えきり
エクアドル,えくあどる
靨,えくぼ
エクレア,えくれあ
エコバッグ,えこばっぐ
餌,えさ
絵師,えし
エジプト,えじぷと
エスカレーター,えすかれーたー
エステサロン,えすてさろん
エストニア,えすとにあ
エスワティニ,えすわてぃに
絵空事,えそらごと
枝,えだ
枝打ち,えだうち
枝葉,えだは
枝豆,えだまめ
エチオピア,えちおぴあ
エチケット,えちけっと
悦,えつ
越年,えつねん
閲覧,えつらん
干支,えと
会得,えとく
江戸前,えどまえ
エネルギー,えねるぎー
絵の具,えのぐ
えび,えび
えびせん,えびせん
愛媛,えひめ
絵筆,えふで
エプロン,えぷろん
烏帽子,えぼし
絵本,えほん
絵馬,えま
絵巻,えまき
絵巻物,えまきもの
笑み,えみ
エメラルド,えめらるど
獲物,えもの
衣紋掛,えもんかけ
えら,えら
襟,えり
襟首,えりくび
襟ぐり,えりぐり
選り取り,えりどり
襟巻き,えりまき
エルサルバドル,えるさるばどる
エルサレム,えるされむ
エレクトーン,えれくとーん
エレベーター,えれべーたー
円,えん
遠因,えんいん
円売り,えんうり
遠泳,えんえい
演繹,えんえき
塩化,えんか
宴会,えんかい
塩害,えんがい
沿革,えんかく
えんがわ,えんがわ
沿岸,えんがん
延期,えんき
演技,えんぎ
縁起物,えんぎもの
遠近,えんきん
縁組み,えんぐみ
援軍,えんぐん
円形,えんけい
園芸,えんげい
演劇,えんげき
縁故,えんこ
援護,えんご
冤罪,えんざい
縁先,えんさき
塩酸,えんさん
演算,えんざん
遠視,えんし
エンジニア,えんじにあ
円周,えんしゅう
延伸,えんしん
円錐,えんすい
遠征,えんせい
宴席,えんせき
演説,えんぜつ
沿線,えんせん
塩素,えんそ
遠足,えんそく
延滞,えんたい
演題,えんだい
円高,えんだか
円卓,えんたく
円建て,えんだて
演壇,えんだん
円柱,えんちゅう
炎天,えんてん
塩田,えんでん
遠藤,えんどう
煙突,えんとつ
縁日,えんにち
炎熱,えんねつ
縁の下,えんのした
えんぴつ,えんぴつ
遠方,えんぽう
円安,えんやす
遠路,えんろ
お預け,おあずけ
甥,おい
追い打ち,おいうち
御家芸,おいえげい
老頭,おいがしら
追い風,おいかぜ
追い肥,おいごえ
老い先,おいさき
美味しい,おいしい
生い立ち,おいたち
御暇,おいとま
追い剥ぎ,おいはぎ
負い目,おいめ
花魁,おいらん
オイル,おいる
お祝い,おいわい
王,おう
応援,おうえん
王様,おうさま
王子,おうじ
王子様,おうじさま
往診,おうしん
横断歩道,おうだんほどう
応答,おうとう
黄熱病,おうねつびょう
応募,おうぼ
オウム,おうむ
お絵かき,おえかき
大分,おおいた
大きい,おおきい
オーケストラ,おーけすとら
大阪,おおさか
大阪市,おおさかし
オーストラリア,おーすとらりあ
オーストリア,おーすとりあ
太田,おおた
大津,おおつ
オートバイ,おーとばい
オートレース,おーとれーす
大とろ,おおとろ
オーブン,おーぶん
オーボエ,おーぼえ
オール,おーる
オーロラ,おーろら
丘,おか
御返し,おかえし
おかき,おかき
お陰,おかげ
お菓子,おかし
御方,おかた
岡田,おかだ
御構い,おかまい
女将,おかみ
阿亀,おかめ
岡本,おかもと
岡山,おかやま
陸湯,おかゆ
おから,おから
小川,おがわ
御代わり,おかわり
悪寒,おかん
沖,おき
沖合,おきあい
置き去り,おきざり
掟,おきて
翁,おきな
沖縄,おきなわ
置き場,おきば
御決まり,おきまり
置物,おきもの
奥,おく
屋外,おくがい
奥様,おくさま
奥さん,おくさん
憶測,おくそく
奥底,おくそこ
お口,おくち
おくて,おくて
屋内,おくない
御国,おくに
奥の手,おくのて
奥歯,おくば
おくび,おくび
御悔やみ,おくやみ
奥行き,おくゆき
小倉,おぐら
送り先,おくりさき
送り手,おくりて
送り火,おくりび
贈り物,おくりもの
送る,おくる
桶,おけ
御腰,おこし
御好み,おこのみ
お好み焼き,おこのみやき
怒る,おこる
おこわ,おこわ
御下がり,おさがり
御下げ,おさげ
幼子,おさなご
おさらい,おさらい
御産,おさん
お爺さん,おじいさん
押し入れ,おしいれ
押し売り,おしうり
教え子,おしえご
お辞儀,おじぎ
御七夜,おしちや
鴛鴦,おしどり
御忍び,おしのび
押し葉,おしば
押し花,おしばな
雄蘂,おしべ
おしぼり,おしぼり
おしまい,おしまい
お喋り,おしゃべり
お洒落,おしゃれ
お正月,おしょうがつ
おしり,おしり
お城,おしろ
雄,おす
汚水,おすい
お寿司,おすし
オスロ,おすろ
お世辞,おせじ
御節,おせち
お節料理,おせちりょうり
汚染,おせん
お煎餅,おせんべい
遅咲き,おそざき
御供え,おそなえ
遅蒔き,おそまき
御互い,おたがい
御宅,おたく
御立ち,おたち
おたふく,おたふく
お玉杓子,おたまじゃくし
オタワ,おたわ
落ち度,おちど
落ち葉,おちば
落ち穂,おちぼ
落ち目,おちめ
お茶,おちゃ
御告げ,おつげ
御釣り,おつり
御手,おて
御手上げ,おてあげ
お手洗い,おてあらい
汚泥,おでい
お出かけ,おでかけ
おでき,おでき
おでこ,おでこ
御手玉,おてだま
お手て,おてて
御点前,おてまえ
お出まし,おでまし
御手盛り,おてもり
お寺,おてら
汚点,おてん
おでん,おでん
おてんば,おてんば
音,おと
御伽,おとぎ
戯け者,おどけもの
男,おとこ
男君,おとこぎみ
男伊達,おとこだて
男手,おとこで
男泣き,おとこなき
男の子,おとこのこ
男湯,おとこゆ
音沙汰,おとさた
御年玉,おとしだま
おととい,おととい
おととし,おととし
大人,おとな
大人買い,おとながい
大人しい,おとなしい
乙女,おとめ
御供,おとも
囮,おとり
踊,おどり
踊り子,おどりこ
踊り場,おどりば
驚き,おどろき
同い年,おないどし
おなか,おなか
尾長鳥,おながどり
おなら,おなら
鬼,おに
鬼瓦,おにがわら
おにぎり,おにぎり
尾根,おね
斧,おの
己,おのれ
伯母,おば
御祖母,おばあ
お祖母さん,おばあさん
御萩,おはぎ
御化け,おばけ
お化け屋敷,おばけやしき
おはこ,おはこ
伯母さん,おばさん
御初,おはつ
お鼻,おはな
雄花,おばな
お花畑,おはなばたけ
御囃子,おはやし
御祓い,おはらい
帯,おび
御膝元,おひざもと
おひたし,おひたし
お引越し,おひっこし
お姫様,おひめさま
御開き,おひらき
尾鰭,おひれ
尾鰭,おびれ
御披露目,おひろめ
オフィスビル,おふぃすびる
御袋,おふくろ
御布施,おふせ
御触れ,おふれ
お風呂,おふろ
おへそ,おへそ
オペラ,おぺら
オペラハウス,おぺらはうす
朧雲,おぼろぐも
御盆,おぼん
オマーン,おまーん
御参り,おまいり
御前,おまえ
おまけ,おまけ
御祭り,おまつり
御守り,おまもり
お巡りさん,おまわりさん
お見合い,おみあい
御神酒,おみき
御輿,おみこし
お耳,おみみ
お土産,おみやげ
お宮参り,おみやまいり
御迎え,おむかえ
おむすび,おむすび
おむつ,おむつ
オムライス,おむらいす
汚名,おめい
おめかし,おめかし
御召し,おめし
御目玉,おめだま
おめでた,おめでた
御目見得,おめみえ
おめめ,おめめ
思い出,おもいで
面影,おもかげ
重き,おもき
面差し,おもざし
重し,おもし
おもちゃ,おもちゃ
表,おもて
表書き,おもてがき
表沙汰,おもてざた
表向き,おもてむき
表門,おもてもん
面長,おもなが
重荷,おもに
趣,おもむき
面持ち,おももち
母屋,おもや
御守り,おもり
思惑,おもわく
親,おや
親方,おやかた
親子,おやこ
親心,おやごころ
親潮,おやしお
おやつ,おやつ
親分,おやぶん
女形,おやま
親元,おやもと
親指,おやゆび
お湯,おゆ
泳ぎ,およぎ
御呼ばれ,およばれ
御呼び,および
及び腰,およびごし
おら,おら
オランダ,おらんだ
おり,おり
オリーブ,おりーぶ
折り紙,おりがみ
折から,おりから
織り姫,おりひめ
折り目,おりめ
織物,おりもの
織り屋,おりや
オリンピック,おりんぴっく
オルガン,おるがん
俺,おれ
御礼,おれい
おれたち,おれたち
オレンジ,おれんじ
卸,おろし
卸し値,おろしね
おわび,おわび
終わり,おわり
終値,おわりね
恩,おん
音域,おんいき
音階,おんかい
恩返し,おんがえし
音楽,おんがく
音楽会,おんがくかい
音感,おんかん
恩義,おんぎ
音訓,おんくん
恩恵,おんけい
音源,おんげん
温故,おんこ
音叉,おんさ
恩師,おんし
温室,おんしつ
音信,おんしん
温水,おんすい
音声,おんせい
音節,おんせつ
温泉,おんせん
音速,おんそく
温存,おんぞん
温帯,おんたい
音痴,おんち
音程,おんてい
恩典,おんてん
温度,おんど
音読,おんどく
温度計,おんどけい
雄鶏,おんどり
女,おんな
女手,おんなで
女の子,おんなのこ
女偏,おんなへん
女湯,おんなゆ
温熱,おんねつ
怨念,おんねん
音読み,おんよみ
音量,おんりょう
母さん,かあさん
加圧,かあつ
カーディガン,かーでぃがん
カーテン,かーてん
カード,かーど
ガーナ,がーな
カーネーション,かーねーしょん
カーペット,かーぺっと
ガーリー,がーりー
カーリング,かーりんぐ
下位,かい
外,がい
改悪,かいあく
害悪,がいあく
外圧,がいあつ
ガイアナ,がいあな
海域,かいいき
飼い犬,かいいぬ
会員,かいいん
海運,かいうん
開園,かいえん
外苑,がいえん
買い置き,かいおき
快音,かいおん
開化,かいか
絵画,かいが
凱歌,がいか
開会,かいかい
海外,かいがい
外海,がいかい
改革,かいかく
開学,かいがく
外角,がいかく
貝殻,かいがら
開館,かいかん
海岸,かいがん
概観,がいかん
回帰,かいき
会議,かいぎ
外気,がいき
皆勤,かいきん
買い食い,かいぐい
海軍,かいぐん
会計,かいけい
外形,がいけい
解決,かいけつ
解決策,かいけつさく
会見,かいけん
開眼,かいげん
外見,がいけん
回顧,かいこ
介護,かいご
外交,がいこう
戒告,かいこく
外国,がいこく
介護士,かいごし
骸骨,がいこつ
開墾,かいこん
開催,かいさい
介在,かいざい
外債,がいさい
改作,かいさく
改札,かいさつ
解散,かいさん
改竄,かいざん
概算,がいさん
開始,かいし
外使,がいし
会社,かいしゃ
回診,かいしん
外信,がいしん
海水,かいすい
回生,かいせい
外政,がいせい
解析,かいせき
解説,かいせつ
会戦,かいせん
改善,かいぜん
凱旋,がいせん
蓋然,がいぜん
改組,かいそ
介添え,かいぞえ
会則,かいそく
海賊,かいぞく
快打,かいだ
解体,かいたい
解題,かいだい
開拓,かいたく
快諾,かいだく
買い溜め,かいだめ
外為,がいため
会談,かいだん
慨嘆,がいたん
外地,がいち
改築,かいちく
買い手,かいて
改定,かいてい
外敵,がいてき
回転,かいてん
外伝,がいでん
解答,かいとう
買い時,かいどき
解読,かいどく
害毒,がいどく
買取,かいとり
海難,かいなん
懐妊,かいにん
飼い主,かいぬし
買い値,かいね
概念,がいねん
会派,かいは
海馬,かいば
改廃,かいはい
外泊,がいはく
貝柱,かいばしら
開発,かいはつ
海抜,かいばつ
回避,かいひ
海浜,かいひん
回付,かいふ
外部,がいぶ
回復,かいふく
怪物,かいぶつ
回文,かいぶん
外聞,がいぶん
開閉,かいへい
外壁,がいへき
改変,かいへん
外米,がいまい
開幕,かいまく
快眠,かいみん
外務,がいむ
改名,かいめい
壊滅,かいめつ
海綿,かいめん
外面,がいめん
買い物,かいもの
開門,かいもん
外野,がいや
解約,かいやく
傀儡,かいらい
外来,がいらい
快楽,かいらく
回覧,かいらん
乖離,かいり
怪力,かいりき
戒律,かいりつ
海流,かいりゅう
貝類,かいるい
海嶺,かいれい
改暦,かいれき
回路,かいろ
街路,がいろ
概論,がいろん
会話,かいわ
界隈,かいわい
下院,かいん
替え歌,かえうた
替え玉,かえだま
楓,かえで
帰り際,かえりぎわ
返り血,かえりち
帰り道,かえりみち
蛙,かえる
火炎,かえん
顔,かお
顔色,かおいろ
家屋,かおく
顔立ち,かおだち
顔付き,かおつき
顔触れ,かおぶれ
顔負け,かおまけ
顔見世,かおみせ
顔役,かおやく
加温,かおん
画家,がか
加害,かがい
価格,かかく
化学,かがく
雅楽,ががく
科学館,かがくかん
科学者,かがくしゃ
案山子,かかし
踵,かかと
鏡,かがみ
鏡抜き,かがみぬき
係,かかり
係員,かかりいん
係官,かかりかん
篝火,かがりび
香川,かがわ
夏季,かき
鍵,かぎ
餓鬼,がき
書き置き,かきおき
かき氷,かきごおり
鉤裂き,かぎざき
書き初め,かきぞめ
書留,かきとめ
垣根,かきね
かぎの手,かぎのて
書き物,かきもの
課金,かきん
核,かく
家具,かぐ
学,がく
格上げ,かくあげ
各位,かくい
学位,がくい
画一,かくいつ
学院,がくいん
各駅,かくえき
学園,がくえん
各界,かくかい
閣議,かくぎ
学芸,がくげい
隔月,かくげつ
格言,かくげん
格差,かくさ
角材,かくざい
学際,がくさい
画策,かくさく
格下げ,かくさげ
拡散,かくさん
各氏,かくし
学士,がくし
格式,かくしき
学識,がくしき
隠し芸,かくしげい
確執,かくしつ
学者,がくしゃ
確信,かくしん
角錐,かくすい
学生,がくせい
拡声器,かくせいき
学籍,がくせき
隔絶,かくぜつ
学説,がくせつ
学卒,がくそつ
拡大,かくだい
楽隊,がくたい
楽団,がくだん
各地,かくち
画定,かくてい
カクテル,かくてる
確度,かくど
学徒,がくと
獲得,かくとく
確認,かくにん
隔年,かくねん
学年,がくねん
攪拌,かくはん
学費,がくひ
楽譜,がくふ
学部,がくぶ
額縁,がくぶち
隔壁,かくへき
確保,かくほ
角膜,かくまく
学名,がくめい
額面,がくめん
学問,がくもん
楽屋,がくや
確約,かくやく
神楽,かぐら
攪乱,かくらん
隔離,かくり
学理,がくり
確立,かくりつ
学齢,がくれい
隠れ家,かくれが
学歴,がくれき
隠れ里,かくれざと
隠れ蓑,かくれみの
各論,かくろん
学割,がくわり
家訓,かくん
賭,かけ
影,かげ
崖,がけ
駆け足,かけあし
家系,かけい
影絵,かげえ
駆け落ち,かけおち
歌劇,かげき
掛け金,かけきん
陰口,かげぐち
掛け声,かけごえ
掛け算,かけざん
可決,かけつ
花月,かげつ
掛け値,かけね
掛け橋,かけはし
駆け引き,かけひき
陰日向,かげひなた
陰干し,かげぼし
掛け持ち,かけもち
掛け物,かけもの
かけら,かけら
加減,かげん
過去,かこ
加護,かご
化合物,かごうぶつ
鹿児島,かごしま
篭屋,かごや
禍根,かこん
過言,かごん
傘,かさ
嵩上げ,かさあげ
風穴,かざあな
家裁,かさい
家財,かざい
画材,がざい
風上,かざかみ
風切り,かざきり
佳作,かさく
笠雲,かさぐも
風車,かざぐるま
風下,かざしも
傘立て,かさたて
傘張り,かさはり
カザフスタン,かざふすたん
かさぶた,かさぶた
風間,かざま
風見,かざみ
風見鶏,かざみどり
風向き,かざむき
飾り気,かざりけ
飾り物,かざりもの
加算,かさん
火山,かざん
下肢,かし
家事,かじ
貸し借り,かしかり
貸し金,かしきん
過失,かしつ
加湿器,かしつき
貸し手,かして
菓子パン,かしぱん
貸し間,かしま
貸し家,かしや
歌手,かしゅ
頭,かしら
柏,かしわ
柏手,かしわで
過信,かしん
かす,かす
数,かず
加水,かすい
鎹,かすがい
カスタネット,かすたねっと
カステラ,かすてら
数の子,かずのこ
霞,かすみ
風,かぜ
加勢,かせい
課税,かぜい
火成岩,かせいがん
化石,かせき
仮設,かせつ
風除け,かぜよけ
架線,かせん
河川敷,かせんしき
画素,がそ
数え歌,かぞえうた
数え年,かぞえどし
加速,かそく
家族,かぞく
ガソリン,がそりん
型,かた
片足,かたあし
カタール,かたーる
仮題,かだい
画題,がだい
片田舎,かたいなか
肩入れ,かたいれ
片腕,かたうで
片思い,かたおもい
肩書き,かたがき
片仮名,かたかな
型紙,かたがみ
片側,かたがわ
仇,かたき
敵討ち,かたきうち
敵役,かたきやく
家宅,かたく
片栗粉,かたくりこ
肩車,かたぐるま
片言,かたこと
肩凝り,かたこり
片隅,かたすみ
肩叩き,かたたたき
形,かたち
下達,かたつ
片づけ,かたづけ
片手,かたて
片手間,かたてま
片時,かたとき
刀,かたな
堅物,かたぶつ
塊,かたまり
形見,かたみ
片道,かたみち
片面,かためん
語り種,かたりぐさ
語り手,かたりて
語り部,かたりべ
カタログ,かたろぐ
型枠,かたわく
傍ら,かたわら
片割れ,かたわれ
加担,かたん
歌壇,かだん
画壇,がだん
価値,かち
価値観,かちかん
家畜,かちく
勝ち鬨,かちどき
勝ち星,かちぼし
勝ち負け,かちまけ
勝ち目,かちめ
カチューシャ,かちゅーしゃ
活,かつ
割愛,かつあい
かつお,かつお
活劇,かつげき
学校,がっこう
カッター,かったー
カッターナイフ,かったーないふ
カツ丼,かつどん
かっぱ巻き,かっぱまき
カップ,かっぷ
カップラーメン,かっぷらーめん
活躍,かつやく
かつら,かつら
滑落,かつらく
カツレツ,かつれつ
活路,かつろ
糧,かて
仮定,かてい
加点,かてん
家電,かでん
合点,がてん
過渡,かと
角,かど
加藤,かとう
門口,かどぐち
門出,かどで
門松,かどまつ
カトマンズ,かとまんず
仮名,かな
金網,かなあみ
家内,かない
金型,かながた
神奈川,かながわ
金具,かなぐ
金繰り,かなぐり
金沢,かなざわ
悲しみ,かなしみ
彼方,かなた
要,かなめ
金物,かなもの
かに,かに
果肉,かにく
かにみそ,かにみそ
カヌー,かぬー
金,かね
兼ね合い,かねあい
金貸し,かねかし
金子,かねこ
加熱,かねつ
金偏,かねへん
金目,かねめ
金持ち,かねもち
可燃,かねん
河馬,かば
画伯,がはく
蒲焼き,かばやき
河畔,かはん
鞄,かばん
下半身,かはんしん
可否,かひ
加筆,かひつ
画鋲,がびょう
花瓶,かびん
下部,かぶ
株価,かぶか
歌舞伎,かぶき
下腹部,かふくぶ
株券,かぶけん
株式,かぶしき
過不足,かふそく
兜,かぶと
兜蟹,かぶとがに
カブトムシ,かぶとむし
株主,かぶぬし
株安,かぶやす
かぶら,かぶら
被り物,かぶりもの
株分け,かぶわけ
花粉,かふん
壁,かべ
貨幣,かへい
壁板,かべいた
壁掛け,かべかけ
壁紙,かべがみ
壁土,かべつち
花弁,かべん
カボチャ,かぼちゃ
カホン,かほん
ガボン,がぼん
窯,かま
蒲,がま
鎌鼬,かまいたち
鎌切り,かまきり
蝦蟇口,がまぐち
かまくら,かまくら
かます,かます
竃,かまど
蒲鉾,かまぼこ
我慢,がまん
加味,かみ
神風,かみかぜ
髪形,かみがた
神々,かみがみ
上期,かみき
紙切れ,かみきれ
上座,かみざ
神様,かみさま
上下,かみしも
紙漉き,かみすき
紙製,かみせい
剃刀,かみそり
神棚,かみだな
神頼み,かみだのみ
上手,かみて
雷,かみなり
上の句,かみのく
上半期,かみはんき
紙一重,かみひとえ
紙袋,かみぶくろ
神業,かみわざ
仮眠,かみん
ガムテープ,がむてーぷ
かめ,かめ
加盟,かめい
カメラ,かめら
カメラマン,かめらまん
カメルーン,かめるーん
カメレオン,かめれおん
仮面,かめん
画面,がめん
鴨,かも
鴨居,かもい
科目,かもく
かもしか,かもしか
貨物,かもつ
カモメ,かもめ
家紋,かもん
蚊帳,かや
火薬,かやく
茅葺き,かやぶき
粥,かゆ
画用紙,がようし
火曜日,かようび
殻,から
柄,がら
がら空き,がらあき
からあげ,からあげ
空売り,からうり
カラオケ,からおけ
唐傘,からかさ
カラカス,からかす
空風,からかぜ
唐紙,からかみ
唐草,からくさ
がらくた,がらくた
辛口,からくち
からくり,からくり
烏,からす
硝子,がらす
ガラス瓶,がらすびん
体,からだ
カラチ,からち
空梅雨,からつゆ
空手,からて
空手形,からてがた
辛煮,からに
唐人,からびと
空振り,からぶり
カラフル,からふる
空回り,からまわり
搦め手,からめて
伽藍,がらん
仮,かり
刈り入れ,かりいれ
カリウム,かりうむ
仮初め,かりそめ
借り賃,かりちん
借り手,かりて
仮縫い,かりぬい
借り主,かりぬし
借り物,かりもの
軽石,かるいし
軽口,かるくち
カルシウム,かるしうむ
かるた,かるた
軽業,かるわざ
彼,かれ
加齢,かれい
カレー,かれー
枯れ木,かれき
瓦礫,がれき
彼氏,かれし
枯れ葉,かれは
可憐,かれん
カレンダー,かれんだー
川,かわ
側,がわ
可愛い,かわいい
可哀想,かわいそう
カワウソ,かわうそ
川風,かわかぜ
川上,かわかみ
川岸,かわぎし
皮切り,かわきり
川下り,かわくだり
革靴,かわぐつ
川下,かわしも
為替,かわせ
革製,かわせい
川蝉,かわせみ
川底,かわぞこ
川床,かわどこ
川開き,かわびらき
川縁,かわべり
川面,かわも
河原,かわら
瓦版,かわらばん
瓦葺き,かわらぶき
瓦屋根,かわらやね
変わり目,かわりめ
冠,かん
岩,がん
勘案,かんあん
岩塩,がんえん
棺桶,かんおけ
漢音,かんおん
感化,かんか
眼下,がんか
官界,かんかい
灌漑,かんがい
考え,かんがえ
感覚,かんかく
官学,かんがく
管轄,かんかつ
喚起,かんき
雁木,がんぎ
換気扇,かんきせん
柑橘,かんきつ
換金,かんきん
元金,がんきん
管区,かんく
玩具,がんぐ
岩窟,がんくつ
官軍,かんぐん
関係,かんけい
歓迎,かんげい
感激,かんげき
完結,かんけつ
官憲,かんけん
換言,かんげん
歓呼,かんこ
看護,かんご
観光,かんこう
観光客,かんこうきゃく
勧告,かんこく
監獄,かんごく
看護師,かんごし
閑古鳥,かんこどり
監査,かんさ
完済,かんさい
管財,かんざい
艦載機,かんさいき
贋作,がんさく
簪,かんざし
監察,かんさつ
換算,かんさん
環視,かんし
感じ,かんじ
鑑識,かんしき
感謝,かんしゃ
患者,かんじゃ
感情,かんじょう
寒心,かんしん
冠水,かんすい
関数,かんすう
完成,かんせい
関税,かんぜい
岩石,がんせき
間接,かんせつ
感染,かんせん
眼前,がんぜん
元祖,がんそ
乾燥,かんそう
肝臓,かんぞう
観測,かんそく
寒村,かんそん
歓待,かんたい
眼帯,がんたい
干拓,かんたく
雁垂れ,がんだれ
感嘆,かんたん
歓談,かんだん
元旦,がんたん
完治,かんち
勘違い,かんちがい
含蓄,がんちく
干潮,かんちょう
缶詰,かんづめ
鑑定,かんてい
貫徹,かんてつ
寒天,かんてん
感電,かんでん
乾電池,かんでんち
感度,かんど
感得,かんとく
鉋,かんな
堪忍,かんにん
カンニング,かんにんぐ
閂,かんぬき
神主,かんぬし
観念,かんねん
元年,がんねん
観音,かんのん
乾杯,かんぱい
かんぱち,かんぱち
看板,かんばん
ガンビア,がんびあ
缶ビール,かんびーる
乾物,かんぶつ
丸薬,がんやく
肝油,かんゆ
関与,かんよ
陥落,かんらく
観覧,かんらん
監理,かんり
元利,がんり
眼力,がんりき
管理人,かんりにん
感涙,かんるい
慣例,かんれい
還暦,かんれき
関連,かんれん
寒露,かんろ
貫禄,かんろく
緩和,かんわ
気合い,きあい
気圧,きあつ
起案,きあん
議案,ぎあん
キーウ,きーう
生糸,きいと
キーボード,きーぼーど
黄色,きいろ
黄色い,きいろい
起因,きいん
議員,ぎいん
機運,きうん
帰依,きえ
気炎,きえん
義援,ぎえん
記憶,きおく
気後れ,きおくれ
気落ち,きおち
気温,きおん
擬音,ぎおん
帰化,きか
飢餓,きが
器械,きかい
危害,きがい
議会,ぎかい
着替え,きがえ
幾何学,きかがく
企画,きかく
器楽,きがく
来掛け,きがけ
気兼ね,きがね
気構え,きがまえ
帰還,きかん
祈願,きがん
技官,ぎかん
気管支,きかんし
危機,きき
木々,きぎ
疑義,ぎぎ
利き腕,ききうで
効き目,ききめ
聞き役,ききやく
気球,ききゅう
木切れ,きぎれ
基金,ききん
貴金属,ききんぞく
菊,きく
危惧,きぐ
気配り,きくばり
気位,きぐらい
偽計,ぎけい
技芸,ぎげい
喜劇,きげき
帰結,きけつ
議決,ぎけつ
棄権,きけん
期限,きげん
季語,きご
帰国,きこく
疑獄,ぎごく
着心地,きごこち
気心,きごころ
気骨,きこつ
きこり,きこり
既婚,きこん
記載,きさい
器材,きざい
后,きさき
如月,きさらぎ
岸,きし
記事,きじ
技師,ぎし
儀式,ぎしき
気質,きしつ
岸辺,きしべ
技術,ぎじゅつ
寄進,きしん
疑心,ぎしん
鱚,きす
傷,きず
寄生,きせい
犠牲,ぎせい
擬声語,ぎせいご
議席,ぎせき
季節,きせつ
気絶,きぜつ
季節風,きせつふう
棋戦,きせん
偽善,ぎぜん
起訴,きそ
規則,きそく
帰属,きぞく
義足,ぎそく
貴族院,きぞくいん
既存,きそん
北,きた
犠打,ぎだ
ギター,ぎたー
期待,きたい
季題,きだい
擬態,ぎたい
議題,ぎだい
北風,きたかぜ
寄託,きたく
北口,きたぐち
北国,きたぐに
木太刀,きだち
北朝鮮,きたちょうせん
気立て,きだて
北マケドニア,きたまけどにあ
忌憚,きたん
危地,きち
鬼畜,きちく
吉例,きちれい
喫煙,きつえん
吃音,きつおん
キックボード,きっくぼーど
着付,きつけ
喫茶店,きっさてん
キッチン,きっちん
啄木鳥,きつつき
切手,きって
狐,きつね
切符,きっぷ
詰問,きつもん
規定,きてい
義弟,ぎてい
汽笛,きてき
基点,きてん
儀典,ぎてん
企図,きと
喜怒,きど
危篤,きとく
着流し,きながし
黄な粉,きなこ
ギニア,ぎにあ
ギニアビサウ,ぎにあびさう
帰任,きにん
絹,きぬ
絹糸,きぬいと
気抜け,きぬけ
砧,きぬた
杵,きね
祈念,きねん
疑念,ぎねん
昨日,きのう
茸,きのこ
気のせい,きのせい
気乗り,きのり
木場,きば
気迫,きはく
起爆,きばく
木箱,きばこ
揮発,きはつ
気晴らし,きばらし
規範,きはん
基盤,きばん
機帆船,きはんせん
忌避,きひ
機微,きび
犠飛,ぎひ
忌引き,きびき
気品,きひん
寄付,きふ
岐阜,ぎふ
起伏,きふく
器物,きぶつ
キプロス,きぷろす
気分,きぶん
気分転換,きぶんてんかん
騎兵,きへい
木偏,きへん
奇弁,きべん
規模,きぼ
義母,ぎぼ
希望,きぼう
木彫り,きぼり
基本,きほん
義妹,ぎまい
気前,きまえ
期末,きまつ
決まり手,きまりて
欺瞞,ぎまん
君,きみ
機密,きみつ
黄緑,きみどり
義務,ぎむ
木村,きむら
記名,きめい
偽名,ぎめい
決め球,きめだま
決め手,きめて
肝,きも
肝煎り,きもいり
気持ち,きもち
着物,きもの
気門,きもん
疑問,ぎもん
客,きゃく
既約,きやく
気休め,きやすめ
キャミソール,きゃみそーる
キャラメル,きゃらめる
キャンディ,きゃんでぃ
キャンプ,きゃんぷ
キャンプ場,きゃんぷじょう
キャンベラ,きゃんべら
休日,きゅうじつ
球体,きゅうたい
キュート,きゅーと
牛肉,ぎゅうにく
牛乳,ぎゅうにゅう
キューバ,きゅーば
給料,きゅうりょう
きゅっと,きゅっと
きゅるる,きゅるる
きゅるるん,きゅるるん
きゅるん,きゅるん
きゅん,きゅん
寄与,きよ
今日,きょう
教育,きょういく
教会,きょうかい
教科書,きょうかしょ
共感,きょうかん
競技場,きょうぎじょう
供給,きょうきゅう
凝固,ぎょうこ
ぎょうざ,ぎょうざ
共産主義,きょうさんしゅぎ
教室,きょうしつ
凝縮,ぎょうしゅく
競争,きょうそう
競艇,きょうてい
競艇場,きょうていじょう
京都,きょうと
恐怖,きょうふ
興味,きょうみ
恐竜,きょうりゅう
協力,きょうりょく
行列,ぎょうれつ
許可,きょか
極限,きょくげん
漁港,ぎょこう
巨大,きょだい
距離,きょり
魚類,ぎょるい
機雷,きらい
きらきら,きらきら
桐,きり
義理,ぎり
切り売り,きりうり
切り絵,きりえ
切替,きりかえ
切り株,きりかぶ
切り口,きりくち
霧雨,きりさめ
規律,きりつ
キリバス,きりばす
霧吹き,きりふき
切り札,きりふだ
切り干し,きりぼし
切り身,きりみ
錐揉み,きりもみ
切り盛り,きりもり
きりん,きりん
キルギス,きるぎす
綺麗,きれい
儀礼,ぎれい
綺麗事,きれいごと
亀裂,きれつ
切れ端,きれはし
切れ目,きれめ
切れ者,きれもの
岐路,きろ
ギロ,ぎろ
記録,きろく
議論,ぎろん
木枠,きわく
疑惑,ぎわく
極み,きわみ
斤,きん
銀,ぎん
金色,きんいろ
銀色,ぎんいろ
禁煙,きんえん
金貨,きんか
銀貨,ぎんか
近海,きんかい
金額,きんがく
近刊,きんかん
近眼,きんがん
金魚,きんぎょ
金銀,きんぎん
禁句,きんく
キングストン,きんぐすとん
近景,きんけい
近県,きんけん
金言,きんげん
禁固,きんこ
銀行,ぎんこう
銀行員,ぎんこういん
筋骨,きんこつ
金策,きんさく
禁止,きんし
キンシャサ,きんしゃさ
謹慎,きんしん
禁制,きんせい
銀世界,ぎんせかい
近接,きんせつ
琴線,きんせん
筋線維,きんせんい
勤続,きんぞく
近代,きんだい
金高,きんだか
禁断,きんだん
緊張,きんちょう
金的,きんてき
銀杏,ぎんなん
筋肉,きんにく
近年,きんねん
近辺,きんぺん
金目鯛,きんめだい
金木犀,きんもくせい
禁輸,きんゆ
金融業,きんゆうぎょう
金曜日,きんようび
禁欲,きんよく
近来,きんらい
金蘭,きんらん
金利,きんり
近隣,きんりん
菌類,きんるい
禁令,きんれい
具合,ぐあい
グアテマラ,ぐあてまら
杭,くい
区域,くいき
食い気,くいけ
食い物,くいもの
空間,くうかん
空気,くうき
空港,くうこう
偶然,ぐうぜん
苦海,くかい
区画,くかく
苦学,くがく
区間,くかん
茎,くき
釘,くぎ
九々,くく
潜り戸,くぐりど
公家,くげ
矩形,くけい
苦言,くげん
具現,ぐげん
草,くさ
草刈り,くさかり
草木,くさき
愚策,ぐさく
草地,くさち
草取り,くさとり
草花,くさばな
草原,くさはら
楔,くさび
草笛,くさぶえ
草葺き,くさぶき
草枕,くさまくら
草叢,くさむら
草餅,くさもち
鎖,くさり
腐れ縁,くされえん
草分け,くさわけ
駆使,くし
苦心,くしん
具申,ぐしん
くす玉,くすだま
薬,くすり
薬屋,くすりや
薬指,くすりゆび
癖,くせ
苦節,くせつ
曲者,くせもの
苦戦,くせん
管,くだ
具体,ぐたい
果物,くだもの
下り坂,くだりざか
下り線,くだりせん
口,くち
愚痴,ぐち
口開け,くちあけ
口裏,くちうら
口絵,くちえ
口金,くちがね
口利き,くちきき
駆逐,くちく
口癖,くちぐせ
口々,くちぐち
口答え,くちごたえ
口先,くちさき
口添え,くちぞえ
口出し,くちだし
口止め,くちどめ
口無し,くちなし
くちばし,くちばし
口火,くちび
唇,くちびる
口笛,くちぶえ
口振り,くちぶり
口紅,くちべに
口偏,くちへん
口真似,くちまね
口元,くちもと
靴,くつ
クッキー,くっきー
靴下,くつした
轡,くつわ
句点,くてん
功徳,くどく
宮内,くない
苦難,くなん
国,くに
国構え,くにがまえ
国柄,くにがら
狗肉,くにく
国々,くにぐに
国境,くにざかい
国元,くにもと
橡,くぬぎ
苦杯,くはい
首,くび
具備,ぐび
軛,くびき
首切り,くびきり
首吊り,くびつり
首輪,くびわ
区部,くぶ
区分,くぶん
区別,くべつ
凹地,くぼち
くま,くま
隈笹,くまざさ
熊手,くまで
隈取り,くまどり
熊蜂,くまばち
熊本,くまもと
組,くみ
胡頽子,ぐみ
組合,くみあい
組員,くみいん
組み手,くみて
区民,くみん
愚民,ぐみん
工面,くめん
蜘蛛,くも
雲隠れ,くもがくれ
供物,くもつ
雲間,くもま
蜘蛛膜,くもまく
雲行き,くもゆき
曇,くもり
曇り空,くもりぞら
苦悶,くもん
愚問,ぐもん
区役所,くやくしょ
蔵,くら
位,くらい
クライアント,くらいあんと
位取り,くらいどり
クラウド,くらうど
鞍替え,くらがえ
暗がり,くらがり
苦楽,くらく
くらげ,くらげ
グラス,ぐらす
クラッカー,くらっかー
クラッチバッグ,くらっちばっぐ
クラブ,くらぶ
比べ物,くらべもの
蔵元,くらもと
暗闇,くらやみ
クラリネット,くらりねっと
庫裏,くり
クリアファイル,くりあふぁいる
繰り返し,くりかえし
栗毛,くりげ
繰り言,くりごと
クリスマス,くりすます
区立,くりつ
クリップ,くりっぷ
クルーザー,くるーざー
くるくる,くるくる
来る年,くるとし
踝,くるぶし
車,くるま
車えび,くるまえび
車座,くるまざ
車代,くるまだい
車偏,くるまへん
胡桃,くるみ
暮れ方,くれがた
紅,くれない
クレヨン,くれよん
黒,くろ
クロアチア,くろあちあ
黒い,くろい
グローブ,ぐろーぶ
くろがね,くろがね
黒焦げ,くろこげ
黒潮,くろしお
黒白,くろしろ
黒土,くろつち
黒縁,くろぶち
黒船,くろふね
黒星,くろぼし
黒幕,くろまく
黒松,くろまつ
黒豆,くろまめ
黒山,くろやま
クロワッサン,くろわっさん
桑,くわ
鍬形,くわがた
区分け,くわけ
区割り,くわり
群,ぐん
軍医,ぐんい
軍歌,ぐんか
軍拡,ぐんかく
軍艦,ぐんかん
軍旗,ぐんき
訓告,くんこく
軍国,ぐんこく
君子,くんし
燻製,くんせい
群生,ぐんせい
軍勢,ぐんぜい
軍属,ぐんぞく
軍隊,ぐんたい
軍団,ぐんだん
軍手,ぐんて
訓読,くんどく
群読,ぐんどく
群馬,ぐんま
訓読み,くんよみ
群落,ぐんらく
君臨,くんりん
訓令,くんれい
訓練,くんれん
訓話,くんわ
毛穴,けあな
刑,けい
芸,げい
敬愛,けいあい
経緯,けいい
経営,けいえい
敬遠,けいえん
経過,けいか
慶賀,けいが
警戒,けいかい
形骸,けいがい
計画,けいかく
景観,けいかん
刑期,けいき
迎撃,げいげき
経験,けいけん
軽減,けいげん
稽古,けいこ
警護,けいご
芸子,げいこ
蛍光ペン,けいこうぺん
警告,けいこく
稽古事,けいこごと
芸事,げいごと
掲載,けいさい
経済,けいざい
警察,けいさつ
警察署,けいさつしょ
計算,けいさん
軽視,けいし
刑事,けいじ
型式,けいしき
傾斜,けいしゃ
芸術,げいじゅつ
軽震,けいしん
形成,けいせい
形跡,けいせき
経線,けいせん
ケイ素,けいそ
計測,けいそく
継続,けいぞく
携帯,けいたい
境内,けいだい
芸談,げいだん
啓蟄,けいちつ
警笛,けいてき
毛糸,けいと
経度,けいど
鶏肉,けいにく
芸人,げいにん
競馬,けいば
競馬場,けいばじょう
啓発,けいはつ
刑罰,けいばつ
経費,けいひ
警備,けいび
景品,けいひん
系譜,けいふ
軽侮,けいぶ
敬服,けいふく
軽蔑,けいべつ
芸名,げいめい
契約,けいやく
経由,けいゆ
警邏,けいら
鶏卵,けいらん
経理,けいり
競輪,けいりん
競輪場,けいりんじょう
敬礼,けいれい
経歴,けいれき
系列,けいれつ
痙攣,けいれん
毛色,けいろ
稀有,けう
ケーキ,けーき
ケーキ屋,けーきや
ケーブルカー,けーぶるかー
ゲーム,げーむ
ゲームセンター,げーむせんたー
毛織り,けおり
怪我,けが
外科,げか
下界,げかい
怪我人,けがにん
毛皮,けがわ
下巻,げかん
劇,げき
劇化,げきか
劇画,げきが
激減,げきげん
劇作,げきさく
劇作家,げきさくか
劇場,げきじょう
激震,げきしん
激戦,げきせん
撃退,げきたい
劇団,げきだん
撃沈,げきちん
撃墜,げきつい
激怒,げきど
激突,げきとつ
撃破,げきは
劇物,げきぶつ
激変,げきへん
激務,げきむ
劇薬,げきやく
毛嫌い,けぎらい
激励,げきれい
激論,げきろん
下血,げけつ
今朝,けさ
下剤,げざい
毛先,けさき
下山,げざん
芥子,けし
夏至,げし
消印,けしいん
景色,けしき
消しゴム,けしごむ
芥子粒,けしつぶ
化身,けしん
下水,げすい
ゲストハウス,げすとはうす
下船,げせん
下足,げそく
桁,けた
下駄,げた
解脱,げだつ
下段,げだん
ケチャップ,けちゃっぷ
欠,けつ
月,げつ
血圧,けつあつ
欠員,けついん
血液,けつえき
血縁,けつえん
結果,けっか
月額,げつがく
決議,けつぎ
結婚,けっこん
月食,げっしょく
血税,けつぜい
血族,けつぞく
決断,けつだん
血肉,けつにく
欠番,けつばん
決別,けつべつ
結末,けつまつ
月面,げつめん
月曜日,げつようび
欠落,けつらく
月例,げつれい
決裂,けつれつ
結論,けつろん
解毒,げどく
毛並み,けなみ
ケニア,けにあ
毛抜,けぬき
解熱,げねつ
懸念,けねん
気配,けはい
毛鉤,けばり
蹴鞠,けまり
毛虫,けむし
煙,けむり
獣,けもの
獣偏,けものへん
下野,げや
欅,けやき
家来,けらい
下落,げらく
けり,けり
下痢,げり
けろりと,けろりと
件,けん
元,げん
減圧,げんあつ
懸案,けんあん
原案,げんあん
権威,けんい
牽引,けんいん
原因,げんいん
巻雲,けんうん
兼営,けんえい
検疫,けんえき
原液,げんえき
検閲,けんえつ
嫌悪,けんお
検温,けんおん
喧嘩,けんか
原価,げんか
原画,げんが
県会,けんかい
厳戒,げんかい
言外,げんがい
見学,けんがく
幻覚,げんかく
減額,げんがく
検眼,けんがん
厳寒,げんかん
建議,けんぎ
元気,げんき
原義,げんぎ
研究者,けんきゅうしゃ
研究所,けんきゅうじょ
献金,けんきん
厳禁,げんきん
県警,けんけい
減刑,げんけい
献血,けんけつ
建言,けんげん
言語,げんご
健康,けんこう
原稿用紙,げんこうようし
建国,けんこく
原告,げんこく
拳骨,げんこつ
検査,けんさ
県債,けんさい
顕在,けんざい
現在,げんざい
県境,けんざかい
剣先,けんさき
建策,けんさく
原作,げんさく
検察,けんさつ
検察官,けんさつかん
剣山,けんざん
原産,げんさん
減算,げんざん
検視,けんし
原始,げんし
原子核,げんしかく
見識,けんしき
玄室,げんしつ
現実,げんじつ
現象,げんしょう
現状,げんじょう
検診,けんしん
懸垂,けんすい
減水,げんすい
現世,げんせ
建制,けんせい
原生,げんせい
減税,げんぜい
原石,げんせき
建設,けんせつ
言説,げんせつ
建設業,けんせつぎょう
厳選,げんせん
元素,げんそ
減速,げんそく
謙遜,けんそん
現存,げんそん
倦怠,けんたい
減退,げんたい
原題,げんだい
剣玉,けんだま
減反,げんたん
検地,けんち
現地,げんち
建築,けんちく
建築家,けんちくか
県庁,けんちょう
原付き,げんつき
検定,けんてい
限定,げんてい
減点,げんてん
建都,けんと
限度,げんど
剣道,けんどう
現生,げんなま
兼任,けんにん
憲法,けんぽう
原野,げんや
倹約,けんやく
原油,げんゆ
権利,けんり
原理,げんり
県立,けんりつ
権力,けんりょく
県連,けんれん
言論,げんろん
幻惑,げんわく
御挨拶,ごあいさつ
恋,こい
語彙,ごい
恋心,こいごころ
碁石,ごいし
こいつ,こいつ
こいぬ,こいぬ
鯉幟,こいのぼり
恋人,こいびと
恋文,こいぶみ
誤飲,ごいん
合意,ごうい
公園,こうえん
効果,こうか
後悔,こうかい
攻撃,こうげき
貢献,こうけん
光合成,こうごうせい
広告,こうこく
黄砂,こうさ
交渉,こうしょう
工場,こうじょう
香辛料,こうしんりょう
恒星,こうせい
構造,こうぞう
高速道路,こうそくどうろ
高知,こうち
紅茶,こうちゃ
交通,こうつう
行動,こうどう
合同,ごうどう
後輩,こうはい
交番,こうばん
幸福,こうふく
興奮,こうふん
神戸,こうべ
公民館,こうみんかん
公務員,こうむいん
項目,こうもく
小売業,こうりぎょう
効率,こうりつ
声,こえ
護衛,ごえい
小枝,こえだ
ゴーグル,ごーぐる
コート,こーと
コード,こーど
コーヒー,こーひー
氷,こおり
ゴール,ごーる
固化,こか
子飼い,こがい
誤解,ごかい
古楽,こがく
語学,ごがく
木陰,こかげ
枯渇,こかつ
五角形,ごかっけい
こがね,こがね
黄金色,こがねいろ
木枯らし,こがらし
湖岸,こがん
互換,ごかん
護岸,ごがん
古希,こき
語気,ごき
小気味,こきび
ごきぶり,ごきぶり
呼吸,こきゅう
国,こく
獄,ごく
極悪,ごくあく
国威,こくい
極意,ごくい
刻印,こくいん
国営,こくえい
国益,こくえき
黒煙,こくえん
国学,こくがく
極寒,ごくかん
国技,こくぎ
国軍,こくぐん
国劇,こくげき
刻限,こくげん
国語,こくご
国債,こくさい
国策,こくさく
国産,こくさん
酷使,こくし
国粋,こくすい
国是,こくぜ
国勢,こくせい
国籍,こくせき
国選,こくせん
告訴,こくそ
国体,こくたい
告知,こくち
小口,こぐち
国定,こくてい
黒点,こくてん
国土,こくど
国難,こくなん
告白,こくはく
告発,こくはつ
黒板,こくばん
黒板消し,こくばんけし
国費,こくひ
極秘,ごくひ
国賓,こくひん
極貧,ごくひん
克服,こくふく
国文,こくぶん
告別,こくべつ
国保,こくほ
極細,ごくぼそ
国民,こくみん
国務,こくむ
国名,こくめい
穀物,こくもつ
極楽,ごくらく
国立,こくりつ
穀類,こくるい
国論,こくろん
孤軍,こぐん
苔,こけ
固形,こけい
互恵,ごけい
小芥子,こけし
御家人,ごけにん
護憲,ごけん
語源,ごげん
個々,ここ
古語,こご
午後,ごご
ココア,ここあ
小声,こごえ
故国,ここく
五穀,ごこく
心地,ここち
小言,こごと
心,こころ
心意気,こころいき
心根,こころね
古今,ここん
誤差,ごさ
茣蓙,ござ
コサージュ,こさーじゅ
後妻,ごさい
小細工,こざいく
小魚,こざかな
小作,こさく
阜偏,こざとへん
小雨,こさめ
古参,こさん
誤算,ごさん
古紙,こし
漉し餡,こしあん
小潮,こしお
腰折れ,こしおれ
来し方,こしかた
古式,こしき
五色,ごしき
固執,こしつ
後日,ごじつ
腰抜け,こしぬけ
腰元,こしもと
胡椒,こしょう
個人,こじん
誤診,ごしん
湖水,こすい
コスタリカ,こすたりか
コスト,こすと
碁聖,ごせい
古生代,こせいだい
戸籍,こせき
小銭,こぜに
互選,ごせん
午前,ごぜん
五線紙,ごせんし
子育て,こそだて
個体,こたい
古代,こだい
答,こたえ
子宝,こだから
小出し,こだし
木立,こだち
こたつ,こたつ
木霊,こだま
こちら,こちら
骨,こつ
国境,こっきょう
骨壺,こつつぼ
骨盤,こつばん
コップ,こっぷ
小手,こて
後手,ごて
固定,こてい
鼓笛隊,こてきたい
小手先,こてさき
個展,こてん
御殿,ごてん
糊塗,こと
後藤,ごとう
事柄,ことがら
誤読,ごどく
今年,ことし
言葉,ことば
寿,ことぶき
子供,こども
小鳥,ことり
諺,ことわざ
粉,こな
粉薬,こなぐすり
粉雪,こなゆき
誤認,ごにん
小糠,こぬか
粉糠雨,こぬかあめ
こねこ,こねこ
此後,このあと
この頃,このごろ
此際,このさい
此先,このさき
此分,このぶん
此前,このまえ
此世,このよ
琥珀,こはく
御破算,ごはさん
小走り,こばしり
こはぜ,こはぜ
こはだ,こはだ
小旗,こばた
小咄,こばなし
子離れ,こばなれ
小林,こばやし
湖畔,こはん
小判,こばん
御飯,ごはん
碁盤,ごばん
語尾,ごび
コピー,こぴー
木挽,こびき
小人,こびと
鼓舞,こぶ
護符,ごふ
五分,ごぶ
呉服,ごふく
五分五分,ごぶごぶ
御無沙汰,ごぶさた
拳,こぶし
古物,こぶつ
小舟,こぶね
古墳,こふん
古文,こぶん
語弊,ごへい
個別,こべつ
コペンハーゲン,こぺんはおげん
独楽,こま
胡麻,ごま
胡麻油,ごまあぶら
狛犬,こまいぬ
細切り,こまぎり
細切れ,こまぎれ
鼓膜,こまく
駒草,こまくさ
小松,こまつ
小松菜,こまつな
駒鳥,こまどり
小間物,こまもの
困り者,こまりもの
小回り,こまわり
込,こみ
ごみ,ごみ
ゴミ処理場,ごみしょりじょう
小見出し,こみだし
小道,こみち
塵箱,ごみばこ
小麦,こむぎ
小麦色,こむぎいろ
小麦粉,こむぎこ
小結,こむすび
米,こめ
蟀谷,こめかみ
米蔵,こめぐら
米粒,こめつぶ
米所,こめどころ
米糠,こめぬか
米偏,こめへん
米屋,こめや
湖面,こめん
御免,ごめん
薦,こも
五目,ごもく
子持ち,こもち
小物,こもの
子守り,こもり
子守唄,こもりうた
コモロ,こもろ
顧問,こもん
小屋,こや
小屋掛け,こやがけ
子役,こやく
誤訳,ごやく
小やみ,こやみ
小雪,こゆき
小指,こゆび
今宵,こよい
暦,こよみ
紙撚り,こより
娯楽,ごらく
御覧,ごらん
懲り懲り,こりごり
孤立,こりつ
御利益,ごりやく
五輪,ごりん
ゴルフ,ごるふ
ゴルフ場,ごるふじょう
これ,これ
頃,ころ
語呂,ごろ
頃合い,ころあい
語録,ごろく
ころころ,ころころ
ごろつき,ごろつき
コロッケ,ころっけ
衣,ころも
衣替え,ころもがえ
衣偏,ころもへん
コロンビア,ころんびあ
声色,こわいろ
小分け,こわけ
婚,こん
紺色,こんいろ
婚姻,こんいん
コンガ,こんが
今回,こんかい
根幹,こんかん
懇願,こんがん
今季,こんき
困苦,こんく
根比べ,こんくらべ
権化,ごんげ
混血,こんけつ
今月,こんげつ
根源,こんげん
権現,ごんげん
今後,こんご
混合物,こんごうぶつ
コンサート,こんさーと
混在,こんざい
混雑,こんざつ
懇親,こんしん
困睡,こんすい
懇請,こんせい
痕跡,こんせき
今節,こんせつ
根絶,こんぜつ
混線,こんせん
コンソメ,こんそめ
献立,こんだて
魂胆,こんたん
懇談,こんだん
根治,こんち
昆虫,こんちゅう
根底,こんてい
今度,こんど
近藤,こんどう
コントラバス,こんとらばす
混沌,こんとん
今日,こんにち
コンパス,こんぱす
コンビニ,こんびに
コンピュータ,こんぴゅーた
今夜,こんや
婚約,こんやく
混乱,こんらん
婚礼,こんれい
懇話,こんわ
困惑,こんわく
サーバー,さーばー
サービスエリア,さーびすえりあ
サービス業,さーびすぎょう
サーフィン,さーふぃん
サーモン,さーもん
債,さい
剤,ざい
罪悪,ざいあく
罪悪感,ざいあくかん
在位,ざいい
再演,さいえん
裁可,さいか
再会,さいかい
災害,さいがい
財界,ざいかい
在外,ざいがい
才覚,さいかく
在学,ざいがく
細管,さいかん
再起,さいき
再議,さいぎ
採金,さいきん
在勤,ざいきん
細工,さいく
採掘,さいくつ
妻君,さいくん
財形,ざいけい
採決,さいけつ
歳月,さいげつ
再建,さいけん
再現,さいげん
財源,ざいげん
最期,さいご
在庫,ざいこ
さいころ,さいころ
再婚,さいこん
幸先,さいさき
採算,さいさん
財産,ざいさん
妻子,さいし
材質,ざいしつ
再審,さいしん
採寸,さいすん
再生,さいせい
財政,ざいせい
採石,さいせき
在籍,ざいせき
再戦,さいせん
催促,さいそく
臍帯,さいたい
採択,さいたく
在宅,ざいたく
埼玉,さいたま
裁断,さいだん
財団,ざいだん
裁定,さいてい
採点,さいてん
再度,さいど
斎藤,さいとう
災難,さいなん
再任,さいにん
在任,ざいにん
再燃,さいねん
才能,さいのう
采配,さいはい
栽培,さいばい
菜箸,さいばし
再発,さいはつ
財閥,ざいばつ
再版,さいはん
裁判,さいばん
裁判官,さいばんかん
裁判所,さいばんしょ
採否,さいひ
財布,さいふ
細部,さいぶ
細分,さいぶん
再編,さいへん
細胞,さいぼう
歳末,さいまつ
細密,さいみつ
催眠,さいみん
在民,ざいみん
債務,さいむ
財務,ざいむ
罪名,ざいめい
細目,さいもく
材木,ざいもく
在野,ざいや
災厄,さいやく
再来,さいらい
在来,ざいらい
採卵,さいらん
材料,ざいりょう
催涙,さいるい
祭礼,さいれい
再録,さいろく
サイン,さいん
サウジアラビア,さうじあらびあ
サウナ,さうな
差益,さえき
竿,さお
早乙女,さおとめ
竿秤,さおばかり
坂,さか
佐賀,さが
境,さかい
境目,さかいめ
逆恨み,さかうらみ
榊,さかき
差額,さがく
酒蔵,さかぐら
逆さ,さかさ
座頭,ざがしら
逆立ち,さかだち
酒樽,さかだる
逆手,さかて
魚,さかな
魚屋,さかなや
酒場,さかば
酒店,さかみせ
坂道,さかみち
坂本,さかもと
酒盛り,さかもり
酒屋,さかや
逆夢,さかゆめ
盛り,さかり
盛り場,さかりば
佐官,さかん
左岸,さがん
先,さき
詐欺,さぎ
先頃,さきごろ
先々,さきざき
先取り,さきどり
先払い,さきばらい
先触れ,さきぶれ
先細り,さきぼそり
先程,さきほど
先回り,さきまわり
先物,さきもの
防人,さきもり
先行き,さきゆき
作業,さぎょう
作業着,さぎょうぎ
砂金,さきん
作,さく
作為,さくい
索引,さくいん
作画,さくが
作柄,さくがら
削岩機,さくがんき
昨季,さくき
削減,さくげん
錯誤,さくご
酢酸,さくさん
作詞,さくし
作成,さくせい
作戦,さくせん
座屈,ざくつ
策定,さくてい
昨年,さくねん
昨晩,さくばん
作品,さくひん
作文,さくぶん
作物,さくもつ
昨夜,さくや
桜,さくら
炸裂,さくれつ
ザグレブ,ざぐれぶ
柘榴,ざくろ
酒,さけ
酒飲み,さけのみ
叫び,さけび
叫び声,さけびごえ
裂け目,さけめ
酒酔い,さけよい
左舷,さげん
雑魚,ざこ
鎖国,さこく
鎖骨,さこつ
雑魚寝,ざこね
笹,ささ
さざえ,さざえ
佐々木,ささき
査察,ささつ
さざ波,さざなみ
細雪,ささめゆき
山茶花,さざんか
座視,ざし
刺し網,さしあみ
挿絵,さしえ
差し金,さしがね
挿し木,さしき
座敷,ざしき
差し手,さして
刺し身,さしみ
指し物,さしもの
砂州,さす
サスペンダー,さすぺんだー
座席,ざせき
左折,させつ
挫折,ざせつ
左遷,させん
座禅,ざぜん
蠍,さそり
差損,さそん
沙汰,さた
ざた,ざた
座談,ざだん
札,さつ
撮影,さつえい
雑役,ざつえき
雑音,ざつおん
作家,さっか
サッカー,さっかー
五月,さつき
サックス,さっくす
雑誌,ざっし
札束,さつたば
雑談,ざつだん
雑念,ざつねん
雑文,ざつぶん
札幌,さっぽろ
薩摩芋,さつまいも
雑務,ざつむ
査定,さてい
砂鉄,さてつ
里,さと
里芋,さといも
佐藤,さとう
里帰り,さとがえり
里子,さとご
里心,さとごころ
サドル,さどる
早苗,さなえ
さなか,さなか
蛹,さなぎ
左派,さは
さば,さば
砂漠,さばく
錆,さび
寂しさ,さびしさ
座標,ざひょう
座布団,ざぶとん
差別,さべつ
左辺,さへん
様,さま
ざま,ざま
五月雨,さみだれ
寒け,さむけ
寒空,さむぞら
侍,さむらい
鮫,さめ
サモア,さもあ
査問,さもん
莢,さや
さ湯,さゆ
左右,さゆう
左翼,さよく
さより,さより
皿,さら
皿洗い,さらあらい
再来月,さらいげつ
再来週,さらいしゅう
再来年,さらいねん
ざら紙,ざらがみ
更紗,さらさ
晒し粉,さらしこ
サラダ,さらだ
更地,さらち
粗目,ざらめ
猿,さる
笊,ざる
然る事,さること
百日紅,さるすべり
ざるそば,ざるそば
猿真似,さるまね
沢,さわ
沢蟹,さわがに
鰆,さわら
左腕,さわん
参,さん
残,ざん
賛意,さんい
散逸,さんいつ
参院,さんいん
参加,さんか
三回,さんかい
残害,ざんがい
参画,さんかく
山岳,さんがく
残額,ざんがく
三角形,さんかっけい
三箇日,さんがにち
参観,さんかん
慙愧,ざんき
参議院,さんぎいん
産業,さんぎょう
残金,ざんきん
サングラス,さんぐらす
懺悔,ざんげ
惨劇,さんげき
酸欠,さんけつ
散見,さんけん
讒言,ざんげん
産後,さんご
山菜,さんさい
散在,さんざい
散策,さんさく
サンサルバドル,さんさるばどる
残滓,ざんし
算術,さんじゅつ
三振,さんしん
散水,さんすい
算数,さんすう
三竦み,さんすくみ
参政,さんせい
山積,さんせき
残雪,ざんせつ
参戦,さんせん
酸素,さんそ
山賊,さんぞく
山村,さんそん
残存,ざんそん
参内,さんだい
残高,ざんだか
サンダル,さんだる
算段,さんだん
山地,さんち
算定,さんてい
暫定,ざんてい
サンティアゴ,さんてぃあご
残土,ざんど
サンドイッチ,さんどいっち
サントドミンゴ,さんとどみんご
三男,さんなん
サンパウロ,さんぱうろ
ザンビア,ざんびあ
サンフアン,さんふあん
サンプル,さんぷる
散歩,さんぽ
サンホセ,さんほせ
さんま,さんま
サンマリノ,さんまりの
山野,さんや
三役,さんやく
参与,さんよ
散乱,さんらん
山林,さんりん
三輪車,さんりんしゃ
残塁,ざんるい
参列,さんれつ
山麓,さんろく
試合,しあい
指圧,しあつ
幸せ,しあわせ
思案,しあん
四囲,しい
詩歌,しいか
市域,しいき
飼育,しいく
椎茸,しいたけ
試飲,しいん
寺院,じいん
ジーンズ,じーんず
仕打ち,しうち
紫雲,しうん
試運転,しうんてん
市営,しえい
使役,しえき
ジェラート,じぇらーと
シエラレオネ,しえられおね
支援,しえん
塩,しお
潮風,しおかぜ
仕送り,しおくり
塩気,しおけ
潮騒,しおさい
潮時,しおどき
潮干,しおひ
潮目,しおめ
枝折り戸,しおりど
紫苑,しおん
史家,しか
滋賀,しが
司会,しかい
市街,しがい
紫外線,しがいせん
仕返し,しかえし
刺客,しかく
史学,しがく
四角形,しかくけい
シカゴ,しかご
仕方,しかた
屍,しかばね
弛緩,しかん
志願,しがん
時間,じかん
指揮,しき
市議,しぎ
敷居,しきい
敷石,しきいし
色感,しきかん
敷金,しききん
識見,しきけん
色彩,しきさい
色紙,しきし
色素,しきそ
しきたり,しきたり
敷地,しきち
式典,しきてん
敷布,しきふ
式服,しきふく
識別,しきべつ
敷物,しきもの
至近,しきん
詩吟,しぎん
試金石,しきんせき
市区,しく
仕草,しぐさ
試掘,しくつ
時雨,しぐれ
市警,しけい
刺激,しげき
止血,しけつ
茂み,しげみ
試験,しけん
資源,しげん
次元,じげん
子午線,しごせん
仕事,しごと
仕事場,しごとば
しこり,しこり
紫紺,しこん
示唆,しさ
視座,しざ
司祭,しさい
私財,しざい
思索,しさく
視察,しさつ
四散,しさん
志士,しし
紙質,ししつ
獅子舞,ししまい
磁石,じしゃく
辞書,じしょ
指針,ししん
地震,じしん
静岡,しずおか
静か,しずか
静けさ,しずけさ
システム,しすてむ
施政,しせい
史跡,しせき
施設,しせつ
支線,しせん
自然,しぜん
始祖,しそ
思想,しそう
四則,しそく
士族,しぞく
子孫,しそん
下,した
羊歯,しだ
下顎,したあご
シタール,したーる
肢体,したい
次第,しだい
時代,じだい
下請け,したうけ
舌打ち,したうち
下絵,したえ
下書き,したがき
下着,したぎ
支度,したく
下草,したくさ
下支え,したざさえ
仕出し,しだし
示達,したつ
下値,したね
下履き,したばき
下火,したび
下町,したまち
下見,したみ
下読み,したよみ
指弾,しだん
質,しち
七面鳥,しちめんちょう
質屋,しちや
七輪,しちりん
室,しつ
失意,しつい
室温,しつおん
質感,しつかん
質疑,しつぎ
失業,しつぎょう
失言,しつげん
湿田,しつでん
嫉妬,しっと
湿度,しつど
失敗,しっぱい
しっぽ,しっぽ
執務,しつむ
失明,しつめい
質問,しつもん
質量,しつりょう
失礼,しつれい
失恋,しつれん
仕手,して
指定,してい
指摘,してき
私鉄,してつ
支店,してん
市電,しでん
事典,じてん
自転車,じてんしゃ
使徒,しと
指導,しどう
児童館,じどうかん
自動車,じどうしゃ
シドニー,しどにー
品,しな
竹刀,しない
品柄,しながら
品川,しながわ
品切れ,しなぎれ
品揃え,しなぞろえ
品物,しなもの
指南,しなん
老舗,しにせ
篠,しの
鎬,しのぎ
篠笛,しのぶえ
芝,しば
支配,しはい
芝居,しばい
支配人,しはいにん
柴犬,しばいぬ
芝刈り,しばかり
柴田,しばた
始発,しはつ
芝生,しばふ
芝山,しばやま
支払,しはらい
市販,しはん
四半期,しはんき
私費,しひ
市部,しぶ
私服,しふく
私物,しぶつ
渋谷,しぶや
紙幣,しへい
紙片,しへん
資本,しほん
資本主義,しほんしゅぎ
島,しま
姉妹,しまい
縞馬,しまうま
島影,しまかげ
字幕,じまく
島国,しまぐに
始末,しまつ
島根,しまね
締まり屋,しまりや
衣魚,しみ
清水,しみず
市民,しみん
事務所,じむしょ
指名,しめい
締切,しめきり
〆さば,しめさば
示偏,しめすへん
しめ縄,しめなわ
湿り気,しめりけ
紙面,しめん
霜,しも
下期,しもき
霜月,しもつき
下手,しもて
霜解け,しもどけ
下の句,しものく
下半期,しもはんき
霜焼け,しもやけ
霜除け,しもよけ
諮問,しもん
視野,しや
ジャーナリスト,じゃーなりすと
ジャーナリズム,じゃーなりずむ
社会,しゃかい
社会主義,しゃかいしゅぎ
ジャガイモ,じゃがいも
ジャカルタ,じゃかるた
試薬,しやく
市役所,しやくしょ
尺八,しゃくはち
ジャケット,じゃけっと
写真,しゃしん
社宅,しゃたく
社長,しゃちょう
シャツ,しゃつ
借金,しゃっきん
シャトル,しゃとる
シャボン玉,しゃぼんだま
ジャマイカ,じゃまいか
三味線,しゃみせん
ジャム,じゃむ
上海,しゃんはい
ジャンプ,じゃんぷ
シャンプー,しゃんぷー
ジャンベ,じゃんべ
自由,じゆう
収穫,しゅうかく
習慣,しゅうかん
宗教,しゅうきょう
シュークリーム,しゅーくりーむ
集合,しゅうごう
ジューサー,じゅーさー
住所,じゅうしょ
ジュース,じゅーす
修正液,しゅうせいえき
集団,しゅうだん
絨毯,じゅうたん
集中,しゅうちゅう
充電,じゅうでん
柔道,じゅうどう
収入,しゅうにゅう
周辺,しゅうへん
住民,じゅうみん
重量挙げ,じゅうりょうあげ
重力,じゅうりょく
塾,じゅく
宿題,しゅくだい
宿泊業,しゅくはくぎょう
シュシュ,しゅしゅ
手術,しゅじゅつ
主人,しゅじん
朱肉,しゅにく
ジュネーブ,じゅねーぶ
趣味,しゅみ
需要,じゅよう
種類,しゅるい
瞬間,しゅんかん
準備,じゅんび
賞,しょう
昇華,しょうか
紹介,しょうかい
障害,しょうがい
小学校,しょうがっこう
定規,じょうぎ
上下,じょうげ
常識,じょうしき
浄水場,じょうすいじょう
小数,しょうすう
小説,しょうせつ
状態,じょうたい
焼酎,しょうちゅう
商店街,しょうてんがい
蒸発,じょうはつ
消費,しょうひ
商品,しょうひん
情報,じょうほう
消防車,しょうぼうしゃ
消防署,しょうぼうしょ
賞味期限,しょうみきげん
証明,しょうめい
照明器具,しょうめいきぐ
条約,じょうやく
醤油,しょうゆ
勝利,しょうり
ジョージア,じょーじあ
ショートケーキ,しょーとけーき
ショートパンツ,しょーとぱんつ
ショール,しょーる
書記官,しょきかん
私欲,しよく
職員,しょくいん
職業,しょくぎょう
食事,しょくじ
食洗機,しょくせんき
食パン,しょくぱん
植物,しょくぶつ
除湿機,じょしつき
女性,じょせい
食器,しょっき
ショック,しょっく
書店,しょてん
処理,しょり
書類,しょるい
書類ケース,しょるいけーす
白魚,しらうお
白梅,しらうめ
白髪,しらが
白樺,しらかば
白木,しらき
白鷺,しらさぎ
しらす,しらす
知らせ,しらせ
白玉,しらたま
白浪,しらなみ
白羽,しらは
白帆,しらほ
虱,しらみ
尻,しり
シリア,しりあ
尻馬,しりうま
尻込み,しりごみ
市立,しりつ
尻取り,しりとり
尻拭い,しりぬぐい
尻抜け,しりぬけ
尻目,しりめ
尻餅,しりもち
磁力,じりょく
汁,しる
汁粉,しるこ
印,しるし
司令,しれい
試練,しれん
城,しろ
城跡,しろあと
白蟻,しろあり
白い,しろい
代掻き,しろかき
しろがね,しろがね
白熊,しろくま
白黒,しろくろ
白酒,しろざけ
シロップ,しろっぷ
白抜き,しろぬき
白旗,しろはた
白星,しろぼし
白身,しろみ
代物,しろもの
史論,しろん
史話,しわ
仕業,しわざ
師走,しわす
皺寄せ,しわよせ
信,しん
ジン,じん
真意,しんい
新大阪,しんおおさか
深化,しんか
深海,しんかい
侵害,しんがい
新顔,しんがお
神格,しんかく
進学,しんがく
新型,しんがた
新株,しんかぶ
シンガポール,しんがぽーる
しんがり,しんがり
真贋,しんがん
新幹線,しんかんせん
心機,しんき
審議,しんぎ
蜃気楼,しんきろう
心筋,しんきん
呻吟,しんぎん
寝具,しんぐ
進軍,しんぐん
神経,しんけい
進撃,しんげき
心血,しんけつ
新月,しんげつ
真剣,しんけん
進言,しんげん
人権,じんけん
新語,しんご
信号,しんごう
人工,じんこう
信号機,しんごうき
人工知能,じんこうちのう
申告,しんこく
新婚,しんこん
審査,しんさ
震災,しんさい
新作,しんさく
診察,しんさつ
辛酸,しんさん
新参,しんざん
神式,しんしき
寝室,しんしつ
真実,しんじつ
神社,じんじゃ
新宿,しんじゅく
心身,しんしん
心酔,しんすい
人生,じんせい
親戚,しんせき
シンセサイザー,しんせさいざー
新設,しんせつ
神前,しんぜん
親族,しんぞく
新卒,しんそつ
進退,しんたい
寝台,しんだい
信託,しんたく
診断,しんだん
新築,しんちく
新陳,しんちん
進呈,しんてい
進展,しんてん
寝殿,しんでん
信徒,しんと
深度,しんど
信任,しんにん
新年,しんねん
心配,しんぱい
ジンバブエ,じんばぶえ
シンバル,しんばる
新聞,しんぶん
甚平,じんべい
進歩,しんぽ
深夜,しんや
新約,しんやく
親友,しんゆう
森羅,しんら
信頼,しんらい
審理,しんり
人力車,じんりきしゃ
森林,しんりん
進塁,しんるい
神霊,しんれい
新暦,しんれき
進路,しんろ
親和,しんわ
素足,すあし
水,すい
水圧,すいあつ
推移,すいい
水域,すいいき
スイート,すいーと
水運,すいうん
水泳,すいえい
水温,すいおん
西瓜,すいか
水害,すいがい
吸い殻,すいがら
水銀,すいぎん
推計,すいけい
水源,すいげん
水彩,すいさい
推察,すいさつ
水産,すいさん
水質,すいしつ
水準,すいじゅん
推進,すいしん
スイス,すいす
推薦,すいせん
水素,すいそ
推測,すいそく
水族,すいぞく
水族館,すいぞくかん
衰退,すいたい
垂直,すいちょく
スイッチ,すいっち
推定,すいてい
水滴,すいてき
水田,すいでん
水筒,すいとう
水道,すいどう
水難,すいなん
水爆,すいばく
垂範,すいはん
炊飯器,すいはんき
水夫,すいふ
水分,すいぶん
水兵,すいへい
水墨,すいぼく
水没,すいぼつ
睡魔,すいま
睡眠,すいみん
水明,すいめい
水面,すいめん
吸い物,すいもの
水門,すいもん
水曜日,すいようび
水浴,すいよく
推理,すいり
睡蓮,すいれん
水路,すいろ
推論,すいろん
数学,すうがく
数字,すうじ
数式,すうしき
スーダン,すーだん
スーツ,すーつ
スーツケース,すーつけーす
スープ,すーぷ
数列,すうれつ
末,すえ
末娘,すえむすめ
スカート,すかーと
スカーフ,すかーふ
素顔,すがお
姿,すがた
鋤,すき
杉,すぎ
スキー,すきー
スキー板,すきーいた
スキー場,すきーじょう
杉菜,すぎな
隙間,すきま
数寄屋,すきや
鋤焼き,すきやき
スキャナー,すきゃなー
救い主,すくいぬし
スクーター,すくーたー
スクリーン,すくりーん
スケート靴,すけーとぐつ
スケートボード,すけーとぼーど
菅笠,すげがさ
助太刀,すけだち
図工室,ずこうしつ
スコーン,すこーん
少し,すこし
巣篭り,すごもり
双六,すごろく
寿司,すし
鮨飯,すしめし
鮨屋,すしや
煤,すす
すすき,すすき
鈴木,すずき
煤払い,すすはらい
硯,すずり
裾,すそ
裾野,すその
スタート,すたーと
スタイル,すたいる
スタジアム,すたじあむ
簾,すだれ
スタンプ,すたんぷ
素手,すで
捨て石,すていし
捨て値,すてね
捨て場,すてば
捨て鉢,すてばち
捨て身,すてみ
ストーブ,すとーぶ
ストッキング,すとっきんぐ
ストックホルム,すとっくほるむ
ストライプ,すとらいぷ
ストレージ,すとれーじ
ストレス,すとれす
砂,すな
砂煙,すなけむり
砂時計,すなどけい
砂場,すなば
砂浜,すなはま
砂埃,すなぼこり
砂山,すなやま
スニーカー,すにーかー
臑,すね
スノーボード,すのーぼーど
簀子,すのこ
酢の物,すのもの
スパイク,すぱいく
スパイス,すぱいす
巣箱,すばこ
素肌,すはだ
スパムメール,すぱむめーる
昴,すばる
スピーカー,すぴーかー
スプーン,すぷーん
すべ,すべ
すべすべ,すべすべ
全て,すべて
滑り台,すべりだい
スポーツ,すぽーつ
ズボン,ずぼん
スマート,すまーと
スマートフォン,すまーとふぉん
住まい,すまい
スマホ,すまほ
墨,すみ
墨絵,すみえ
住みか,すみか
炭火,すみび
炭焼き,すみやき
相撲,すもう
素焼き,すやき
スラックス,すらっくす
すらりと,すらりと
すり,すり
擂り粉木,すりこぎ
スリッパ,すりっぱ
スリナム,すりなむ
摺り鉢,すりばち
摺り身,すりみ
刷り物,すりもの
スリランカ,すりらんか
鯣,するめ
スロバキア,すろばきあ
スロベニア,すろべにあ
寸劇,すんげき
寸志,すんし
寸前,すんぜん
寸断,すんだん
制,せい
税,ぜい
制圧,せいあつ
成案,せいあん
誠意,せいい
成育,せいいく
星雲,せいうん
精液,せいえき
声援,せいえん
清音,せいおん
声価,せいか
政界,せいかい
生化学,せいかがく
性格,せいかく
声楽,せいがく
税額,ぜいがく
生活,せいかつ
生還,せいかん
請願,せいがん
税関,ぜいかん
生起,せいき
正義,せいぎ
請求,せいきゅう
精勤,せいきん
税金,ぜいきん
背比べ,せいくらべ
成型,せいけい
制憲,せいけん
制限,せいげん
正誤,せいご
成功,せいこう
整骨,せいこつ
税込み,ぜいこみ
精根,せいこん
精査,せいさ
正座,せいざ
制裁,せいさい
製剤,せいざい
制作,せいさく
清算,せいさん
制止,せいし
政治,せいじ
政治家,せいじか
声質,せいしつ
青春,せいしゅん
精神,せいしん
盛衰,せいすい
整数,せいすう
生成,せいせい
税制,ぜいせい
成績,せいせき
精選,せいせん
生前,せいぜん
清掃員,せいそういん
製造業,せいぞうぎょう
生息,せいそく
勢揃い,せいぞろい
生存,せいぞん
声帯,せいたい
生態系,せいたいけい
請託,せいたく
贅沢,ぜいたく
生誕,せいたん
聖断,せいだん
整地,せいち
成長,せいちょう
制定,せいてい
政敵,せいてき
製鉄,せいてつ
晴天,せいてん
静電気,せいでんき
生徒,せいと
制度,せいど
政党,せいとう
精読,せいどく
整頓,せいとん
西南,せいなん
贅肉,ぜいにく
成年,せいねん
制覇,せいは
整髪,せいはつ
征伐,せいばつ
製版,せいはん
成否,せいひ
整備,せいび
正比例,せいひれい
清貧,せいひん
政府,せいふ
西部,せいぶ
征服,せいふく
生物,せいぶつ
製粉,せいふん
成分,せいぶん
性癖,せいへき
生別,せいべつ
政変,せいへん
生保,せいほ
歳暮,せいぼ
西北,せいほく
成木,せいぼく
製本,せいほん
精米,せいまい
政務,せいむ
税務,ぜいむ
税務署,ぜいむしょ
声明,せいめい
税目,ぜいもく
声紋,せいもん
聖夜,せいや
制約,せいやく
精油,せいゆ
性欲,せいよく
生来,せいらい
整理,せいり
税理士,ぜいりし
成立,せいりつ
税率,ぜいりつ
精励,せいれい
西暦,せいれき
整列,せいれつ
精錬,せいれん
正論,せいろん
セーシェル,せーしぇる
セーター,せーたー
セーリング,せーりんぐ
背泳ぎ,せおよぎ
世界,せかい
世界遺産,せかいいさん
倅,せがれ
咳,せき
積雲,せきうん
石英,せきえい
積載,せきさい
石材,せきざい
積算,せきさん
石室,せきしつ
積雪,せきせつ
石炭,せきたん
脊椎,せきつい
赤道ギニア,せきどうぎにあ
関取,せきとり
責任,せきにん
積年,せきねん
関の山,せきのやま
惜敗,せきはい
咳払い,せきばらい
石碑,せきひ
積分,せきぶん
惜別,せきべつ
石片,せきへん
責務,せきむ
赤面,せきめん
石油,せきゆ
セキュリティ,せきゅりてぃ
赤痢,せきり
関脇,せきわけ
世間,せけん
世間体,せけんてい
是正,ぜせい
是々非々,ぜぜひひ
世俗,せぞく
世帯,せたい
世代,せだい
世帯主,せたいぬし
背丈,せたけ
節会,せちえ
節供,せちく
節,せつ
設営,せつえい
絶縁,ぜつえん
接岸,せつがん
設計,せっけい
石けん,せっけん
節減,せつげん
節税,せつぜい
接続,せつぞく
切断,せつだん
接着剤,せっちゃくざい
節電,せつでん
節度,せつど
設備,せつび
接尾語,せつびご
節分,せつぶん
絶望,ぜつぼう
説明,せつめい
絶命,ぜつめい
絶滅,ぜつめつ
雪面,せつめん
設問,せつもん
節約,せつやく
摂理,せつり
設立,せつりつ
説話,せつわ
瀬戸,せと
瀬戸際,せとぎわ
瀬戸物,せともの
背中,せなか
銭,ぜに
銭入れ,ぜにいれ
是認,ぜにん
セネガル,せねがる
背伸び,せのび
ぜひ,ぜひ
背鰭,せびれ
背広,せびろ
背骨,せぼね
蝉,せみ
攻め手,せめて
背凭れ,せもたれ
ゼラチン,ぜらちん
芹,せり
ゼリー,ぜりー
競り売り,せりうり
台詞,せりふ
セルビア,せるびあ
ゼロ,ぜろ
セロハンテープ,せろはんてーぷ
世論,せろん
世話,せわ
世話人,せわにん
戦,せん
善,ぜん
善悪,ぜんあく
戦意,せんい
戦域,せんいき
全域,ぜんいき
選一,せんいつ
船員,せんいん
全員,ぜんいん
先鋭,せんえい
前衛,ぜんえい
全音,ぜんおん
専科,せんか
全科,ぜんか
旋回,せんかい
全壊,ぜんかい
全額,ぜんがく
専管,せんかん
洗眼,せんがん
全巻,ぜんかん
戦記,せんき
前記,ぜんき
選挙,せんきょ
千切り,せんぎり
先駆,せんく
全軍,ぜんぐん
線形,せんけい
前傾,ぜんけい
先決,せんけつ
先月,せんげつ
前月,ぜんげつ
先見,せんけん
宣言,せんげん
全権,ぜんけん
前言,ぜんげん
千古,せんこ
戦後,せんご
全戸,ぜんこ
前後,ぜんご
宣告,せんこく
戦国,せんごく
全国,ぜんこく
善後策,ぜんごさく
前座,ぜんざ
戦災,せんさい
潜在,せんざい
前妻,ぜんさい
善哉,ぜんざい
詮索,せんさく
前作,ぜんさく
戦史,せんし
全市,ぜんし
泉質,せんしつ
先日,せんじつ
選手,せんしゅ
戦術,せんじゅつ
染色体,せんしょくたい
先進,せんしん
前進,ぜんしん
扇子,せんす
潜水,せんすい
潜水艦,せんすいかん
前世,ぜんせ
先制,せんせい
全盛,ぜんせい
戦績,せんせき
前節,ぜんせつ
宣戦,せんせん
戦前,せんぜん
善戦,ぜんせん
先祖,せんぞ
戦争,せんそう
洗足,せんそく
専属,せんぞく
喘息,ぜんそく
船体,せんたい
先代,せんだい
全体,ぜんたい
前代,ぜんだい
洗濯,せんたく
洗濯機,せんたくき
選択肢,せんたくし
先達,せんだつ
善玉,ぜんだま
先端,せんたん
船団,せんだん
戦地,せんち
全治,ぜんち
先手,せんて
選定,せんてい
前庭,ぜんてい
銑鉄,せんてつ
禅寺,ぜんでら
先天,せんてん
宣伝,せんでん
全天,ぜんてん
遷都,せんと
鮮度,せんど
前途,ぜんと
全土,ぜんど
銭湯,せんとう
善徳,ぜんとく
千日手,せんにちて
専任,せんにん
前任,ぜんにん
専念,せんねん
前年,ぜんねん
先輩,せんぱい
前半,ぜんはん
全部,ぜんぶ
扇風機,せんぷうき
煎餅,せんべい
洗面所,せんめんじょ
専門,せんもん
前夜,ぜんや
先約,せんやく
全裸,ぜんら
戦乱,せんらん
千里眼,せんりがん
戦慄,せんりつ
戦略,せんりゃく
前輪,ぜんりん
先例,せんれい
前例,ぜんれい
前歴,ぜんれき
戦列,せんれつ
前列,ぜんれつ
線路,せんろ
素案,そあん
沿い,ぞい
訴因,そいん
草,そう
象,ぞう
倉庫,そうこ
操作,そうさ
惣菜パン,そうざいぱん
相似,そうじ
掃除機,そうじき
想像,そうぞう
相談,そうだん
装置,そうち
ソウル,そうる
添え書き,そえがき
ソース,そーす
疎開,そかい
疎外,そがい
組閣,そかく
則,そく
属,ぞく
即位,そくい
促音,そくおん
続柄,ぞくがら
賊軍,ぞくぐん
俗語,ぞくご
即座,そくざ
息災,そくさい
側室,そくしつ
促進,そくしん
続伸,ぞくしん
促成,そくせい
属性,ぞくせい
即席,そくせき
俗説,ぞくせつ
側線,そくせん
速達,そくたつ
即断,そくだん
測地,そくち
測定,そくてい
速度,そくど
即売,そくばい
束縛,そくばく
即発,そくはつ
続発,ぞくはつ
側壁,そくへき
続編,ぞくへん
側面,そくめん
続落,ぞくらく
狙撃,そげき
底,そこ
齟齬,そご
底上げ,そこあげ
祖国,そこく
底無し,そこなし
底抜け,そこぬけ
底値,そこね
底冷え,そこびえ
底光り,そこびかり
そこら,そこら
素材,そざい
阻止,そし
組織,そしき
素質,そしつ
粗品,そしな
疎水,そすい
組成,そせい
租税,そぜい
礎石,そせき
祖先,そせん
措置,そち
そつ,そつ
訴追,そつい
卒園,そつえん
卒論,そつろん
袖,そで
袖口,そでぐち
外,そと
外側,そとがわ
外法,そとのり
卒塔婆,そとば
外堀,そとぼり
外回り,そとまわり
其方,そなた
苑,その
その後,そのご
その頃,そのころ
其先,そのさき
その他,そのた
其分,そのぶん
其辺,そのへん
其道,そのみち
其の者,そのもの
傍,そば
祖父,そふ
ソフィア,そふぃあ
ソフトクリーム,そふとくりーむ
ソフトドリンク,そふとどりんく
祖父母,そふぼ
素振り,そぶり
祖母,そぼ
そぼろ,そぼろ
ソマリア,そまりあ
染め物,そめもの
空,そら
空色,そらいろ
空言,そらごと
空似,そらに
空豆,そらまめ
空耳,そらみみ
橇,そり
それ,それ
祖霊,それい
それなり,それなり
十露盤,そろばん
村営,そんえい
損益,そんえき
損壊,そんかい
損害,そんがい
村議,そんぎ
損金,そんきん
尊敬,そんけい
存在,そんざい
存在詞,そんざいし
尊師,そんし
損失,そんしつ
存続,そんぞく
損得,そんとく
村落,そんらく
存立,そんりつ
他愛,たあい
ダーツ,だーつ
たい,たい
代,だい
大安,たいあん
代案,だいあん
退位,たいい
帯域,たいいき
体育,たいいく
体育館,たいいくかん
第一義,だいいちぎ
退院,たいいん
退役,たいえき
体温,たいおん
退化,たいか
大河,たいが
代価,だいか
退会,たいかい
対外,たいがい
体格,たいかく
退学,たいがく
大学,だいがく
大学院,だいがくいん
大観,たいかん
対岸,たいがん
大寒,だいかん
待機,たいき
大義,たいぎ
代議員,だいぎいん
対義語,たいぎご
代議士,だいぎし
大吉,だいきち
大金,たいきん
代金,だいきん
大工,だいく
退屈,たいくつ
大群,たいぐん
体形,たいけい
台形,だいけい
対決,たいけつ
体験,たいけん
体現,たいげん
太古,たいこ
大国,たいこく
太鼓判,たいこばん
醍醐味,だいごみ
大根,だいこん
大佐,たいさ
台座,だいざ
滞在,たいざい
題材,だいざい
大作,たいさく
退散,たいさん
大山,たいざん
大使,たいし
台紙,だいし
退室,たいしつ
対象,たいしょう
対審,たいしん
大臣,だいじん
耐水,たいすい
代数学,だいすうがく
大好き,だいすき
大成,たいせい
大西洋,たいせいよう
堆積,たいせき
大雪,たいせつ
対戦,たいせん
大全,たいぜん
体操,たいそう
大卒,だいそつ
代打,だいだ
代替,だいたい
代々,だいだい
大腿部,だいたいぶ
対談,たいだん
台地,だいち
タイツ,たいつ
退廷,たいてい
大敵,たいてき
態度,たいど
体得,たいとく
代読,だいどく
台所,だいどころ
胎内,たいない
大納言,だいなごん
退任,たいにん
耐熱,たいねつ
大破,たいは
大敗,たいはい
台秤,だいばかり
体罰,たいばつ
大半,たいはん
胎盤,たいばん
対比,たいひ
代筆,だいひつ
代表,だいひょう
貸付,たいふ
退部,たいぶ
台風,たいふう
大福,だいふく
大仏,だいぶつ
台北,たいぺい
太平洋,たいへいよう
大別,たいべつ
代弁,だいべん
退歩,たいほ
大木,たいぼく
台本,だいほん
大麻,たいま
松明,たいまつ
待命,たいめい
題名,だいめい
代名詞,だいめいし
対面,たいめん
題目,だいもく
鯛焼き,たいやき
大役,たいやく
代役,だいやく
貸与,たいよ
太陽,たいよう
代理,だいり
大陸,たいりく
大理石,だいりせき
対立,たいりつ
代理人,だいりにん
大輪,たいりん
隊列,たいれつ
退路,たいろ
対話,たいわ
台湾,たいわん
田植え,たうえ
ダウンロード,だうんろーど
唾液,だえき
絶え間,たえま
楕円,だえん
タオル,たおる
多寡,たか
箍,たが
他界,たかい
互い,たがい
打開,だかい
高鼾,たかいびき
多角,たかく
多角形,たかくけい
高崎,たかさき
駄菓子,だがし
高潮,たかしお
高台,たかだい
高跳び,たかとび
高波,たかなみ
高値,たかね
高望み,たかのぞみ
高橋,たかはし
高松,たかまつ
高床,たかゆか
宝,たから
宝船,たからぶね
宝物,たからもの
滝,たき
多義語,たぎご
タキシード,たきしーど
炊き出し,たきだし
滝壺,たきつぼ
焚き火,たきび
宅,たく
沢庵,たくあん
類い,たぐい
択一,たくいつ
卓越,たくえつ
濁音,だくおん
タクシー,たくしー
宅地,たくち
濁点,だくてん
宅配,たくはい
宅配便,たくはいびん
托鉢,たくはつ
拓本,たくほん
内匠,たくみ
丈,たけ
竹内,たけうち
竹馬,たけうま
竹篭,たけかご
打撃,だげき
丈比べ,たけくらべ
竹細工,たけざいく
妥結,だけつ
竹取,たけとり
竹とんぼ,たけとんぼ
筍,たけのこ
竹藪,たけやぶ
多言,たげん
たこ,たこ
たこやき,たこやき
他言,たごん
多作,たさく
駄作,ださく
多産,たさん
打算,ださん
出汁,だし
出し入れ,だしいれ
タジキスタン,たじきすたん
足し算,たしざん
多湿,たしつ
出し物,だしもの
打診,だしん
襷,たすき
襷掛け,たすきがけ
助け船,たすけぶね
多勢,たぜい
惰性,だせい
打席,だせき
他薦,たせん
打線,だせん
蛇足,だそく
只今,ただいま
三和土,たたき
叩き台,たたきだい
只事,ただごと
直中,ただなか
只乗り,ただのり
畳,たたみ
たたら,たたら
たち,たち
立会,たちあい
立入,たちいり
太刀魚,たちうお
太刀打ち,たちうち
立ち木,たちき
立ち消え,たちぎえ
立ち聞き,たちぎき
立ち食い,たちぐい
立場,たちば
橘,たちばな
立ち見,たちみ
立ち読み,たちよみ
駄賃,だちん
辰,たつ
脱,だつ
脱衣,だつい
ダッカ,だっか
卓球,たっきゅう
脱獄,だつごく
脱税,だつぜい
竜巻,たつまき
脱落,だつらく
脱輪,だつりん
盾,たて
蓼,たで
竪穴,たてあな
縦糸,たていと
建て売り,たてうり
縦書き,たてがき
縦画,たてかく
鬣,たてがみ
建具,たてぐ
竪琴,たてごと
建坪,たてつぼ
縦波,たてなみ
立て膝,たてひざ
縦笛,たてぶえ
立て札,たてふだ
建て前,たてまえ
伊達巻き,だてまき
建て増し,たてまし
建物,たてもの
建屋,たてや
縦揺れ,たてゆれ
縦割り,たてわり
打点,だてん
打電,だでん
多読,たどく
田所,たどころ
棚,たな
棚上げ,たなあげ
棚卸し,たなおろし
田中,たなか
店子,たなこ
たなご,たなご
七夕,たなばた
谷,たに
壁蝨,だに
谷あい,たにあい
谷川,たにがわ
谷底,たにそこ
谷間,たにま
他人,たにん
狸,たぬき
種,たね
種油,たねあぶら
種芋,たねいも
種切れ,たねぎれ
種蒔き,たねまき
多年,たねん
束,たば
打破,だは
多売,たばい
たばこ,たばこ
田畑,たはた
多発,たはつ
旅,たび
旅先,たびさき
旅鳥,たびどり
旅人,たびびと
ダブリン,だぶりん
タブレット,たぶれっと
食べ頃,たべごろ
食べ物,たべもの
拿捕,だほ
打撲,だぼく
弾,たま
玉串,たまぐし
たまご,たまご
卵焼き,たまごやき
魂,たましい
ダマスカス,だますかす
玉突き,たまつき
玉葱,たまねぎ
玉虫,たまむし
賜物,たまもの
溜まり場,たまりば
民,たみ
惰眠,だみん
ダム,だむ
田村,たむら
溜め息,ためいき
溜め池,ためいけ
試し,ためし
多面,ためん
たも,たも
袂,たもと
便り,たより
鱈,たら
盥,たらい
堕落,だらく
鱈子,たらこ
他力,たりき
打率,だりつ
樽,たる
垂木,たるき
タルト,たると
達磨,だるま
たれ,たれ
誰,だれ
垂れ幕,たれまく
タワー,たわー
たわい,たわい
戯言,たわごと
束子,たわし
俵,たわら
痰,たん
団,だん
弾圧,だんあつ
単位,たんい
団員,だんいん
炭化,たんか
タンカー,たんかー
団塊,だんかい
弾劾,だんがい
嘆願,たんがん
弾丸,だんがん
短期,たんき
暖気,だんき
談議,だんぎ
短期大学,たんきだいがく
タンクトップ,たんくとっぷ
団結,だんけつ
探検,たんけん
単元,たんげん
断言,だんげん
単語,たんご
団子,だんご
弾痕,だんこん
探査,たんさ
段差,だんさ
断罪,だんざい
探索,たんさく
短冊,たんざく
タンザニア,たんざにあ
単産,たんさん
短資,たんし
男子,だんし
誕生日,たんじょうび
短針,たんしん
箪笥,たんす
ダンス,だんす
淡水,たんすい
断水,だんすい
丹精,たんせい
弾性,だんせい
断絶,だんぜつ
単線,たんせん
断線,だんせん
炭素,たんそ
嘆息,たんそく
断続,だんぞく
単体,たんたい
短大,たんだい
団体,だんたい
探知,たんち
団地,だんち
探偵,たんてい
断定,だんてい
丹田,たんでん
担当,たんとう
単独,たんどく
段取り,だんどり
旦那,だんな
担任,たんにん
断熱,だんねつ
断念,だんねん
タンバリン,たんばりん
段ボール,だんぼーる
断面,だんめん
弾薬,だんやく
短絡,たんらく
段落,だんらく
団欒,だんらん
暖炉,だんろ
談話,だんわ
治安,ちあん
地位,ちい
地域,ちいき
小さい,ちいさい
チーズ,ちーず
チーズケーキ,ちーずけーき
チーム,ちーむ
地衣類,ちいるい
知恵,ちえ
チェコ,ちぇこ
チェック,ちぇっく
チェロ,ちぇろ
遅延,ちえん
知恩,ちおん
地下,ちか
地階,ちかい
違い棚,ちがいだな
知覚,ちかく
地学,ちがく
地下茎,ちかけい
近頃,ちかごろ
地下鉄,ちかてつ
近場,ちかば
近道,ちかみち
力,ちから
力添え,ちからぞえ
置換,ちかん
知己,ちき
千木,ちぎ
地球,ちきゅう
地球儀,ちきゅうぎ
地銀,ちぎん
地区,ちく
蓄音機,ちくおんき
千草,ちぐさ
蓄財,ちくざい
畜産,ちくさん
蓄積,ちくせき
乳首,ちくび
竹輪,ちくわ
地形,ちけい
地検,ちけん
稚児,ちご
遅刻,ちこく
地裁,ちさい
治山,ちさん
血潮,ちしお
知識,ちしき
地質,ちしつ
知新,ちしん
地図,ちず
治水,ちすい
地図帳,ちずちょう
地勢,ちせい
地政学,ちせいがく
地層,ちそう
遅滞,ちたい
乳,ちち
父上,ちちうえ
父親,ちちおや
父方,ちちかた
膣,ちつ
秩序,ちつじょ
窒素,ちっそ
ちっちゃい,ちっちゃい
地底,ちてい
地点,ちてん
千鳥,ちどり
地熱,ちねつ
血の気,ちのけ
チノパン,ちのぱん
乳飲み子,ちのみご
千葉,ちば
遅配,ちはい
ちび,ちび
乳房,ちぶさ
地平,ちへい
地歩,ちほ
粽,ちまき
巷,ちまた
血眼,ちまなこ
血豆,ちまめ
血道,ちみち
地名,ちめい
知名度,ちめいど
茶色い,ちゃいろい
チャド,ちゃど
茶碗,ちゃわん
治癒,ちゆ
注意,ちゅうい
中央,ちゅうおう
中学校,ちゅうがっこう
中国,ちゅうごく
中国茶,ちゅうごくちゃ
中古本,ちゅうこぼん
中止,ちゅうし
駐車,ちゅうしゃ
駐車場,ちゅうしゃじょう
中心,ちゅうしん
中とろ,ちゅうとろ
チューバ,ちゅーば
注目,ちゅうもく
チューリッヒ,ちゅーりっひ
中和,ちゅうわ
ちゅっと,ちゅっと
チュニジア,ちゅにじあ
ちゅるん,ちゅるん
ちゅんちゅん,ちゅんちゅん
千代,ちよ
彫刻刀,ちょうこくとう
調査,ちょうさ
調子,ちょうし
頂上,ちょうじょう
挑戦,ちょうせん
蝶々,ちょうちょう
頂点,ちょうてん
蝶ネクタイ,ちょうねくたい
調味料,ちょうみりょう
鳥類,ちょうるい
調和,ちょうわ
チョーク,ちょーく
千代紙,ちよがみ
貯金,ちょきん
直接,ちょくせつ
チョコレート,ちょこれーと
貯蓄,ちょちく
直径,ちょっけい
地理,ちり
塵紙,ちりがみ
縮緬,ちりめん
治療,ちりょう
亭,ちん
賃上げ,ちんあげ
鎮圧,ちんあつ
沈下,ちんか
賃金,ちんぎん
鎮魂,ちんこん
鎮座,ちんざ
沈静,ちんせい
沈潜,ちんせん
沈滞,ちんたい
沈殿,ちんでん
陳列,ちんれつ
対,つい
追憶,ついおく
追加,ついか
追記,ついき
対句,ついく
追撃,ついげき
対語,ついご
追試,ついし
追伸,ついしん
追跡,ついせき
衝立,ついたて
追突,ついとつ
追認,ついにん
追肥,ついひ
追尾,ついび
墜落,ついらく
通信,つうしん
通知,つうち
通訳,つうやく
通路,つうろ
通話,つうわ
杖,つえ
つがい,つがい
使い出,つかいで
使い物,つかいもの
束の間,つかのま
月,つき
次,つぎ
月後れ,つきおくれ
接ぎ木,つぎき
月極め,つきぎめ
付ききり,つききり
月ごと,つきごと
付添,つきそい
月中,つきなか
継ぎ接ぎ,つぎはぎ
月日,つきひ
付き人,つきびと
月別,つきべつ
月見,つきみ
継ぎ目,つぎめ
付き物,つきもの
築山,つきやま
突き指,つきゆび
月夜,つきよ
月割り,つきわり
机,つくえ
土筆,つくし
佃煮,つくだに
旁,つくり
作り手,つくりて
告げ口,つげぐち
付け根,つけね
付け目,つけめ
漬け物,つけもの
蔦,つた
土,つち
槌音,つちおと
土偏,つちへん
筒,つつ
筒そで,つつそで
筒抜け,つつぬけ
堤,つつみ
鼓,つづみ
つて,つて
都度,つど
勉,つとめ
勤め人,つとめにん
綱,つな
つなぎ,つなぎ
繋ぎ目,つなぎめ
綱具,つなぐ
綱引き,つなひき
津波,つなみ
常,つね
角,つの
角笛,つのぶえ
唾,つば
椿,つばき
翼,つばさ
燕,つばめ
ツバル,つばる
粒,つぶ
つぶ貝,つぶがい
粒揃い,つぶぞろい
粒選り,つぶより
つぶら,つぶら
つぶらな瞳,つぶらなひとみ
坪,つぼ
蕾,つぼみ
妻,つま
爪先,つまさき
罪,つみ
積み木,つみき
摘み草,つみくさ
積立,つみたて
積み荷,つみに
紬,つむぎ
爪,つめ
爪痕,つめあと
詰め襟,つめえり
艶,つや
つやつや,つやつや
梅雨,つゆ
梅雨明け,つゆあけ
梅雨入り,つゆいり
強腰,つよごし
強火,つよび
面当て,つらあて
面構え,つらがまえ
氷柱,つらら
釣り,つり
吊り上げ,つりあげ
釣り糸,つりいと
釣り鐘,つりがね
吊り革,つりかわ
釣り具,つりぐ
釣り竿,つりざお
釣り銭,つりせん
吊り橋,つりばし
釣り針,つりばり
釣り人,つりびと
釣り堀,つりぼり
吊り輪,つりわ
蔓,つる
蔓草,つるくさ
つるつる,つるつる
鶴嘴,つるはし
釣瓶,つるべ
つるるん,つるるん
連れ合い,つれあい
つわもの,つわもの
つわり,つわり
つんつん,つんつん
手垢,てあか
手足,てあし
出足,であし
手当て,てあて
手編み,てあみ
手洗い,てあらい
低圧,ていあつ
提案,ていあん
定員,ていいん
庭園,ていえん
低温,ていおん
低下,ていか
停学,ていがく
定款,ていかん
泥岩,でいがん
提起,ていき
定義,ていぎ
定期券,ていきけん
提携,ていけい
締結,ていけつ
定見,ていけん
低減,ていげん
抵抗,ていこう
定刻,ていこく
体裁,ていさい
偵察,ていさつ
停止,ていし
ディジュリドゥ,でぃじゅりどぅ
挺身,ていしん
泥酔,でいすい
ディスプレイ,でぃすぷれい
訂正,ていせい
定説,ていせつ
停戦,ていせん
提訴,ていそ
停滞,ていたい
邸宅,ていたく
低地,ていち
定置網,ていちあみ
定点,ていてん
停電,ていでん
帝都,ていと
程度,ていど
提督,ていとく
定年,ていねん
停泊,ていはく
剃髪,ていはつ
定番,ていばん
底部,ていぶ
底辺,ていへん
低木,ていぼく
弟妹,ていまい
低迷,ていめい
底面,ていめん
締約,ていやく
低落,ていらく
低利,ていり
出入り,でいり
鼎立,ていりつ
手入れ,ていれ
定例,ていれい
低廉,ていれん
ティンパニ,てぃんぱに
手打ち,てうち
データ,でーた
データベース,でーたべーす
テーマパーク,てーまぱーく
手負い,ておい
手桶,ておけ
手落ち,ておち
手織り,ており
でか,でか
手掛かり,てがかり
手書き,てがき
出掛け,でがけ
出かける,でかける
手加減,てかげん
出稼ぎ,でかせぎ
手形,てがた
出方,でかた
手紙,てがみ
手柄,てがら
出涸らし,でがらし
敵,てき
出来合い,できあい
敵意,てきい
テキーラ,てきーら
適温,てきおん
敵国,てきこく
出来心,できごころ
出来事,できごと
適材,てきざい
敵視,てきし
適性,てきせい
敵対,てきたい
出来高,できだか
敵地,てきち
出来栄え,できばえ
摘発,てきはつ
適否,てきひ
出来物,できもの
適役,てきやく
適齢期,てきれいき
手際,てぎわ
テグシガルパ,てぐしがるぱ
手癖,てくせ
手口,てぐち
出口,でぐち
てくてく,てくてく
手配り,てくばり
手首,てくび
梃子,てこ
デコ,でこ
梃入れ,てこいれ
手漕ぎ,てこぎ
手心,てごころ
手応え,てごたえ
デザイナー,でざいなー
デザイン,でざいん
出盛り,でさかり
手先,てさき
出先,でさき
手探り,てさぐり
手提げ,てさげ
手触り,てざわり
弟子,でし
弟子入り,でしいり
手下,てした
手漉き,てすき
手摺り,てすり
手製,てせい
手出し,てだし
出だし,でだし
手助け,てだすけ
手立て,てだて
手玉,てだま
手練,てだれ
手違い,てちがい
手帳,てちょう
鉄,てつ
手番,てつがい
哲学,てつがく
鉄火巻き,てっかまき
手付き,てつき
鉄琴,てっきん
手付け,てつけ
鉄材,てつざい
鉄製,てつせい
手続き,てつづき
鉄瓶,てつびん
鉄分,てつぶん
徹夜,てつや
鉄腕,てつわん
手直し,てなおし
手並み,てなみ
手習い,てならい
テニス,てにす
テニスコート,てにすこーと
手抜かり,てぬかり
手抜き,てぬき
手拭い,てぬぐい
手の平,てのひら
手羽,てば
出刃,でば
デパート,でぱーと
手配,てはい
出端,でばな
出番,でばん
手引き,てびき
手拭き,てふき
手袋,てぶくろ
出船,でふね
手振り,てぶり
デフレーション,でふれーしょん
テヘラン,てへらん
手偏,てへん
手解き,てほどき
手本,てほん
手間,てま
手前,てまえ
出前,でまえ
出窓,でまど
手招き,てまねき
手間隙,てまひま
手回し,てまわし
手回り,てまわり
出店,でみせ
手持ち,てもち
手元,てもと
出物,でもの
手役,てやく
寺,てら
寺子屋,てらこや
照り焼き,てりやき
テレビ,てれび
手分け,てわけ
典,てん
電圧,でんあつ
転移,てんい
電位,でんい
店員,てんいん
田園,でんえん
添加,てんか
電化,でんか
展開,てんかい
天下一,てんかいち
点画,てんかく
田楽,でんがく
転換,てんかん
転記,てんき
伝記,でんき
電気ケトル,でんきけとる
天気予報,てんきよほう
転勤,てんきん
天狗,てんぐ
天草,てんぐさ
典型,てんけい
電撃,でんげき
点検,てんけん
電源,でんげん
点呼,てんこ
篆刻,てんこく
天国,てんごく
伝言,でんごん
点差,てんさ
転載,てんさい
点在,てんざい
添削,てんさく
電算,でんさん
天使,てんし
電子,でんし
電車,でんしゃ
電子レンジ,でんしれんじ
転身,てんしん
田紳,でんしん
転生,てんせい
転籍,てんせき
転戦,てんせん
伝染,でんせん
天体,てんたい
電卓,でんたく
伝達,でんたつ
転地,てんち
田地,でんち
天敵,てんてき
電鉄,でんてつ
転轍機,てんてつき
テント,てんと
伝統,でんとう
てんとう虫,てんとうむし
天丼,てんどん
転任,てんにん
電熱,でんねつ
天然,てんねん
天王寺,てんのうじ
添付ファイル,てんぷふぁいる
天ぷら,てんぷら
展望台,てんぼうだい
デンマーク,でんまーく
点訳,てんやく
伝来,でんらい
転落,てんらく
展覧,てんらん
天理,てんり
電流,でんりゅう
伝令,でんれい
電炉,でんろ
電話,でんわ
ドア,どあ
度合い,どあい
投網,とあみ
問,とい
吐息,といき
砥石,といし
トイレ,といれ
塔,とう
銅,どう
動画,どうが
道着,どうぎ
東京,とうきょう
道具,どうぐ
統計,とうけい
統合,とうごう
投資,とうし
当時,とうじ
同情,どうじょう
灯台,とうだい
道庁,どうちょう
道徳,どうとく
豆乳,とうにゅう
豆腐,とうふ
動物,どうぶつ
動物園,どうぶつえん
同様,どうよう
道路,どうろ
都営,とえい
トーゴ,とーご
トートバッグ,とーとばっぐ
ドーナツ,どーなつ
ドーハ,どーは
都下,とか
都会,とかい
度外視,どがいし
土管,どかん
時,とき
都議,とぎ
土器,どき
鴇色,ときいろ
度肝,どぎも
常磐,ときわ
常磐木,ときわぎ
徳,とく
毒,どく
得意顔,とくいがお
得意先,とくいさき
独学,どくがく
特技,とくぎ
読後,どくご
独裁,どくさい
得策,とくさく
特撮,とくさつ
特産,とくさん
特使,とくし
得失,とくしつ
徳島,とくしま
得心,とくしん
独身,どくしん
特製,とくせい
毒性,どくせい
特設,とくせつ
毒舌,どくぜつ
特選,とくせん
独占,どくせん
独善,どくぜん
毒素,どくそ
督促,とくそく
特大,とくだい
どくだみ,どくだみ
独断,どくだん
戸口,とぐち
毒血,どくち
特定,とくてい
得点,とくてん
得度,とくど
読破,どくは
特売,とくばい
特派員,とくはいん
独白,どくはく
特番,とくばん
特筆,とくひつ
毒物,どくぶつ
独文,どくぶん
読本,とくほん
毒見,どくみ
特務,とくむ
毒虫,どくむし
匿名,とくめい
徳目,とくもく
特約,とくやく
毒薬,どくやく
徳利,とくり
独立,どくりつ
戸車,とぐるま
督励,とくれい
とぐろ,とぐろ
髑髏,どくろ
刺,とげ
時計,とけい
土下座,どげざ
吐血,とけつ
土建,どけん
床,とこ
床上げ,とこあげ
とこしえ,とこしえ
常夏,とこなつ
床の間,とこのま
床屋,とこや
所,ところ
所書き,ところがき
心太,ところてん
とさか,とさか
外様,とざま
登山,とざん
登山口,とざんぐち
年,とし
年上,としうえ
年男,としおとこ
年女,としおんな
年嵩,としかさ
年子,としご
年越し,としこし
年頃,としごろ
年下,としした
土質,どしつ
年半,としなか
年の瀬,としのせ
戸締まり,とじまり
図書館員,としょかんいん
年寄り,としより
都心,としん
渡世,とせい
都税,とぜい
土星,どせい
途絶,とぜつ
屠蘇,とそ
土足,どそく
土台,どだい
戸棚,とだな
途端,とたん
土地,とち
土地柄,とちがら
栃木,とちぎ
都庁,とちょう
どちら,どちら
凸,とつ
突撃,とつげき
ドット,どっと
鳥取,とっとり
土手,どて
徒弟,とてい
どてら,どてら
都電,とでん
届,とどけ
届出,とどけいで
どなた,どなた
隣り,となり
隣組,となりぐみ
殿,との
殿様,とのさま
賭博,とばく
鳶,とび
飛び石,とびいし
飛び入り,とびいり
鳶色,とびいろ
飛魚,とびうお
鳶口,とびぐち
とびこ,とびこ
跳び箱,とびばこ
飛び火,とびひ
扉,とびら
土瓶,どびん
都府県,とふけん
徒歩,とほ
土木,どぼく
土間,どま
戸前,とまえ
トマト,とまと
止まり木,とまりぎ
富,とみ
都民,とみん
ドメイン,どめいん
留め金,とめがね
留め具,とめぐ
止め処,とめど
留め針,とめばり
供,とも
共食い,ともぐい
灯し火,ともしび
共倒れ,ともだおれ
友達,ともだち
富山,とやま
寅,とら
渡来,とらい
トライアスロン,とらいあすろん
トライアングル,とらいあんぐる
ドライヤー,どらいやー
銅鑼声,どらごえ
トラック,とらっく
ドラッグストア,どらっぐすとあ
虎の子,とらのこ
虎の巻,とらのまき
ドラム,どらむ
どら焼き,どらやき
トランペット,とらんぺっと
酉,とり
鳥居,とりい
ドリーミー,どりーみー
取り柄,とりえ
とり貝,とりがい
鳥かご,とりかご
取り口,とりくち
取組,とりくみ
虜,とりこ
鳥小屋,とりごや
取りざた,とりざた
都立,とりつ
砦,とりで
取り留め,とりとめ
鳥肉,とりにく
鳥肌,とりはだ
取り引き,とりひき
鳥目,とりめ
努力,どりょく
ドル,どる
トルコ,とるこ
奴隷,どれい
トレーナー,とれーなー
ドレス,どれす
取れ高,とれだか
ドレッシング,どれっしんぐ
とろ,とろ
泥,どろ
ドローン,どろーん
とろける,とろける
泥縄,どろなわ
泥沼,どろぬま
とろ火,とろび
とろみ,とろみ
とろろ,とろろ
トロント,とろんと
トロンボーン,とろんぼーん
度忘れ,どわすれ
鈍,どん
トンガ,とんが
鈍化,どんか
鈍角,どんかく
どんぐり,どんぐり
頓挫,とんざ
どん底,どんぞこ
頓知,とんち
曇天,どんてん
トンネル,とんねる
問屋,とんや
内縁,ないえん
内科,ないか
内海,ないかい
内外,ないがい
内角,ないかく
内規,ないき
内径,ないけい
内国,ないこく
内在,ないざい
ナイジェリア,ないじぇりあ
内省,ないせい
内戦,ないせん
内諾,ないだく
内地,ないち
内偵,ないてい
ナイトクラブ,ないとくらぶ
ナイフ,ないふ
内部,ないぶ
内紛,ないふん
内分,ないぶん
内壁,ないへき
内膜,ないまく
内務,ないむ
内面,ないめん
内野,ないや
内乱,ないらん
内陸,ないりく
ナイロビ,ないろび
ナウル,なうる
苗,なえ
苗木,なえぎ
苗床,なえどこ
名折れ,なおれ
中,なか
長雨,ながあめ
長居,ながい
長生き,ながいき
中入り,なかいり
長唄,ながうた
中落ち,なかおち
仲買,なかがい
中川,なかがわ
長靴,ながぐつ
中頃,なかごろ
長崎,ながさき
流し台,ながしだい
中島,なかじま
中州,なかす
長袖,ながそで
仲違い,なかたがい
仲立ち,なかだち
長旅,ながたび
中弛み,なかだるみ
中継ぎ,なかつぎ
長月,ながつき
中点,なかてん
仲直り,なかなおり
中庭,なかにわ
長年,ながねん
中野,なかの
長野,ながの
中日,なかび
中程,なかほど
仲間,なかま
仲間内,なかまうち
中身,なかみ
中村,なかむら
長持ち,ながもち
長屋,ながや
中休み,なかやすみ
中山,なかやま
長湯,ながゆ
中指,なかゆび
仲良し,なかよし
流れ弾,ながれだま
凪,なぎ
泣き顔,なきがお
泣き声,なきごえ
泣き言,なきごと
渚,なぎさ
なぎなた,なぎなた
泣きべそ,なきべそ
泣き虫,なきむし
慰み,なぐさみ
投げ売り,なげうり
なけなし,なけなし
投げ槍,なげやり
名古屋,なごや
名残り,なごり
情け,なさけ
梨,なし
茄子,なす
謎,なぞ
謎解き,なぞとき
謎々,なぞなぞ
鉈,なた
灘,なだ
菜種,なたね
雪崩,なだれ
夏,なつ
捺印,なついん
夏枯れ,なつがれ
納豆,なっとう
納豆巻き,なっとうまき
夏場,なつば
夏ばて,なつばて
夏物,なつもの
撫子,なでしこ
なでなで,なでなで
ナトリウム,なとりうむ
七色,なないろ
七草,ななくさ
七光,ななひかり
何,なに
なにがし,なにがし
何事,なにごと
何物,なにもの
名主,なぬし
菜の花,なのはな
名乗り,なのり
那覇,なは
名札,なふだ
鍋,なべ
鍋蓋,なべぶた
生,なま
名前,なまえ
生菓子,なまがし
生木,なまき
怠け者,なまけもの
なまこ,なまこ
生塵,なまごみ
生魚,なまざかな
生卵,なまたまご
生煮え,なまにえ
生剥げ,なまはげ
生身,なまみ
生物,なまもの
鉛,なまり
並み,なみ
波風,なみかぜ
並木,なみき
並製,なみせい
涙,なみだ
涙声,なみだごえ
波乗り,なみのり
ナミビア,なみびあ
波間,なみま
なめこ,なめこ
納屋,なや
名寄せ,なよせ
奈良,なら
奈落,ならく
習わし,ならわし
なり,なり
成り金,なりきん
形振り,なりふり
鳴り物,なりもの
成り行き,なりゆき
生業,なりわい
鳴子,なるこ
縄,なわ
縄跳び,なわとび
縄張り,なわばり
南下,なんか
南海,なんかい
難関,なんかん
難儀,なんぎ
軟禁,なんきん
難癖,なんくせ
南国,なんごく
軟骨,なんこつ
難産,なんざん
軟式,なんしき
南進,なんしん
軟水,なんすい
南西,なんせい
難船,なんせん
難題,なんだい
南端,なんたん
難敵,なんてき
南天,なんてん
何度,なんど
難波,なんば
難民,なんみん
荷揚げ,にあげ
新潟,にいがた
兄さん,にいさん
煮え湯,にえゆ
似顔絵,にがおえ
ニカラグア,にからぐあ
にがり,にがり
苦笑い,にがわらい
にきび,にきび
肉,にく
肉眼,にくがん
憎しみ,にくしみ
肉親,にくしん
肉声,にくせい
肉体,にくたい
肉薄,にくはく
肉離れ,にくばなれ
肉筆,にくひつ
肉屋,にくや
肉類,にくるい
荷車,にぐるま
逃げ足,にげあし
逃げ口,にげぐち
逃げ腰,にげごし
逃げ場,にげば
逃げ道,にげみち
二元論,にげんろん
にこにこ,にこにこ
煮魚,にざかな
西,にし
虹,にじ
ニジェール,にじぇーる
錦,にしき
錦絵,にしきえ
西日,にしび
西村,にしむら
鰊,にしん
偽,にせ
偽札,にせさつ
偽物,にせもの
荷台,にだい
煮炊き,にたき
日,にち
日限,にちげん
日没,にちぼつ
日夜,にちや
日曜日,にちようび
日輪,にちりん
煮付け,につけ
日食,にっしょく
日中,にっちゅう
日程,にってい
担い手,にないて
荷主,にぬし
二の足,にのあし
二の次,にのつぎ
二の舞い,にのまい
荷札,にふだ
煮干し,にぼし
日本,にほん
日本海,にほんかい
日本語,にほんご
日本酒,にほんしゅ
二枚目,にまいめ
煮豆,にまめ
荷物,にもつ
煮物,にもの
ニューデリー,にゅーでりー
ニューヨーク,にゅーよーく
にら,にら
二輪,にりん
庭,にわ
庭石,にわいし
にわか,にわか
俄か雨,にわかあめ
庭木,にわき
庭先,にわさき
鶏,にわとり
任,にん
認可,にんか
任官,にんかん
任期,にんき
人気者,にんきもの
人形,にんぎょう
人間,にんげん
認識,にんしき
妊娠,にんしん
人参,にんじん
忍耐,にんたい
認諾,にんだく
認知,にんち
認定,にんてい
ニンニク,にんにく
ぬいぐるみ,ぬいぐるみ
縫い代,ぬいしろ
縫い目,ぬいめ
縫い物,ぬいもの
糠,ぬか
糠雨,ぬかあめ
糠味噌,ぬかみそ
抜き打ち,ぬきうち
抜き書き,ぬきがき
抜き差し,ぬきさし
抜き手,ぬきて
抜け穴,ぬけあな
抜け駆け,ぬけがけ
抜け殻,ぬけがら
抜け毛,ぬけげ
抜け道,ぬけみち
抜け目,ぬけめ
主,ぬし
布,ぬの
布製,ぬのせい
布袋,ぬのぶくろ
沼,ぬま
沼地,ぬまち
塗り絵,ぬりえ
塗り物,ぬりもの
ぬるま湯,ぬるまゆ
濡れ縁,ぬれえん
濡れ衣,ぬれぎぬ
値上がり,ねあがり
値上げ,ねあげ
寝汗,ねあせ
寝息,ねいき
ネイルサロン,ねいるさろん
音色,ねいろ
値打ち,ねうち
姉さん,ねえさん
寝起き,ねおき
願,ねがい
寝顔,ねがお
葱,ねぎ
ねぎとろ,ねぎとろ
寝癖,ねぐせ
ネクタイ,ねくたい
ねぐら,ねぐら
猫,ねこ
猫車,ねこぐるま
寝心地,ねごこち
猫背,ねこぜ
寝言,ねごと
猫柳,ねこやなぎ
値頃,ねごろ
値下がり,ねさがり
値下げ,ねさげ
寝覚め,ねざめ
寝しな,ねしな
寝姿,ねすがた
鼠,ねずみ
寝たきり,ねたきり
根絶やし,ねだやし
値段,ねだん
熱,ねつ
熱意,ねつい
熱演,ねつえん
ネックレス,ねっくれす
熱源,ねつげん
ネット,ねっと
ネットカフェ,ねっとかふぇ
ネットワーク,ねっとわーく
熱弁,ねつべん
熱量,ねつりょう
寝床,ねどこ
寝泊まり,ねとまり
ネパール,ねぱーる
粘り気,ねばりけ
寝冷え,ねびえ
値引き,ねびき
寝袋,ねぶくろ
寝不足,ねぶそく
値札,ねふだ
寝間,ねま
寝巻き,ねまき
根回し,ねまわし
寝耳,ねみみ
合歓,ねむ
眠気,ねむけ
根元,ねもと
根雪,ねゆき
練り物,ねりもの
寝技,ねわざ
年,ねん
年明け,ねんあけ
粘液,ねんえき
年賀,ねんが
年会,ねんかい
年額,ねんがく
年間,ねんかん
念願,ねんがん
年季,ねんき
年金,ねんきん
年貢,ねんぐ
年月,ねんげつ
年限,ねんげん
捻挫,ねんざ
年産,ねんさん
年始,ねんし
燃焼,ねんしょう
年代,ねんだい
年度,ねんど
年利,ねんり
念力,ねんりき
年率,ねんりつ
年輪,ねんりん
年齢,ねんれい
野荒らし,のあらし
農園,のうえん
農家,のうか
農業,のうぎょう
能力,のうりょく
ノート,のーと
野飼い,のがい
軒,のき
軒先,のきさき
軒下,のきした
軒端,のきば
禾偏,のぎへん
除け者,のけもの
のこぎり,のこぎり
残り,のこり
残り香,のこりか
残り物,のこりもの
野晒し,のざらし
覗き見,のぞきみ
後,のち
後々,のちのち
野天,のてん
喉,のど
のどぐろ,のどぐろ
喉ごし,のどごし
喉元,のどもと
野放し,のばなし
野原,のはら
野薔薇,のばら
野火,のび
延び延び,のびのび
のぶん,のぶん
延べ,のべ
幟,のぼり
上り坂,のぼりざか
上り線,のぼりせん
蚤,のみ
飲み食い,のみくい
飲み口,のみくち
飲み代,のみしろ
飲み過ぎ,のみすぎ
野道,のみち
飲み物,のみもの
飲み屋,のみや
野焼き,のやき
野山,のやま
野良,のら
野良犬,のらいぬ
海苔,のり
乗り降り,のりおり
乗り換え,のりかえ
糊代,のりしろ
乗り手,のりて
祝詞,のりと
乗り場,のりば
海苔巻き,のりまき
乗り物,のりもの
暖簾,のれん
のろし,のろし
バー,ばー
場合,ばあい
パーカー,ぱーかー
把握,はあく
婆さん,ばあさん
バージョン,ばーじょん
場当たり,ばあたり
パーティー,ぱーてぃー
ハート,はーと
ハーブ,はーぶ
ハープ,はーぷ
ハーブティー,はーぶてぃー
ハーモニカ,はーもにか
バーレーン,ばーれーん
廃,はい
倍,ばい
パイ,ぱい
廃案,はいあん
配意,はいい
灰石,はいいし
灰色,はいいろ
敗因,はいいん
廃液,はいえき
排煙,はいえん
煤煙,ばいえん
廃屋,はいおく
バイオリン,ばいおりん
配下,はいか
胚芽,はいが
倍加,ばいか
徘徊,はいかい
媒介,ばいかい
廃刊,はいかん
廃棄,はいき
拝金,はいきん
黴菌,ばいきん
俳句,はいく
バイク,ばいく
背景,はいけい
排撃,はいげき
拝見,はいけん
背後,はいご
廃材,はいざい
灰皿,はいざら
廃止,はいし
歯医者,はいしゃ
配信,はいしん
陪審,ばいしん
排水,はいすい
排斥,はいせき
排泄,はいせつ
廃絶,はいぜつ
敗戦,はいせん
配膳,はいぜん
焙煎,ばいせん
敗訴,はいそ
配属,はいぞく
排他,はいた
敗退,はいたい
媒体,ばいたい
配達,はいたつ
配達員,はいたついん
俳壇,はいだん
配置,はいち
配点,はいてん
配電,はいでん
売店,ばいてん
拝読,はいどく
背任,はいにん
売買,ばいばい
配備,はいび
廃品,はいひん
配付,はいふ
廃部,はいぶ
廃物,はいぶつ
配分,はいぶん
敗北,はいぼく
配本,はいほん
売名,ばいめい
背面,はいめん
肺門,はいもん
配役,はいやく
売約,ばいやく
俳優,はいゆう
倍率,ばいりつ
拝礼,はいれい
配列,はいれつ
パイロット,ぱいろっと
バインダー,ばいんだー
栄え,はえ
生え際,はえぎわ
延縄,はえなわ
生え抜き,はえぬき
羽音,はおと
羽織,はおり
墓,はか
破壊,はかい
墓石,はかいし
葉書き,はがき
博士,はかせ
歯形,はがた
鋼,はがね
墓場,はかば
袴,はかま
墓参り,はかまいり
秤,はかり
謀,はかりごと
破棄,はき
萩,はぎ
吐き気,はきけ
歯軋り,はぎしり
パキスタン,ぱきすたん
掃き溜め,はきだめ
接ぎ目,はぎめ
履き物,はきもの
歯切れ,はぎれ
博,はく
馬具,ばぐ
博愛,はくあい
白亜紀,はくあき
白衣,はくい
白煙,はくえん
爆音,ばくおん
麦芽,ばくが
迫害,はくがい
博学,はくがく
歯茎,はぐき
迫撃,はくげき
爆撃,ばくげき
白菜,はくさい
白紙,はくし
迫真,はくしん
驀進,ばくしん
剥製,はくせい
白線,はくせん
剥奪,はくだつ
バグダッド,ばぐだっど
爆弾,ばくだん
博打,ばくち
爆竹,ばくちく
バクテリア,ばくてりあ
白熱,はくねつ
爆破,ばくは
バグパイプ,ばぐぱいぷ
爆発,ばくはつ
白眉,はくび
幕府,ばくふ
博物,はくぶつ
博物館,はくぶつかん
白墨,はくぼく
白米,はくまい
薄膜,はくまく
幕末,ばくまつ
爆薬,ばくやく
舶来,はくらい
博覧,はくらん
剥離,はくり
歯車,はぐるま
白露,はくろ
暴露,ばくろ
刷毛,はけ
波形,はけい
捌け口,はけぐち
禿鷹,はげたか
化け物,ばけもの
禿鷲,はげわし
派遣,はけん
馬券,ばけん
箱,はこ
羽子板,はごいた
箱入り,はこいり
歯応え,はごたえ
箱庭,はこにわ
方舟,はこぶね
繁縷,はこべ
羽衣,はごろも
破砕,はさい
端境期,はざかいき
葉桜,はざくら
狭間,はざま
鋏,はさみ
破産,はさん
橋,はし
恥,はじ
麻疹,はしか
端書き,はしがき
端くれ,はしくれ
艀,はしけ
橋桁,はしげた
梯子,はしご
端々,はしばし
橋本,はしもと
馬車,ばしゃ
パジャマ,ぱじゃま
場所,ばしょ
柱,はしら
蓮,はす
バス,ばす
場末,ばすえ
斜交い,はすかい
パスタ,ぱすた
バスターミナル,ばすたーみなる
バスタオル,ばすたおる
パステル,ぱすてる
パスワード,ぱすわーど
沙魚,はぜ
派生,はせい
罵声,ばせい
長谷川,はせがわ
パソコン,ぱそこん
破損,はそん
旗,はた
肌,はだ
バター,ばたー
旗揚げ,はたあげ
馬体,ばたい
旗色,はたいろ
肌色,はだいろ
機織り,はたおり
裸,はだか
裸馬,はだかうま
はたき,はたき
肌着,はだぎ
畑,はたけ
畑作,はたさく
肌触り,はだざわり
裸足,はだし
畑地,はたち
旗振り,はたふり
肌身,はだみ
傍目,はため
旗本,はたもと
働き,はたらき
破綻,はたん
破断,はだん
蜂,はち
撥,ばち
鉢植え,はちうえ
八王子,はちおうじ
バチカン,ばちかん
破竹,はちく
蜂鳥,はちどり
鉢巻き,はちまき
はちみつ,はちみつ
爬虫類,はちゅうるい
初,はつ
罰,ばつ
発案,はつあん
発育,はついく
発煙,はつえん
発音,はつおん
発芽,はつが
ハッカー,はっかー
初釜,はつがま
発癌,はつがん
発議,はつぎ
バッグ,ばっぐ
パック,ぱっく
バックアップ,ばっくあっぷ
発見,はっけん
発現,はつげん
初恋,はつこい
初霜,はつしも
発展,はってん
発電,はつでん
発電所,はつでんしょ
バット,ばっと
初荷,はつに
初値,はつね
発熱,はつねつ
初乗り,はつのり
発売,はつばい
発泡酒,はっぽうしゅ
初参り,はつまいり
初孫,はつまご
初耳,はつみみ
発明,はつめい
初物,はつもの
初役,はつやく
初雪,はつゆき
初夢,はつゆめ
発令,はつれい
発露,はつろ
果てし,はてし
鳩,はと
波止場,はとば
バドミントン,ばどみんとん
歯止め,はどめ
花,はな
鼻息,はないき
鼻歌,はなうた
鼻緒,はなお
花形,はながた
花柄,はながら
花曇り,はなぐもり
鼻声,はなごえ
花暦,はなごよみ
花盛り,はなざかり
鼻先,はなさき
話,はなし
話し声,はなしごえ
花園,はなぞの
花束,はなたば
花便り,はなだより
花時,はなどき
バナナ,ばなな
花畑,はなばたけ
花火,はなび
花冷え,はなびえ
花びら,はなびら
花房,はなぶさ
パナマ,ぱなま
パナマシティ,ぱなましてぃ
花丸,はなまる
花見,はなみ
花道,はなみち
はなむけ,はなむけ
花婿,はなむこ
鼻持ち,はなもち
花屋,はなや
花嫁,はなよめ
歯並び,はならび
場慣れ,ばなれ
離れ業,はなれわざ
塙,はなわ
馬肉,ばにく
埴輪,はにわ
バヌアツ,ばぬあつ
羽根,はね
羽根突,はねつき
ハノイ,はのい
母,はは
幅,はば
馬場,ばば
母上,ははうえ
母親,ははおや
母方,ははかた
母子草,ははこぐさ
派閥,はばつ
幅跳び,はばとび
ハバナ,はばな
ババロア,ばばろあ
波布,はぶ
羽二重,はぶたえ
歯ブラシ,はぶらし
羽振り,はぶり
派兵,はへい
破片,はへん
浜,はま
葉巻,はまき
蛤,はまぐり
浜田,はまだ
はまち,はまち
浜辺,はまべ
破魔矢,はまや
歯みがき,はみがき
ハム,はむ
羽目,はめ
羽目板,はめいた
破滅,はめつ
場面,ばめん
刃物,はもの
破門,はもん
早打ち,はやうち
早起き,はやおき
早合点,はやがてん
早鐘,はやがね
早口,はやくち
早咲き,はやざき
林,はやし
早瀬,はやせ
疾風,はやて
早寝,はやね
早場米,はやばまい
早引け,はやびけ
隼,はやぶさ
早道,はやみち
早耳,はやみみ
早技,はやわざ
原,はら
薔薇,ばら
払い腰,はらいごし
腹癒せ,はらいせ
薔薇色,ばらいろ
パラオ,ぱらお
腹掛け,はらがけ
パラグアイ,ぱらぐあい
原田,はらだ
腹違い,はらちがい
腹這,はらばい
腹鰭,はらびれ
ハラレ,はられ
はらわた,はらわた
波乱,はらん
梁,はり
針金,はりがね
張り紙,はりがみ
馬力,ばりき
張り子,はりこ
磔,はりつけ
張り手,はりて
春,はる
遥,はるか
春霞,はるがすみ
春風,はるかぜ
春先,はるさき
春雨,はるさめ
ハルツーム,はるつーむ
晴,はれ
バレーボール,ばれーぼーる
晴れ着,はれぎ
晴れ姿,はれすがた
パレスチナ,ぱれすちな
破裂,はれつ
バレッタ,ばれった
パレット,ぱれっと
晴れ間,はれま
腫れ物,はれもの
ハローワーク,はろーわーく
刃渡り,はわたり
判,はん
晩,ばん
パン,ぱん
犯意,はんい
反映,はんえい
半円,はんえん
半音,はんおん
版画,はんが
晩夏,ばんか
半壊,はんかい
挽回,ばんかい
番外,ばんがい
繁華街,はんかがい
半額,はんがく
ハンカチ,はんかち
反感,はんかん
万感,ばんかん
半期,はんき
版木,はんぎ
晩期,ばんき
半規管,はんきかん
番組,ばんぐみ
バングラデシュ,ばんぐらでしゅ
反軍,はんぐん
半径,はんけい
パンケーキ,ぱんけーき
反撃,はんげき
判決,はんけつ
半月,はんげつ
版権,はんけん
半減,はんげん
番犬,ばんけん
判こ,はんこ
パン粉,ぱんこ
万国,ばんこく
反骨,はんこつ
晩ごはん,ばんごはん
晩婚,ばんこん
犯罪,はんざい
晩産,ばんさん
半紙,はんし
バンジョー,ばんじょー
半身,はんしん
反省,はんせい
反戦,はんせん
番線,ばんせん
反則,はんそく
半袖,はんそで
はんだ,はんだ
パンダ,ぱんだ
反対,はんたい
判断,はんだん
万端,ばんたん
番地,ばんち
パンチ,ぱんち
半月,はんつき
番手,ばんて
判定,はんてい
反転,はんてん
半時,はんとき
判読,はんどく
半年,はんとし
ハンドバッグ,はんどばっぐ
万難,ばんなん
半日,はんにち
犯人,はんにん
万人,ばんにん
半値,はんね
晩年,ばんねん
反応,はんのう
ハンバーグ,はんばーぐ
販売,はんばい
半々,はんはん
パンプス,ぱんぷす
パン屋,ぱんや
番役,ばんやく
反落,はんらく
反乱,はんらん
半輪,はんりん
凡例,はんれい
販路,はんろ
反論,はんろん
悲哀,ひあい
ピアス,ぴあす
火遊び,ひあそび
日当たり,ひあたり
ピアノ,ぴあの
ひいき,ひいき
贔屓目,ひいきめ
美意識,びいしき
ピース,ぴーす
柊,ひいらぎ
ビール,びーる
ヒーロー,ひーろー
悲運,ひうん
ビオラ,びおら
鼻音,びおん
悲歌,ひか
彼我,ひが
美化,びか
被害,ひがい
日帰り,ひがえり
比較,ひかく
美学,びがく
日影,ひかげ
日傘,ひがさ
干菓子,ひがし
干潟,ひがた
ぴかぴか,ぴかぴか
光,ひかり
光物,ひかりもの
日替わり,ひがわり
悲観,ひかん
彼岸,ひがん
美観,びかん
悲喜,ひき
秘儀,ひぎ
美技,びぎ
引受,ひきうけ
挽き臼,ひきうす
引換,ひきかえ
蟇蛙,ひきがえる
引き金,ひきがね
引き際,ひきぎわ
悲喜劇,ひきげき
引き算,ひきざん
引き潮,ひきしお
引き出し,ひきだし
引き手,ひきて
引き戸,ひきど
引取,ひきとり
挽き肉,ひきにく
轢き逃げ,ひきにげ
引分,ひきわけ
ひぐま,ひぐま
ひぐらし,ひぐらし
日暮れ,ひぐれ
卑下,ひげ
悲劇,ひげき
火消し,ひけし
否決,ひけつ
髭根,ひげね
引け目,ひけめ
庇護,ひご
緋鯉,ひごい
飛行機,ひこうき
飛行船,ひこうせん
被告,ひこく
被告人,ひこくにん
日ごと,ひごと
彦星,ひこぼし
ひこ孫,ひこまご
日頃,ひごろ
膝,ひざ
ピザ,ぴざ
被災,ひさい
微罪,びざい
日盛り,ひざかり
秘策,ひさく
庇,ひさし
日差し,ひざし
久しぶり,ひさしぶり
氷雨,ひさめ
膝元,ひざもと
飛散,ひさん
皮脂,ひし
菱形,ひしがた
皮質,ひしつ
菱餅,ひしもち
美術館,びじゅつかん
秘書,ひしょ
微震,びしん
美声,びせい
砒素,ひそ
襞,ひだ
肥大,ひだい
鼻濁音,びだくおん
火種,ひだね
日溜まり,ひだまり
左,ひだり
左利き,ひだりきき
左手,ひだりて
左前,ひだりまえ
被弾,ひだん
美談,びだん
備蓄,びちく
篳篥,ひちりき
筆圧,ひつあつ
棺,ひつぎ
ビッグバン,びっぐばん
ピッコロ,ぴっころ
羊,ひつじ
筆舌,ひつぜつ
必然,ひつぜん
筆談,ひつだん
必読,ひつどく
筆名,ひつめい
否定,ひてい
ビデオ,びでお
日照り,ひでり
飛天,ひてん
秘伝,ひでん
美点,びてん
人,ひと
一足,ひとあし
一汗,ひとあせ
一息,ひといき
一重,ひとえ
一抱え,ひとかかえ
人垣,ひとがき
人影,ひとかげ
ひとかど,ひとかど
人柄,ひとがら
人斬り,ひときり
秘匿,ひとく
美徳,びとく
人食い,ひとくい
一癖,ひとくせ
一口,ひとくち
日時計,ひどけい
一声,ひとこえ
一言,ひとこと
他人事,ひとごと
人込み,ひとごみ
一頃,ひところ
人里,ひとざと
人様,ひとさま
人攫い,ひとさらい
人集り,ひとだかり
人助け,ひとだすけ
人魂,ひとだま
人違い,ひとちがい
人出,ひとで
一時,ひととき
人波,ひとなみ
一握り,ひとにぎり
一晩,ひとばん
人々,ひとびと
一筆,ひとふで
人前,ひとまえ
人任せ,ひとまかせ
一幕,ひとまく
一纏め,ひとまとめ
人真似,ひとまね
一回り,ひとまわり
瞳,ひとみ
人目,ひとめ
一巡り,ひとめぐり
一役,ひとやく
一休み,ひとやすみ
日取り,ひどり
独り言,ひとりごと
雛,ひな
日永,ひなが
雛形,ひながた
雛菊,ひなぎく
日なた,ひなた
雛鳥,ひなどり
避難,ひなん
美男,びなん
否認,ひにん
微熱,びねつ
ひねもす,ひねもす
日の入り,ひのいり
丙午,ひのえうま
檜,ひのき
火の車,ひのくるま
火の気,ひのけ
火の手,ひのて
日の出,ひので
日の丸,ひのまる
火の元,ひのもと
非売品,ひばいひん
被曝,ひばく
火箸,ひばし
火柱,ひばしら
火鉢,ひばち
火花,ひばな
雲雀,ひばり
批判,ひはん
非番,ひばん
日々,ひび
備品,びひん
皮膚,ひふ
日歩,ひぶ
被覆,ひふく
火膨れ,ひぶくれ
火蓋,ひぶた
秘仏,ひぶつ
ビブラフォン,びぶらふぉん
悲憤,ひふん
微分,びぶん
疲弊,ひへい
日偏,ひへん
干乾し,ひぼし
被膜,ひまく
ひ孫,ひまご
日増し,ひまし
ひまわり,ひまわり
肥満,ひまん
秘密,ひみつ
微妙,びみょう
氷室,ひむろ
姫,ひめ
悲鳴,ひめい
美名,びめい
姫君,ひめぎみ
姫路,ひめじ
姫ゆり,ひめゆり
罷免,ひめん
紐,ひも
費目,ひもく
日持ち,ひもち
火元,ひもと
干物,ひもの
冷や,ひや
冷や汗,ひやあせ
媚薬,びやく
日焼け,ひやけ
日雇い,ひやとい
冷やりと,ひやりと
比喩,ひゆ
費用,ひよう
病院,びょういん
美容院,びよういん
評価,ひょうか
病気,びょうき
表現,ひょうげん
兵庫,ひょうご
平等,びょうどう
表面,ひょうめん
尾翼,びよく
日除け,ひよけ
ひよこ,ひよこ
ぴょこっと,ぴょこっと
ひょこひょこ,ひょこひょこ
鵯,ひよどり
日和,ひより
日和見,ひよりみ
ぴょんぴょん,ぴょんぴょん
平,ひら
飛来,ひらい
平泳ぎ,ひらおよぎ
平仮名,ひらがな
開き戸,ひらきど
平手,ひらて
平幕,ひらまく
ひらめ,ひらめ
平屋,ひらや
びり,びり
比率,ひりつ
ビリヤード,びりやーど
昼,ひる
ビル,びる
比類,ひるい
昼顔,ひるがお
昼げ,ひるげ
昼ご飯,ひるごはん
昼時,ひるどき
昼寝,ひるね
昼日中,ひるひなか
昼間,ひるま
昼休み,ひるやすみ
ひれ,ひれ
比例,ひれい
美麗,びれい
披歴,ひれき
拾い物,ひろいもの
広島,ひろしま
広島駅,ひろしまえき
広島市,ひろしまし
広場,ひろば
広間,ひろま
秘話,ひわ
びわ,びわ
日割り,ひわり
品,ひん
便,びん
品位,ひんい
品格,ひんかく
貧苦,ひんく
貧血,ひんけつ
貧困,ひんこん
品詞,ひんし
品質,ひんしつ
品性,ひんせい
便箋,びんせん
貧打,ひんだ
頻度,ひんど
歩合,ぶあい
ファイアウォール,ふぁいあうぉーる
ファイル,ふぁいる
ファゴット,ふぁごっと
ファン,ふぁん
不安,ふあん
ファンシー,ふぁんしー
無為,ぶい
不意打ち,ふいうち
鞴,ふいご
フィジー,ふぃじー
ブイヨン,ぶいよん
フィリピン,ふぃりぴん
部員,ぶいん
風景,ふうけい
ブータン,ぶーたん
ブーツ,ぶーつ
封筒,ふうとう
夫婦,ふうふ
プール,ぷーる
笛,ふえ
フェイスタオル,ふぇいすたおる
不易,ふえき
笛吹き,ふえふき
フェリー,ふぇりー
プエルトリコ,ぷえるとりこ
フェンシング,ふぇんしんぐ
フォーク,ふぉーく
フォルダ,ふぉるだ
付加,ふか
部下,ぶか
深井,ふかい
部会,ぶかい
深入り,ふかいり
深追い,ふかおい
舞楽,ぶがく
不可侵,ふかしん
不可知,ふかち
部活,ぶかつ
深手,ふかで
ブカレスト,ぶかれすと
付記,ふき
府議,ふぎ
武器,ぶき
付近,ふきん
副,ふく
河豚,ふぐ
武具,ぶぐ
腹案,ふくあん
福井,ふくい
復員,ふくいん
服役,ふくえき
福岡,ふくおか
復学,ふくがく
複眼,ふくがん
復元,ふくげん
副詞,ふくし
複式,ふくしき
福島,ふくしま
腹心,ふくしん
腹水,ふくすい
複数,ふくすう
複製,ふくせい
伏線,ふくせん
服装,ふくそう
副題,ふくだい
服毒,ふくどく
復配,ふくはい
福引き,ふくびき
腹部,ふくぶ
福袋,ふくぶくろ
複文,ふくぶん
伏兵,ふくへい
腹壁,ふくへき
副本,ふくほん
含み益,ふくみえき
含み損,ふくみそん
服務,ふくむ
覆面,ふくめん
服喪,ふくも
服薬,ふくやく
脹ら脛,ふくらはぎ
福利,ふくり
復路,ふくろ
雲脂,ふけ
武家,ぶけ
婦警,ふけい
武芸,ぶげい
不敬罪,ふけいざい
府県,ふけん
付言,ふげん
布告,ふこく
房,ふさ
夫妻,ふさい
不在,ふざい
部材,ぶざい
不作,ふさく
父子,ふし
武士,ぶし
節穴,ふしあな
藤井,ふじい
藤田,ふじた
部室,ぶしつ
節々,ふしぶし
伏し目,ふしめ
藤原,ふじわら
普請,ふしん
襖,ふすま
布施,ふせ
府政,ふせい
風情,ふぜい
無勢,ぶぜい
布石,ふせき
敷設,ふせつ
不戦,ふせん
不全,ふぜん
父祖,ふそ
不足,ふそく
付属,ふぞく
部族,ぶぞく
不遜,ふそん
蓋,ふた
札,ふだ
豚,ぶた
付帯,ふたい
舞台,ぶたい
不退転,ふたいてん
二親,ふたおや
付託,ふたく
双子,ふたご
二手,ふたて
豚肉,ぶたにく
二葉,ふたば
ブダペスト,ぶだぺすと
負担,ふたん
不断,ふだん
普段着,ふだんぎ
淵,ふち
斑,ぶち
府庁,ふちょう
物,ぶつ
物議,ぶつぎ
仏具,ぶつぐ
ブックエンド,ぶっくえんど
ふっくら,ふっくら
ぷっくり,ぷっくり
物質,ぶっしつ
仏前,ぶつぜん
フッ素,ふっそ
仏陀,ぶつだ
仏壇,ぶつだん
沸騰,ふっとう
仏文,ふつぶん
仏間,ぶつま
仏滅,ぶつめつ
仏門,ぶつもん
物理,ぶつり
筆,ふで
不適,ふてき
筆箱,ふでばこ
太藺,ふとい
葡萄,ぶどう
武道館,ぶどうかん
懐,ふところ
懐手,ふところで
太股,ふともも
ふとん,ふとん
ふな,ふな
山毛欅,ぶな
船足,ふなあし
舟歌,ふなうた
不仲,ふなか
船底,ふなぞこ
船旅,ふなたび
船賃,ふなちん
船出,ふなで
船乗り,ふなのり
船端,ふなばた
船便,ふなびん
船縁,ふなべり
船虫,ふなむし
船宿,ふなやど
船酔い,ふなよい
ぷにぷに,ぷにぷに
ふにゃふにゃ,ふにゃふにゃ
赴任,ふにん
槽,ふね
不燃,ふねん
布海苔,ふのり
プノンペン,ぷのんぺん
腐敗,ふはい
不買,ふばい
不発,ふはつ
不払い,ふばらい
部品,ぶひん
吹雪,ふぶき
部分,ぶぶん
不文律,ふぶんりつ
不平,ふへい
普遍,ふへん
父母,ふぼ
不満,ふまん
踏み石,ふみいし
踏み絵,ふみえ
踏切,ふみきり
踏み台,ふみだい
踏み場,ふみば
不眠,ふみん
譜面,ふめん
麓,ふもと
不問,ふもん
部門,ぶもん
冬,ふゆ
冬型,ふゆがた
冬枯れ,ふゆがれ
冬場,ふゆば
冬物,ふゆもの
冬山,ふゆやま
付与,ふよ
蚋,ぶよ
ブラウザ,ぶらうざ
ブラウス,ぶらうす
部落,ぶらく
ブラジリア,ぶらじりあ
ブラジル,ぶらじる
プラスチック,ぷらすちっく
ブラックホール,ぶらっくほーる
プラネタリウム,ぷらねたりうむ
プラハ,ぷらは
腐乱,ふらん
プラン,ぷらん
孵卵器,ふらんき
プランクトン,ぷらんくとん
フランス,ふらんす
ブランデー,ぶらんでー
ブランド,ぶらんど
ぶり,ぶり
振替,ふりかえ
ふりかけ,ふりかけ
振り仮名,ふりがな
振り子,ふりこ
振り駒,ふりごま
振込,ふりこみ
振り袖,ふりそで
振出,ふりだし
府立,ふりつ
振付,ふりつけ
プリティ,ぷりてぃ
ブリュッセル,ぶりゅっせる
フリル,ふりる
プリン,ぷりん
プリンター,ぷりんたー
古井,ふるい
部類,ぶるい
フルート,ふるーと
古顔,ふるがお
ブルガリア,ぶるがりあ
古着,ふるぎ
古里,ふるさと
古巣,ふるす
古手,ふるて
隹,ふるとり
ぷるぷる,ぷるぷる
古本,ふるほん
ブルンジ,ぶるんじ
ブレーキ,ぶれーき
触れ込み,ふれこみ
ブレスレット,ぶれすれっと
プレゼント,ぷれぜんと
プレトリア,ぷれとりあ
風呂,ふろ
プロ,ぷろ
ブローチ,ぶろーち
付録,ふろく
ブログ,ぶろぐ
プログラミング,ぷろぐらみんぐ
風呂敷,ふろしき
不惑,ふわく
不渡り,ふわたり
ふわっと,ふわっと
ふわふわ,ふわふわ
分,ぶん
文案,ぶんあん
文意,ぶんい
雰囲気,ふんいき
噴火,ふんか
分化,ぶんか
憤慨,ふんがい
分解,ぶんかい
文学,ぶんがく
文学部,ぶんがくぶ
文科系,ぶんかけい
文化財,ぶんかざい
文化センター,ぶんかせんたー
分割,ぶんかつ
分館,ぶんかん
奮起,ふんき
分岐,ぶんき
踏ん切り,ふんぎり
文具,ぶんぐ
分家,ぶんけ
文系,ぶんけい
文芸,ぶんげい
憤激,ふんげき
分権,ぶんけん
文言,ぶんげん
文庫,ぶんこ
文語,ぶんご
粉砕,ふんさい
文才,ぶんさい
分散,ぶんさん
分子,ぶんし
紛失,ふんしつ
分室,ぶんしつ
文章,ぶんしょう
分針,ふんしん
分身,ぶんしん
噴水,ふんすい
分数,ぶんすう
分析,ぶんせき
文節,ぶんせつ
奮戦,ふんせん
紛争,ふんそう
分速,ふんそく
分隊,ぶんたい
分担,ぶんたん
分断,ぶんだん
文鎮,ぶんちん
分度器,ぶんどき
褌,ふんどし
憤怒,ふんぬ
文房具,ぶんぼうぐ
分野,ぶんや
分与,ぶんよ
文楽,ぶんらく
分離,ぶんり
分立,ぶんりつ
分類,ぶんるい
奮励,ふんれい
文例,ぶんれい
分裂,ぶんれつ
ヘアバンド,へあばんど
ヘアピン,へあぴん
兵,へい
兵員,へいいん
兵役,へいえき
閉園,へいえん
平温,へいおん
平価,へいか
米価,べいか
閉会,へいかい
弊害,へいがい
閉館,へいかん
併願,へいがん
併記,へいき
平均,へいきん
米軍,べいぐん
平家,へいけ
閉経,へいけい
平原,へいげん
米語,べいご
平行,へいこう
米穀,べいこく
貝独楽,べいごま
閉鎖,へいさ
併催,へいさい
米作,べいさく
閉山,へいざん
兵士,へいし
米誌,べいし
平生,へいぜい
併設,へいせつ
平素,へいそ
閉塞,へいそく
兵卒,へいそつ
併存,へいそん
兵隊,へいたい
兵站,へいたん
平地,へいち
平定,へいてい
閉店,へいてん
併任,へいにん
平熱,へいねつ
平年,へいねん
併発,へいはつ
米飯,べいはん
平伏,へいふく
閉幕,へいまく
平民,へいみん
平面,へいめん
閉門,へいもん
平野,へいや
平癒,へいゆ
並立,へいりつ
ベイルート,べいるーと
並列,へいれつ
平和,へいわ
ベーグル,べーぐる
ページ,ぺーじ
ベオグラード,べおぐらーど
冪,べき
辟易,へきえき
壁画,へきが
僻地,へきち
壁面,へきめん
北京,ぺきん
ベクトル,べくとる
舳先,へさき
ベスト,べすと
臍,へそ
べそ,べそ
臍繰り,へそくり
蔕,へた
べた褒め,べたほめ
天糸瓜,へちま
別院,べついん
別荘,べっそう
ベッド,べっど
ヘッドホン,へっどほん
別便,べつびん
別棟,べつむね
別名,べつめい
別物,べつもの
別離,べつり
別枠,べつわく
ぺてん,ぺてん
反吐,へど
ベトナム,べとなむ
へどろ,へどろ
ベナン,べなん
紅,べに
紅花,べにばな
ベネズエラ,べねずえら
蛇,へび
へま,へま
部屋,へや
篦,へら
遍羅,べら
ベラルーシ,べらるーし
ヘリウム,へりうむ
屁理屈,へりくつ
ヘリコプター,へりこぷたー
ペルー,ぺるー
ヘルシンキ,へるしんき
ベルト,べると
ヘルメット,へるめっと
ベルリン,べるりん
べろ,べろ
偏,へん
便,べん
ペン,ぺん
変圧器,へんあつき
変異,へんい
変化,へんか
弁解,べんかい
勉学,べんがく
変換,へんかん
便器,べんき
便宜,べんぎ
勉強,べんきょう
返金,へんきん
ペンギン,ぺんぎん
変形,へんけい
偏見,へんけん
弁護,べんご
弁護士,べんごし
弁護人,べんごにん
便座,べんざ
返済,へんさい
偏在,へんざい
弁済,べんさい
偏差値,へんさち
編纂,へんさん
弁士,べんし
変質,へんしつ
ペンション,ぺんしょん
変心,へんしん
編成,へんせい
偏西風,へんせいふう
変節,へんせつ
弁舌,べんぜつ
変遷,へんせん
変速,へんそく
変態,へんたい
ペン立て,ぺんたて
辺地,へんち
変哲,へんてつ
変転,へんてん
弁当,べんとう
弁当箱,べんとうばこ
便覧,べんらん
片鱗,へんりん
返礼,へんれい
勉励,べんれい
遍歴,へんれき
遍路,へんろ
弁論,べんろん
保安,ほあん
保育,ほいく
保育園,ほいくえん
保育士,ほいくし
捕逸,ほいつ
母音,ぼいん
貿易,ぼうえき
方角,ほうがく
箒,ほうき
防具,ぼうぐ
方向,ほうこう
報告,ほうこく
帽子,ぼうし
宝石,ほうせき
放送,ほうそう
法則,ほうそく
包丁,ほうちょう
方程式,ほうていしき
報道,ほうどう
豊富,ほうふ
方法,ほうほう
法務局,ほうむきょく
訪問,ほうもん
法律,ほうりつ
ボウリング,ぼうりんぐ
ポーチ,ぽーち
ボート,ぼーと
ボート競技,ぼーときょうぎ
ホームページ,ほーむぺーじ
ボール,ぼーる
ボールペン,ぼーるぺん
外,ほか
簿価,ぼか
保革,ほかく
火影,ほかげ
ぽかぽか,ぽかぽか
保管,ほかん
母艦,ぼかん
簿記,ぼき
保菌,ほきん
募金,ぼきん
僕,ぼく
北緯,ほくい
墨画,ぼくが
牧師,ぼくし
牧場,ぼくじょう
ボクシング,ぼくしんぐ
北西,ほくせい
北端,ほくたん
牧畜,ぼくちく
北部,ほくぶ
撲滅,ぼくめつ
ほくろ,ほくろ
惚,ぼけ
捕鯨,ほげい
母系,ぼけい
補欠,ほけつ
墓穴,ぼけつ
保健,ほけん
保健所,ほけんじょ
矛,ほこ
保護,ほご
母国,ぼこく
矛先,ほこさき
保護司,ほごし
ボゴタ,ぼごた
ほこら,ほこら
埃,ほこり
補佐,ほさ
穂先,ほさき
菩薩,ぼさつ
墓参,ぼさん
星,ほし
母子,ぼし
干し柿,ほしがき
星影,ほしかげ
干し草,ほしくさ
星空,ほしぞら
保湿,ほしつ
星取,ほしとり
干し物,ほしもの
保証,ほしょう
保身,ほしん
ポスト,ぽすと
ボストンバッグ,ぼすとんばっぐ
補正,ほせい
保税,ほぜい
母性,ぼせい
保線,ほせん
保全,ほぜん
母船,ぼせん
墓前,ぼぜん
臍,ほぞ
歩測,ほそく
細引き,ほそびき
細身,ほそみ
細道,ほそみち
細目,ほそめ
保存,ほぞん
母体,ぼたい
ほたて,ほたて
牡丹餅,ぼたもち
蛍,ほたる
牡丹,ぼたん
ぼたんえび,ぼたんえび
墓地,ぼち
没,ぼつ
北海道,ほっかいどう
発願,ほつがん
ほっき貝,ほっきがい
没後,ぼつご
ほっこり,ほっこり
ぽっちゃり,ぽっちゃり
ホットプレート,ほっとぷれーと
没年,ぼつねん
ポップ,ぽっぷ
ほっぺ,ほっぺ
没落,ぼつらく
ボツワナ,ぼつわな
ぽてぽて,ぽてぽて
ホテル,ほてる
補填,ほてん
程,ほど
程合,ほどあい
仏,ほとけ
仏様,ほとけさま
ほとぼり,ほとぼり
ほとり,ほとり
ほとんど,ほとんど
哺乳類,ほにゅうるい
骨,ほね
骨折り,ほねおり
骨組み,ほねぐみ
骨付き,ほねつき
骨抜き,ほねぬき
骨身,ほねみ
骨休め,ほねやすめ
帆柱,ほばしら
歩幅,ほはば
墓碑,ぼひ
保父,ほふ
歩兵,ほへい
保母,ほぼ
帆前船,ほまえせん
誉れ,ほまれ
ぽよぽよ,ぽよぽよ
法螺貝,ほらがい
法螺吹き,ほらふき
堀,ほり
彫り師,ほりし
堀端,ほりばた
ボリビア,ぼりびあ
彫り物,ほりもの
掘り割り,ほりわり
ホルン,ほるん
保冷,ほれい
保冷剤,ほれいざい
幌,ほろ
ぼろ,ぼろ
ポロシャツ,ぽろしゃつ
ほろ酔い,ほろよい
ほろりと,ほろりと
ホワイトボード,ほわいとぼーど
ほわほわ,ほわほわ
本,ほん
盆,ぼん
翻案,ほんあん
翻意,ほんい
本院,ほんいん
盆踊り,ぼんおどり
本格,ほんかく
本館,ほんかん
本願,ほんがん
本曇り,ほんぐもり
本家,ほんけ
本件,ほんけん
ボンゴ,ぼんご
本国,ほんごく
本腰,ほんごし
香港,ほんこん
盆栽,ぼんさい
本山,ほんざん
本旨,ほんし
本式,ほんしき
本質,ほんしつ
ホンジュラス,ほんじゅらす
本心,ほんしん
本籍,ほんせき
本線,ほんせん
本尊,ほんぞん
凡打,ぼんだ
本体,ほんたい
本題,ほんだい
凡退,ぼんたい
本棚,ほんだな
盆地,ぼんち
ポンチョ,ぽんちょ
本店,ほんてん
本殿,ほんでん
本土,ほんど
本当,ほんとう
本人,ほんにん
本音,ほんね
本年,ほんねん
本屋,ほんや
翻訳,ほんやく
翻訳家,ほんやくか
本来,ほんらい
本欄,ほんらん
本塁,ほんるい
本論,ほんろん
間合い,まあい
マーカー,まーかー
マーガリン,まーがりん
マーク,まーく
米,まい
毎朝,まいあさ
毎回,まいかい
舞子,まいこ
迷子,まいご
毎週,まいしゅう
邁進,まいしん
埋設,まいせつ
舞茸,まいたけ
毎月,まいつき
毎度,まいど
毎年,まいとし
毎日,まいにち
毎晩,まいばん
舞姫,まいひめ
毎分,まいふん
埋没,まいぼつ
毎夜,まいよ
マウス,まうす
前,まえ
前足,まえあし
前祝い,まえいわい
前売り,まえうり
前置き,まえおき
前屈み,まえかがみ
前書き,まえがき
前掛け,まえかけ
前髪,まえがみ
前借り,まえがり
前田,まえだ
前倒し,まえだおし
前歯,まえば
前橋,まえばし
前払い,まえばらい
前触れ,まえぶれ
前々,まえまえ
前褌,まえみつ
前渡し,まえわたし
紛,まがい
擬い物,まがいもの
真顔,まがお
間借り,まがり
マカロン,まかろん
牧,まき
巻き網,まきあみ
蒔絵,まきえ
巻き貝,まきがい
巻き紙,まきがみ
巻き添え,まきぞえ
巻き鬚,まきひげ
巻き物,まきもの
間際,まぎわ
幕,まく
幕あい,まくあい
幕開き,まくあき
幕開け,まくあけ
幕切れ,まくぎれ
まぐさ,まぐさ
幕下,まくした
間口,まぐち
マグネシウム,まぐねしうむ
まくら,まくら
枕木,まくらぎ
枕元,まくらもと
まぐれ,まぐれ
まぐろ,まぐろ
髷,まげ
負けん気,まけんき
孫,まご
真鯉,まごい
真心,まごころ
孫娘,まごむすめ
鉞,まさかり
摩擦,まさつ
正目,まさめ
正夢,まさゆめ
桝,ます
麻酔,ますい
不味い,まずい
マスコット,ますこっと
升目,ますめ
股,また
真鯛,まだい
又貸し,またがし
マダガスカル,まだがすかる
又聞き,またぎき
また裂き,またさき
斑,まだら
麻垂れ,まだれ
町,まち
待ち合わせ,まちあわせ
間違い,まちがい
街角,まちかど
町並み,まちなみ
待ち針,まちばり
待ち伏せ,まちぶせ
町役場,まちやくば
末,まつ
松笠,まつかさ
松風,まつかぜ
まつ毛,まつげ
マッサージ店,まっさーじてん
松田,まつだ
末代,まつだい
松茸,まつたけ
マット,まっと
松原,まつばら
末尾,まつび
松虫,まつむし
松本,まつもと
松脂,まつやに
祭,まつり
末路,まつろ
的,まと
窓,まど
窓際,まどぎわ
窓口,まどぐち
窓越し,まどごし
間取り,まどり
マドリード,まどりーど
まな板,まないた
マナグア,まなぐあ
目差し,まなざし
真夏日,まなつび
愛弟子,まなでし
愛娘,まなむすめ
マニラ,まにら
間延び,まのび
瞬き,まばたき
麻痺,まひ
マフィン,まふぃん
目蓋,まぶた
真冬日,まふゆび
マフラー,まふらー
幻,まぼろし
飯事,ままごと
継母,ままはは
真向かい,まむかい
まむし,まむし
豆,まめ
摩滅,まめつ
豆蒔き,まめまき
魔物,まもの
守り神,まもりがみ
まやかし,まやかし
麻薬,まやく
眉,まゆ
眉毛,まゆげ
魔除け,まよけ
真夜中,まよなか
マヨネーズ,まよねーず
マラウイ,まらうい
マラカス,まらかす
マラソン,まらそん
鞠,まり
毬藻,まりも
マリンバ,まりんば
丸,まる
丸洗い,まるあらい
丸顔,まるがお
丸抱え,まるがかえ
丸形,まるがた
丸刈り,まるがり
丸木,まるき
丸損,まるぞん
丸太,まるた
丸出し,まるだし
丸飲み,まるのみ
丸裸,まるはだか
丸見え,まるみえ
丸焼き,まるやき
丸焼け,まるやけ
マレーシア,まれーしあ
真綿,まわた
周り,まわり
満,まん
満員,まんいん
満悦,まんえつ
蔓延,まんえん
漫画,まんが
満開,まんかい
漫画喫茶,まんがきっさ
満額,まんがく
満願,まんがん
満期,まんき
満喫,まんきつ
満月,まんげつ
満載,まんさい
漫才,まんざい
満室,まんしつ
饅頭,まんじゅう
マンション,まんしょん
慢心,まんしん
慢性,まんせい
満席,まんせき
満足,まんぞく
曼荼羅,まんだら
漫談,まんだん
満潮,まんちょう
満天,まんてん
マンドリン,まんどりん
真ん中,まんなか
万年筆,まんねんひつ
万歩計,まんぽけい
万力,まんりき
満塁,まんるい
実入り,みいり
身動き,みうごき
身内,みうち
三浦,みうら
身売り,みうり
見栄,みえ
見納め,みおさめ
見劣り,みおとり
見覚え,みおぼえ
身重,みおも
未開,みかい
味覚,みかく
見掛,みかけ
御影石,みかげいし
味方,みかた
帝,みかど
身柄,みがら
身代わり,みがわり
未完,みかん
幹,みき
右,みぎ
右腕,みぎうで
見聞き,みきき
ミキサー,みきさー
右下,みぎした
右手,みぎて
右左,みぎひだり
右回り,みぎまわり
右横,みぎよこ
右四つ,みぎよつ
右寄り,みぎより
身包み,みぐるみ
未決,みけつ
三毛猫,みけねこ
未見,みけん
巫女,みこ
神輿,みこし
身拵え,みごしらえ
見応え,みごたえ
詔,みことのり
見頃,みごろ
未婚,みこん
見境,みさかい
岬,みさき
御簾,みす
水,みず
未遂,みすい
水着,みずぎ
店,みせ
見せ掛,みせかけ
店構え,みせがまえ
店先,みせさき
見せしめ,みせしめ
見せ所,みせどころ
身銭,みぜに
見せ場,みせば
店番,みせばん
店開き,みせびらき
見世物,みせもの
店屋,みせや
未然,みぜん
味噌,みそ
溝,みぞ
みそしる,みそしる
霙,みぞれ
見出し,みだし
見出し語,みだしご
見た目,みため
道,みち
満ち欠け,みちかけ
道草,みちくさ
満ち潮,みちしお
道の駅,みちのえき
道のり,みちのり
道端,みちばた
満ち干,みちひ
蜜,みつ
蜜月,みつげつ
密談,みつだん
密度,みつど
三つ巴,みつどもえ
三つ葉,みつば
密売,みつばい
蜜蜂,みつばち
三つ股,みつまた
見積,みつもり
密約,みつやく
密輸,みつゆ
密林,みつりん
見て呉れ,みてくれ
味読,みどく
見所,みどころ
緑,みどり
緑色,みどりいろ
緑児,みどりご
皆,みな
身投げ,みなげ
皆様,みなさま
皆さん,みなさん
みなし児,みなしご
港,みなと
南,みなみ
南アフリカ,みなみあふりか
南スーダン,みなみすーだん
源,みなもと
見習,みならい
身なり,みなり
峰,みね
蓑,みの
身の丈,みのたけ
身の程,みのほど
蓑虫,みのむし
稔,みのり
見栄え,みばえ
未払い,みはらい
身振り,みぶり
身震い,みぶるい
身分,みぶん
見本,みほん
見本市,みほんいち
見舞,みまい
未満,みまん
耳,みみ
耳打ち,みみうち
耳そうじ,みみそうじ
耳朶,みみたぶ
耳鳴り,みみなり
耳元,みみもと
未明,みめい
身元,みもと
見物,みもの
未聞,みもん
宮,みや
宮城,みやぎ
土産,みやげ
土産物,みやげもの
都,みやこ
宮崎,みやざき
宮様,みやさま
宮参り,みやまいり
御代,みよ
身寄り,みより
未来,みらい
魅力,みりょく
味醂,みりん
みる貝,みるがい
ミルク,みるく
ミルフィーユ,みるふぃーゆ
未練,みれん
民,みん
民意,みんい
民営,みんえい
民家,みんか
民間,みんかん
民具,みんぐ
民芸,みんげい
民衆,みんしゅう
民宿,みんしゅく
民主主義,みんしゅしゅぎ
民心,みんしん
民政,みんせい
民選,みんせん
民俗,みんぞく
民話,みんわ
無医村,むいそん
ムース,むーす
無我,むが
零余子,むかご
昔,むかし
百足,むかで
無冠,むかん
無期,むき
麦,むぎ
麦茶,むぎちゃ
麦畑,むぎばたけ
麦笛,むぎぶえ
麦踏み,むぎふみ
剥き身,むきみ
麦飯,むぎめし
麦藁,むぎわら
無菌,むきん
尨毛,むくげ
椋鳥,むくどり
浮腫,むくみ
骸,むくろ
無形,むけい
無血,むけつ
婿,むこ
無言,むごん
無罪,むざい
霧散,むさん
無視,むし
蒸しえび,むしえび
虫籠,むしかご
虫食い,むしくい
蒸しケーキ,むしけーき
虫けら,むしけら
虫歯,むしば
虫干し,むしぼし
蒸し焼き,むしやき
無邪気,むじゃき
無心,むしん
無神論,むしんろん
息子,むすこ
結び目,むすびめ
娘,むすめ
娘婿,むすめむこ
無声,むせい
無税,むぜい
無線,むせん
無断,むだん
鞭,むち
鞭打ち,むちうち
睦月,むつき
霧笛,むてき
無届け,むとどけ
棟木,むなぎ
胸倉,むなぐら
胸騒ぎ,むなさわぎ
胸鰭,むなびれ
胸元,むなもと
無二,むに
むにゅむにゅ,むにゅむにゅ
旨,むね
棟上げ,むねあげ
胸焼け,むねやけ
棟割り,むねわり
無配,むはい
無比,むひ
郁子,むべ
夢魔,むま
無味,むみ
無名,むめい
むら,むら
村上,むらかみ
群雲,むらくも
紫,むらさき
村里,むらざと
村雨,むらさめ
村人,むらびと
村役場,むらやくば
無理,むり
無理押し,むりおし
無料,むりょう
ムンバイ,むんばい
目当て,めあて
名,めい
名案,めいあん
名医,めいい
命運,めいうん
名演,めいえん
名家,めいか
名画,めいが
銘柄,めいがら
明記,めいき
名義,めいぎ
名義人,めいぎにん
名句,めいく
名君,めいくん
名月,めいげつ
明言,めいげん
明細,めいさい
名作,めいさく
名刹,めいさつ
名産,めいさん
名山,めいざん
名刺,めいし
名刺入れ,めいしいれ
迷信,めいしん
名水,めいすい
名声,めいせい
命題,めいだい
酩酊,めいてい
名店,めいてん
冥土,めいど
命日,めいにち
名馬,めいば
名品,めいひん
冥福,めいふく
名物,めいぶつ
名分,めいぶん
名簿,めいぼ
名木,めいぼく
命名,めいめい
明滅,めいめつ
名目,めいもく
名門,めいもん
名文句,めいもんく
名訳,めいやく
命令,めいれい
迷路,めいろ
迷惑,めいわく
目上,めうえ
目移り,めうつり
メートル,めーとる
メールアドレス,めーるあどれす
目隠し,めかくし
目頭,めがしら
目方,めかた
眼鏡,めがね
女神,めがみ
メキシコシティ,めきしこしてぃ
目薬,めぐすり
目配せ,めくばせ
目配り,めくばり
巡,めぐり
目先,めさき
目刺し,めざし
目覚まし,めざまし
飯,めし
目下,めした
飯櫃,めしびつ
雌蘂,めしべ
雌,めす
目線,めせん
目高,めだか
目玉,めだま
滅,めつ
目付き,めつき
メッセージ,めっせーじ
メディア,めでぃあ
目処,めど
目の前,めのまえ
目鼻,めはな
雌花,めばな
目張り,めばり
目減り,めべり
目星,めぼし
目眩,めまい
目元,めもと
目盛り,めもり
目安,めやす
目脂,めやに
めり張り,めりはり
メルヘン,めるへん
メロン,めろん
免,めん
免疫,めんえき
綿花,めんか
面会,めんかい
免許,めんきょ
面子,めんこ
免罪,めんざい
綿糸,めんし
面識,めんしき
免税,めんぜい
免責,めんせき
面接,めんせつ
面前,めんぜん
明太子,めんたいこ
面談,めんだん
面子,めんつ
雌鶏,めんどり
メンバー,めんばー
麺類,めんるい
毛布,もうふ
萌葱色,もえぎいろ
燃えないゴミ,もえないごみ
燃えるゴミ,もえるごみ
モーリシャス,もーりしゃす
モーリタニア,もーりたにあ
模擬,もぎ
目撃,もくげき
木材,もくざい
目算,もくさん
黙視,もくし
木質,もくしつ
木星,もくせい
目前,もくぜん
目測,もくそく
木炭,もくたん
目的,もくてき
黙読,もくどく
黙認,もくにん
木馬,もくば
木版,もくはん
黙秘,もくひ
目標,もくひょう
木片,もくへん
木目,もくめ
もぐもぐ,もぐもぐ
木曜日,もくようび
土竜,もぐら
目礼,もくれい
木蓮,もくれん
目録,もくろく
目論見,もくろみ
模型,もけい
もこもこ,もこもこ
猛者,もさ
模索,もさく
モザンビーク,もざんびーく
模試,もし
文字,もじ
モスク,もすく
モスクワ,もすくわ
模造紙,もぞうし
餅,もち
持ち家,もちいえ
持ち株,もちかぶ
持ち切り,もちきり
餅米,もちごめ
持ち点,もちてん
持ち逃げ,もちにげ
持ち主,もちぬし
持ち場,もちば
持ち前,もちまえ
もちもち,もちもち
持ち物,もちもの
木琴,もっきん
持て成し,もてなし
モデム,もでむ
モデル,もでる
元,もと
元栓,もとせん
元手,もとで
本成り,もとなり
元値,もとね
モナコ,もなこ
モニター,もにたー
物,もの
物言い,ものいい
物書き,ものかき
物陰,ものかげ
物語,ものがたり
物乞い,ものごい
物腰,ものごし
物事,ものごと
物差し,ものさし
物知り,ものしり
物取,ものとり
物干し,ものほし
物真似,ものまね
物見,ものみ
物持ち,ものもち
物貰い,ものもらい
モノレール,ものれーる
物別れ,ものわかれ
物忘れ,ものわすれ
物笑い,ものわらい
模範,もはん
喪服,もふく
もふもふ,もふもふ
樅,もみ
籾殻,もみがら
揉め事,もめごと
木綿,もめん
桃,もも
桃色,ももいろ
百種,ももくさ
股引き,ももひき
もや,もや
萌やし,もやし
最寄り,もより
貰う,もらう
森,もり
盛岡,もりおか
盛り蕎麦,もりそば
森田,もりた
盛り土,もりつち
モルディブ,もるでぃぶ
諸,もろ
もろこし,もろこし
双差し,もろざし
モロッコ,もろっこ
諸手,もろて
諸刃,もろは
諸肌,もろはだ
諸々,もろもろ
紋,もん
門衛,もんえい
門下,もんか
門外,もんがい
門構え,もんがまえ
文句,もんく
門限,もんげん
門戸,もんこ
モンゴル,もんごる
門歯,もんし
問診,もんしん
門前,もんぜん
問題,もんだい
紋付き,もんつき
門弟,もんてい
モンテネグロ,もんてねぐろ
モンテビデオ,もんてびでお
門徒,もんと
文無し,もんなし
モンブラン,もんぶらん
矢板,やいた
八重,やえ
野営,やえい
八重歯,やえば
矢面,やおもて
八百屋,やおや
夜会,やかい
野外,やがい
夜学,やがく
屋形,やかた
屋形船,やかたぶね
やかん,やかん
山羊,やぎ
焼き芋,やきいも
焼き入れ,やきいれ
焼き討ち,やきうち
焼き魚,やきざかな
焼き蕎麦,やきそば
焼き鳥,やきとり
焼き肉,やきにく
焼き畑,やきばた
焼き増し,やきまし
焼き餅,やきもち
焼き物,やきもの
野球,やきゅう
冶金,やきん
役,やく
夜具,やぐ
役員,やくいん
薬害,やくがい
薬学,やくがく
役柄,やくがら
訳語,やくご
薬剤,やくざい
薬剤師,やくざいし
訳詞,やくし
薬膳,やくぜん
約束,やくそく
薬袋,やくたい
薬代,やくだい
厄年,やくどし
役人,やくにん
役場,やくば
厄払い,やくはらい
厄日,やくび
薬品,やくひん
薬物,やくぶつ
約分,やくぶん
役回り,やくまわり
薬味,やくみ
役目,やくめ
厄除,やくよけ
矢倉,やぐら
矢車,やぐるま
役割,やくわり
焼け跡,やけあと
夜景,やけい
火傷,やけど
野犬,やけん
やご,やご
野菜,やさい
家探し,やさがし
矢先,やさき
椰子,やし
屋敷,やしき
社,やしろ
野心,やしん
安寝,やすい
安値,やすね
休み,やすみ
安物,やすもの
野生,やせい
痩我慢,やせがまん
やせぎす,やせぎす
野戦,やせん
屋台,やたい
家賃,やちん
奴,やつ
八手,やつで
宿,やど
雇い主,やといぬし
宿借り,やどかり
宿賃,やどちん
宿無し,やどなし
宿主,やどぬし
宿屋,やどや
宿り木,やどりぎ
柳,やなぎ
やに,やに
家主,やぬし
屋根,やね
矢羽,やばね
藪,やぶ
流鏑馬,やぶさめ
藪蛇,やぶへび
夜分,やぶん
山,やま
山あい,やまあい
山嵐,やまあらし
山歩き,やまあるき
病,やまい
病垂れ,やまいだれ
山芋,やまいも
山姥,やまうば
山奥,やまおく
山男,やまおとこ
山颪,やまおろし
山形,やまがた
山勘,やまかん
山際,やまぎわ
山口,やまぐち
山国,やまぐに
山越え,やまごえ
山小屋,やまごや
山崎,やまざき
山桜,やまざくら
山里,やまざと
山師,やまし
山下,やました
山裾,やますそ
山田,やまだ
山手,やまて
山寺,やまでら
山鳥,やまどり
山梨,やまなし
山並み,やまなみ
山鳴り,やまなり
山猫,やまねこ
山の手,やまのて
山手線,やまのてせん
山登り,やまのぼり
山場,やまば
山肌,やまはだ
山彦,やまびこ
山開き,やまびらき
山吹,やまぶき
山伏,やまぶし
山鉾,やまぼこ
山道,やまみち
山本,やまもと
山盛り,やまもり
山焼き,やまやき
山分け,やまわけ
闇,やみ
闇市,やみいち
闇討ち,やみうち
病み付き,やみつき
闇夜,やみよ
寡婦,やもめ
守宮,やもり
ややこ,ややこ
揶揄,やゆ
弥生,やよい
夜来,やらい
槍,やり
やりがい,やりがい
遣り口,やりくち
遣り繰り,やりくり
槍玉,やりだま
遺り手,やりて
遣り取り,やりとり
槍投げ,やりなげ
遣り場,やりば
やる気,やるき
ヤンゴン,やんごん
やんちゃ,やんちゃ
湯上がり,ゆあがり
油圧,ゆあつ
湯浴み,ゆあみ
遺言,ゆいごん
優越感,ゆうえつかん
遊園地,ゆうえんち
融解,ゆうかい
夕方,ゆうがた
勇気,ゆうき
夕暮れ,ゆうぐれ
ユーザー,ゆーざー
友情,ゆうじょう
夕食,ゆうしょく
ユースホステル,ゆーすほすてる
郵便局,ゆうびんきょく
ユーフォニアム,ゆーふぉにあむ
有名,ゆうめい
夕焼け,ゆうやけ
故,ゆえ
輸液,ゆえき
油煙,ゆえん
床,ゆか
油画,ゆが
床板,ゆかいた
床下,ゆかした
浴衣,ゆかた
歪,ゆがみ
所縁,ゆかり
雪,ゆき
雪折れ,ゆきおれ
雪掻き,ゆきかき
行き来,ゆきき
雪靴,ゆきぐつ
雪国,ゆきぐに
雪雲,ゆきぐも
雪煙,ゆきけむり
雪質,ゆきしつ
雪空,ゆきぞら
雪達磨,ゆきだるま
雪解け,ゆきどけ
行き場,ゆきば
雪見,ゆきみ
雪道,ゆきみち
雪焼け,ゆきやけ
雪山,ゆきやま
雪除け,ゆきよけ
行方,ゆくえ
行く末,ゆくすえ
行く手,ゆくて
行く年,ゆくとし
湯気,ゆげ
輸血,ゆけつ
油彩,ゆさい
湯冷まし,ゆざまし
湯冷め,ゆざめ
遊山,ゆさん
油脂,ゆし
油井,ゆせい
油断,ゆだん
茹で卵,ゆでたまご
油田,ゆでん
ゆとり,ゆとり
ユニフォーム,ゆにふぉーむ
湯のみ,ゆのみ
指,ゆび
指折り,ゆびおり
指切り,ゆびきり
指先,ゆびさき
指貫き,ゆびぬき
指輪,ゆびわ
湯船,ゆぶね
油分,ゆぶん
弓,ゆみ
弓なり,ゆみなり
弓矢,ゆみや
夢,ゆめ
夢見る,ゆめみる
由来,ゆらい
百合,ゆり
揺り籠,ゆりかご
湯沸かし,ゆわかし
夜明かし,よあかし
宵,よい
宵闇,よいやみ
余韻,よいん
羊羹,ようかん
妖精,ようせい
ヨウ素,ようそ
幼稚園,ようちえん
洋服,ようふく
ヨーグルト,よーぐると
ヨーロッパ,よーろっぱ
予科,よか
夜風,よかぜ
予感,よかん
予期,よき
余技,よぎ
夜霧,よぎり
預金,よきん
欲,よく
翌朝,よくあさ
抑圧,よくあつ
翌月,よくげつ
翼賛,よくさん
抑止,よくし
浴室,よくしつ
抑制,よくせい
欲得,よくとく
翌年,よくねん
翌晩,よくばん
欲目,よくめ
予見,よけん
予言,よげん
横,よこ
横合い,よこあい
横穴,よこあな
横糸,よこいと
横顔,よこがお
横書き,よこがき
横画,よこかく
横風,よこかぜ
予告,よこく
横車,よこぐるま
横滑り,よこすべり
横倒し,よこだおし
横手,よこて
夜毎,よごと
横取り,よこどり
横殴り,よこなぐり
横波,よこなみ
横這い,よこばい
横幅,よこはば
横浜,よこはま
横笛,よこぶえ
横道,よこみち
横向き,よこむき
横目,よこめ
横槍,よこやり
横揺れ,よこゆれ
余罪,よざい
夜寒,よさむ
予算,よさん
由,よし
善し悪し,よしあし
吉田,よしだ
誼み,よしみ
よしよし,よしよし
予審,よしん
四隅,よすみ
寄席,よせ
余勢,よせい
寄せ書き,よせがき
寄せ手,よせて
予選,よせん
余所,よそ
余所行き,よそいき
予測,よそく
余所事,よそごと
余所見,よそみ
余所目,よそめ
余所者,よそもの
夜空,よぞら
預託,よたく
与奪,よだつ
涎,よだれ
予断,よだん
予知,よち
よちよち,よちよち
四つ角,よつかど
世継ぎ,よつぎ
ヨット,よっと
夜露,よつゆ
予定,よてい
淀,よど
世直し,よなおし
夜中,よなか
夜長,よなが
夜泣き,よなき
夜なべ,よなべ
夜逃げ,よにげ
余熱,よねつ
余年,よねん
世の中,よのなか
余波,よは
余白,よはく
ヨハネスブルグ,よはねすぶるぐ
呼ばわり,よばわり
予備,よび
呼び子,よびこ
予備校,よびこう
呼び声,よびごえ
呼び名,よびな
呼び物,よびもの
呼び鈴,よびりん
夜更かし,よふかし
夜更け,よふけ
夜回り,よまわり
読売,よみうり
読み書き,よみかき
読み仮名,よみがな
夜店,よみせ
夜道,よみち
読みで,よみで
読みもの,よみもの
夜目,よめ
余命,よめい
嫁入り,よめいり
蓬,よもぎ
予約,よやく
余裕,よゆう
寄合,よりあい
拠り所,よりどころ
寄り道,よりみち
夜,よる
ヨルダン,よるだん
寄る辺,よるべ
鎧,よろい
鎧戸,よろいど
余録,よろく
喜び,よろこび
齢,よわい
世渡り,よわたり
弱音,よわね
弱火,よわび
弱含み,よわふくみ
弱虫,よわむし
らーめん,らーめん
来,らい
雷雨,らいう
雷雲,らいうん
来園,らいえん
ライオン,らいおん
来夏,らいか
来会,らいかい
来館,らいかん
来期,らいき
来月,らいげつ
礼賛,らいさん
来週,らいしゅう
来信,らいしん
来世,らいせ
来店,らいてん
来年,らいねん
来賓,らいひん
ライブハウス,らいぶはうす
雷鳴,らいめい
来歴,らいれき
羅漢,らかん
裸眼,らがん
烙印,らくいん
楽園,らくえん
落書き,らくがき
落伍,らくご
落差,らくさ
落札,らくさつ
落成,らくせい
落石,らくせき
落選,らくせん
駱駝,らくだ
落第,らくだい
落胆,らくたん
楽天,らくてん
楽土,らくど
落馬,らくば
落盤,らくばん
ラグビー,らぐびー
楽焼き,らくやき
落雷,らくらい
ラケット,らけっと
ラゴス,らごす
ラジオ,らじお
羅氈,らせん
らせん階段,らせんかいだん
裸体,らたい
拉致,らち
螺鈿,らでん
ラトビア,らとびあ
ラパス,らぱす
ラバト,らばと
裸婦,らふ
ラブリー,らぶりー
ラム酒,らむしゅ
羅列,られつ
乱,らん
乱雲,らんうん
乱獲,らんかく
蘭学,らんがく
卵管,らんかん
卵形,らんけい
乱視,らんし
乱心,らんしん
乱世,らんせい
乱戦,らんせん
乱訴,らんそ
乱打,らんだ
乱読,らんどく
乱立,らんりつ
利上げ,りあげ
利益,りえき
離縁,りえん
理化,りか
理解,りかい
利害,りがい
理化学,りかがく
理学,りがく
理学部,りがくぶ
リカバリー,りかばりー
罹患,りかん
利器,りき
力泳,りきえい
力学,りきがく
力作,りきさく
力士,りきし
力説,りきせつ
力戦,りきせん
力点,りきてん
リキュール,りきゅーる
陸,りく
陸揚げ,りくあげ
陸尉,りくい
陸軍,りくぐん
陸地,りくち
理屈,りくつ
理系,りけい
利権,りけん
利己,りこ
リコーダー,りこーだー
離婚,りこん
罹災,りさい
理財,りざい
利下げ,りさげ
利鞘,りざや
離散,りさん
利子,りし
りす,りす
利水,りすい
リスク,りすく
リスボン,りすぼん
理性,りせい
理想,りそう
利息,りそく
リターン,りたーん
離脱,りだつ
理知,りち
リチウム,りちうむ
律,りつ
立案,りつあん
利付,りつき
立論,りつろん
利点,りてん
リトアニア,りとあにあ
利得,りとく
離任,りにん
理念,りねん
理髪,りはつ
理髪店,りはつてん
利幅,りはば
利払い,りばらい
離反,りはん
理非,りひ
リビア,りびあ
離別,りべつ
リベリア,りべりあ
リボン,りぼん
リマ,りま
利回り,りまわり
裏面,りめん
リヤド,りやど
理由,りゆう
留学,りゅうがく
流行,りゅうこう
リュックサック,りゅっくさっく
寮,りょう
領域,りょういき
料金,りょうきん
漁師,りょうし
両親,りょうしん
両生類,りょうせいるい
料理,りょうり
旅館,りょかん
旅行,りょこう
離陸,りりく
利率,りりつ
履歴,りれき
理路,りろ
理論,りろん
林,りん
隣家,りんか
臨海,りんかい
輪郭,りんかく
林間,りんかん
臨機,りんき
稟議,りんぎ
リング,りんぐ
臨月,りんげつ
林檎,りんご
隣国,りんごく
輪作,りんさく
臨時,りんじ
隣室,りんしつ
臨席,りんせき
隣接,りんせつ
臨戦,りんせん
隣村,りんそん
輪転機,りんてんき
輪読,りんどく
輪廻,りんね
林野,りんや
倫理,りんり
林立,りんりつ
塁,るい
類義語,るいぎご
累計,るいけい
類語,るいご
累進,るいしん
類推,るいすい
累積,るいせき
涙腺,るいせん
塁壁,るいへき
類別,るいべつ
類例,るいれい
ルーズリーフ,るーずりーふ
ルーター,るーたー
ルーマニア,るーまにあ
ルクセンブルク,るくせんぶるく
流刑,るけい
流罪,るざい
ルサカ,るさか
留守,るす
留守居,るすい
留守番,るすばん
坩堝,るつぼ
流転,るてん
流布,るふ
殳,るまた
瑠璃,るり
ルワンダ,るわんだ
礼,れい
霊園,れいえん
冷夏,れいか
例解,れいかい
例外,れいがい
霊感,れいかん
冷気,れいき
礼儀,れいぎ
礼金,れいきん
麗句,れいく
霊魂,れいこん
例祭,れいさい
冷水,れいすい
冷戦,れいせん
霊前,れいぜん
冷蔵庫,れいぞうこ
令息,れいそく
例題,れいだい
冷凍,れいとう
例年,れいねん
礼拝,れいはい
冷媒,れいばい
礼服,れいふく
例文,れいぶん
例話,れいわ
レインコート,れいんこーと
レース,れーす
歴,れき
歴史,れきし
歴戦,れきせん
歴代,れきだい
歴任,れきにん
レギンス,れぎんす
レジャーランド,れじゃーらんど
レストラン,れすとらん
レスリング,れすりんぐ
レソト,れそと
列,れつ
列車,れっしゃ
劣等感,れっとうかん
レバノン,ればのん
レベル,れべる
レポート用紙,れぽーとようし
連,れん
恋愛,れんあい
恋歌,れんか
煉瓦,れんが
連関,れんかん
連記,れんき
連句,れんく
蓮華,れんげ
連係,れんけい
連結,れんけつ
連呼,れんこ
連語,れんご
蓮根,れんこん
連鎖,れんさ
連座,れんざ
連載,れんさい
連作,れんさく
連山,れんざん
練習,れんしゅう
連戦,れんせん
連続,れんぞく
連打,れんだ
連帯,れんたい
連体詞,れんたいし
練達,れんたつ
連夜,れんや
連絡,れんらく
連立,れんりつ
廊下,ろうか
老人,ろうじん
老人ホーム,ろうじんほーむ
蝋燭,ろうそく
労働,ろうどう
露営,ろえい
ローファー,ろーふぁー
ローマ,ろーま
ローマ字,ろーまじ
ろ過,ろか
路肩,ろかた
禄,ろく
録音,ろくおん
録画,ろくが
六月,ろくがつ
肋木,ろくぼく
肋膜,ろくまく
轆轤,ろくろ
ロケット,ろけっと
露見,ろけん
ロサンゼルス,ろさんぜるす
ろ紙,ろし
炉心,ろしん
路線,ろせん
路側帯,ろそくたい
露呈,ろてい
露天,ろてん
驢馬,ろば
炉端,ろばた
路盤,ろばん
路面,ろめん
路面電車,ろめんでんしゃ
論,ろん
論議,ろんぎ
論告,ろんこく
論旨,ろんし
論説,ろんせつ
論戦,ろんせん
論壇,ろんだん
論点,ろんてん
論難,ろんなん
論理,ろんり
賄賂,わいろ
ワイン,わいん
和音,わおん
和歌,わか
和解,わかい
若木,わかぎ
和学,わがく
若草,わかくさ
我が国,わがくに
若気,わかげ
和菓子,わがし
和菓子屋,わがしや
若手,わかて
若菜,わかな
若葉,わかば
我が輩,わがはい
我が身,わがみ
若芽,わかめ
若者,わかもの
我が家,わがや
和歌山,わかやま
別れ際,わかれぎわ
分かれ目,わかれめ
和漢,わかん
脇,わき
和議,わぎ
脇差し,わきざし
脇腹,わきばら
脇見,わきみ
脇道,わきみち
脇目,わきめ
脇役,わきやく
輪切り,わぎり
枠,わく
枠組み,わくぐみ
ワクチン,わくちん
訳,わけ
話芸,わげい
分け前,わけまえ
分け目,わけめ
和語,わご
輪ゴム,わごむ
技,わざ
和裁,わさい
技比べ,わざくらべ
災い,わざわい
わし,わし
和式,わしき
和室,わしつ
忘れ物,わすれもの
早稲,わせ
和製,わせい
和船,わせん
綿,わた
和田,わだ
話題,わだい
和太鼓,わだいこ
綿入れ,わたいれ
綿菓子,わたがし
綿雲,わたぐも
綿毛,わたげ
私,わたし
渡し場,わたしば
轍,わだち
渡辺,わたなべ
綿雪,わたゆき
渡り鳥,わたりどり
わて,わて
罠,わな
輪投げ,わなげ
鰐,わに
笑い,わらい
割合,わりあい
割りばし,わりばし
悪,わる
悪口,わるくち
ワルシャワ,わるしゃわ
ワンピース,わんぴーす
ワンルーム,わんるーむ
