アーケード,あーけーど
愛,あい
あいきょう,あいきょう
相子,あいこ
合言葉,あいことば
挨拶,あいさつ
愛情,あいじょう
合図,あいず
アイスクリーム,あいすくりーむ
愛想,あいそ
愛想,あいそう
間,あいだ
相手,あいて
アイデア,あいであ
相取,あいどり
合間,あいま
アイロン,あいろん
アウト,あうと
亜鉛,あえん
青,あお
青鬼,あおおに
青木,あおき
青信号,あおしんごう
青空,あおぞら
仰向き,あおむき
仰向け,あおむけ
青虫,あおむし
赤,あか
赤鬼,あかおに
赤組,あかぐみ
赤子,あかご
赤字,あかじ
赤信号,あかしんごう
赤ちゃん,あかちゃん
明かり,あかり
上がり,あがり
明るさ,あかるさ
赤ん坊,あかんぼう
秋,あき
秋風,あきかぜ
空き缶,あきかん
空き箱,あきばこ
秋晴れ,あきばれ
諦め,あきらめ
悪,あく
握手,あくしゅ
アクセサリー,あくせさりー
アクセント,あくせんと
悪魔,あくま
明け方,あけがた
あげく,あげく
揚げ豆腐,あげどうふ
揚羽,あげは
あご,あご
アコーデオン,あこーでおん
あこがれ,あこがれ
朝,あさ
朝顔,あさがお
朝方,あさがた
朝御飯,あさごはん
朝寝坊,あさねぼう
朝飯,あさはん
朝晩,あさばん
朝日,あさひ
朝飯,あさめし
朝夕,あさゆう
浅蜊,あさり
足,あし
味,あじ
アジア,あじあ
足跡,あしあと
足音,あしおと
海驢,あしか
足首,あしくび
味付け,あじつけ
足並み,あしなみ
足踏み,あしぶみ
あしもと,あしもと
預け,あずけ
汗,あせ
あぜ,あぜ
畦道,あぜみち
遊び,あそび
あたい,あたい
仇討ち,あだうち
あだな,あだな
頭,あたま
辺り,あたり
あちこち,あちこち
圧,あつ
悪化,あっか
扱い,あつかい
厚着,あつぎ
厚さ,あつさ
圧縮,あっしゅく
圧迫,あっぱく
集まり,あつまり
圧力,あつりょく
あて,あて
あてな,あてな
アテネ,あてね
跡,あと
あとかたづけ,あとかたづけ
あとしまつ,あとしまつ
後退り,あとずさり
あとまわし,あとまわし
あな,あな
アナウンサー,あなうんさー
兄,あに
姉,あね
アパート,あぱーと
暴れ,あばれ
虻,あぶ
あぶら,あぶら
油絵,あぶらえ
油菜,あぶらな
油椰子,あぶらやし
アフリカ,あふりか
炙り出し,あぶりだし
あべこべ,あべこべ
亜麻,あま
甘え,あまえ
雨蛙,あまがえる
甘柿,あまがき
雨傘,あまがさ
雨具,あまぐ
雨雲,あまぐも
雨垂れ,あまだれ
アマチュア,あまちゅあ
雨戸,あまど
雨宿り,あまやどり
余り,あまり
網,あみ
網戸,あみど
網目,あみめ
編み物,あみもの
雨,あめ
雨降り,あめふり
アメリカ,あめりか
アメリカ人,あめりかじん
綾取り,あやとり
過ち,あやまち
誤り,あやまり
歩み,あゆみ
洗い,あらい
粗方,あらかた
嵐,あらし
あらすじ,あらすじ
争い,あらそい
改め,あらため
アラビア,あらびあ
霰,あられ
あらわれ,あらわれ
蟻,あり
有様,ありさま
亜硫酸,ありゅうさん
歩き,あるき
アルゼンチン,あるぜんちん
アルバム,あるばむ
アルファベット,あるふぁべっと
アルプス,あるぷす
アルミ箔,あるみはく
荒れ,あれ
あれこれ,あれこれ
泡,あわ
慌て,あわて
あわれ,あわれ
あわれみ,あわれみ
餡,あん
あんき,あんき
餡こ,あんこ
鮟鱇,あんこう
暗殺,あんさつ
暗示,あんじ
あんしん,あんしん
安静,あんせい
安全,あんぜん
安全ピン,あんぜんぴん
安全ベルト,あんぜんべると
安定,あんてい
アンテナ,あんてな
アンデルセン,あんでるせん
案内,あんない
案内図,あんないず
餡パン,あんぱん
按摩,あんま
暗幕,あんまく
言い方,いいかた
言い付け,いいつけ
言い伝え,いいつたえ
Eメール,いーめーる
いいわけ,いいわけ
委員,いいん
委員会,いいんかい
家,いえ
家出,いえで
以下,いか
以外,いがい
医学,いがく
筏,いかだ
鋳型,いがた
いかり,いかり
息,いき
意義,いぎ
勢い,いきおい
行き帰り,いきかえり
生き方,いきかた
息切れ,いきぎれ
行き先,いきさき
行き違い,いきちがい
息継ぎ,いきつぎ
行き止まり,いきどまり
生き物,いきもの
イギリス人,いぎりすじん
戦,いくさ
幾つ,いくつ
幾度,いくど
幾日,いくにち
幾分,いくぶん
幾ら,いくら
幾らか,いくらか
池,いけ
いけがき,いけがき
池田,いけだ
いけばな,いけばな
意見,いけん
以後,いご
以降,いこう
石,いし
意地,いじ
石臼,いしうす
石川,いしかわ
意識,いしき
石蹴り,いしけり
石ころ,いしころ
石段,いしだん
苛め,いじめ
医者,いしゃ
異種,いしゅ
移住,いじゅう
衣食住,いしょくじゅう
意地悪,いじわる
椅子,いす
泉,いずみ
イスラム教,いすらむきょう
威勢,いせい
いせき,いせき
以前,いぜん
磯,いそ
急ぎ,いそぎ
イソップ童話,いそっぷどうわ
板,いた
偉大,いだい
いたずらっ子,いたずらっこ
頂,いただき
鼬,いたち
板の間,いたのま
いたみ,いたみ
労り,いたわり
一,いち
一員,いちいん
一月,いちがつ
いちご,いちご
苺ジャム,いちごじゃむ
苺摘み,いちごつみ
一時,いちじ
一日,いちじつ
一代,いちだい
一度,いちど
一同,いちどう
一二三,いちにさん
一日,いちにち
一日中,いちにちじゅう
一年,いちねん
一年間,いちねんかん
一年生,いちねんせい
市場,いちば
一番,いちばん
一部,いちぶ
一部分,いちぶぶん
一面,いちめん
一目散,いちもくさん
一流,いちりゅう
一輪車,いちりんしゃ
一日,いちんち
一家,いっか
五日,いつか
一気,いっき
一国,いっこく
一切,いっさい
一種,いっしゅ
一周,いっしゅう
一瞬,いっしゅん
一緒,いっしょ
一生,いっしょう
一心,いっしん
一寸法師,いっすんぼうし
一斉,いっせい
一体,いったい
一端,いったん
一致,いっち
一丁,いっちょ
五つ,いつつ
一定,いってい
一定量,いっていりょう
一等,いっとう
一等賞,いっとうしょう
一杯,いっぱい
一般,いっぱん
一遍,いっぺん
一方,いっぽう
一本橋,いっぽんばし
糸,いと
井戸,いど
伊藤,いとう
移動,いどう
糸車,いとぐるま
暇,いとま
以内,いない
稲妻,いなずま
稲光,いなびかり
いぬ,いぬ
犬小屋,いぬごや
稲,いね
稲刈り,いねかり
居眠り,いねむり
井上,いのうえ
猪,いのしし
命,いのち
いのり,いのり
違反,いはん
いびき,いびき
衣服,いふく
今,いま
今頃,いまごろ
今更,いまさら
意味,いみ
移民,いみん
イメージ,いめーじ
いも,いも
妹,いもうと
芋掘り,いもほり
芋虫,いもむし
イヤホーン,いやほーん
イヤリング,いやりんぐ
いよく,いよく
以来,いらい
イラク,いらく
イラン,いらん
入り,いり
入り口,いりぐち
衣料,いりょう
入り用,いりよう
衣類,いるい
入れ,いれ
入れ違い,いれちがい
入れ歯,いれば
入れ物,いれもの
色,いろ
色色,いろいろ
色鉛筆,いろえんぴつ
色紙,いろがみ
囲炉裏,いろり
いわ,いわ
祝い,いわい
いわし,いわし
鰯雲,いわしぐも
謂れ,いわれ
印,いん
印鑑,いんかん
いんこ,いんこ
咽喉,いんこう
印刷,いんさつ
印象,いんしょう
インスタント,いんすたんと
隕石,いんせき
インターネット,いんたーねっと
インターン,いんたーん
いんちき,いんちき
インド,いんど
インドネシア,いんどねしあ
インフレ,いんふれ
引用,いんよう
ウイスキー,ういすきー
ウール,うーる
上,うえ
ウェイトレス,うぇいとれす
植木,うえき
植木鉢,うえきばち
上下,うえした
魚,うお
嗽,うがい
伺い,うかがい
浮き,うき
浮き袋,うきぶくろ
鴬,うぐいす
ウクレレ,うくれれ
うけ,うけ
受付,うけつけ
うけとり,うけとり
受け身,うけみ
受け持ち,うけもち
動き,うごき
動き方,うごきかた
兎,うさぎ
牛,うし
後ろ,うしろ
後ろ歯,うしろば
後ろ向き,うしろむき
臼,うす
渦,うず
薄着,うすぎ
薄曇り,うすぐもり
渦巻き,うずまき
嘘,うそ
嘘つき,うそつき
嘘泣き,うそなき
歌,うた
謡,うたい
疑い,うたがい
歌声,うたごえ
打ち,うち
打ち合わせ,うちあわせ
内側,うちがわ
打ち消し,うちけし
内田,うちだ
打出の小槌,うちでのこづち
宇宙,うちゅう
内輪,うちわ
内訳,うちわけ
写し,うつし
訴え,うったえ
うつぶせ,うつぶせ
俯き,うつむき
写り,うつり
うつりかわり,うつりかわり
器,うつわ
腕,うで
腕組み,うでぐみ
腕前,うでまえ
腕捲り,うでまくり
雨天,うてん
饂飩,うどん
鰻,うなぎ
唸り,うなり
うぬぼれ,うぬぼれ
馬,うま
馬乗り,うまのり
うまや,うまや
生まれ,うまれ
生まれつき,うまれつき
海,うみ
産み立て,うみたて
海辺,うみべ
有無,うむ
梅,うめ
梅干し,うめぼし
裏,うら
裏表,うらおもて
裏返し,うらがえし
裏口,うらぐち
占い女,うらないおんな
裏庭,うらにわ
うらみ,うらみ
裏門,うらもん
瓜,うり
売り上げ,うりあげ
売り切れ,うりきれ
売り場,うりば
売り物,うりもの
雨量,うりょう
漆,うるし
嬉し泣き,うれしなき
うろ,うろ
鱗,うろこ
うわぎ,うわぎ
噂,うわさ
上履き,うわばき
運,うん
運営,うんえい
運河,うんが
うんこ,うんこ
運送,うんそう
うんち,うんち
運賃,うんちん
運転,うんてん
運転手,うんてんしゅ
運動,うんどう
運動会,うんどうかい
運動着,うんどうぎ
運道具,うんどうぐ
運動靴,うんどうぐつ
運動クラブ,うんどうくらぶ
運動場,うんどうじょう
運搬,うんぱん
運命,うんめい
運輸,うんゆ
運用,うんよう
永遠,えいえん
映画,えいが
映画館,えいがかん
永久,えいきゅう
影響,えいきょう
営業,えいぎょう
英語,えいご
英国,えいこく
映写機,えいしゃき
衛生,えいせい
英文,えいぶん
英文学,えいぶんがく
英雄,えいゆう
えいよう,えいよう
英和,えいわ
英和辞典,えいわじてん
絵描き歌,えかきうた
駅,えき
駅員,えきいん
液化,えきか
液体,えきたい
液体酸素,えきたいさんそ
駅前,えきまえ
液面,えきめん
えくぼ,えくぼ
餌,えさ
エジソン,えじそん
エジプト,えじぷと
エスエフ,えすえふ
エスエル,えすえる
エスオーエス,えすおーえす
エスカレーター,えすかれーたー
枝,えだ
絵地図,えちず
江戸,えど
江戸時代,えどじだい
絵日記,えにっき
絵の具,えのぐ
絵葉書,えはがき
蝦蟹,えびがに
エプロン,えぷろん
エベレスト,えべれすと
絵本,えほん
獲物,えもの
衣紋掛け,えもんかけ
エラー,えらー
えり,えり
襟巻,えりまき
円,えん
塩化,えんか
宴会,えんかい
塩化水素,えんかすいそ
縁側,えんがわ
沿岸,えんがん
延期,えんき
縁起,えんぎ
園芸,えんげい
演劇,えんげき
塩酸,えんさん
エンジニア,えんじにあ
演習,えんしゅう
演出,えんしゅつ
援助,えんじょ
エンジン,えんじん
演説,えんぜつ
エンゼル,えんぜる
塩素,えんそ
演奏,えんそう
演奏会,えんそうかい
遠足,えんそく
塩素水,えんそすい
縁談,えんだん
延長,えんちょう
園庭,えんてい
煙突,えんとつ
縁日,えんにち
鉛筆,えんぴつ
遠方,えんぽう
遠慮,えんりょ
お愛想,おあいそ
おあし,おあし
お預け,おあずけ
甥,おい
おいちに,おいちに
お出で,おいで
お祈り,おいのり
お祝い,おいわい
王,おう
応援,おうえん
扇,おうぎ
応急,おうきゅう
王様,おうさま
王子,おうじ
欧州,おうしゅう
応接,おうせつ
応接間,おうせつま
応対,おうたい
横断,おうだん
横断歩道,おうだんほどう
横転,おうてん
黄銅鉱,おうどうこう
往復,おうふく
欧米,おうべい
応募,おうぼ
鸚鵡,おうむ
応用,おうよう
大雨,おおあめ
おおい,おおい
大急ぎ,おおいそぎ
大威張り,おおいばり
大売出し,おおうりだし
大男,おおおとこ
大風,おおかぜ
おおがた,おおがた
狼,おおかみ
大きさ,おおきさ
多く,おおく
大蔵,おおくら
オーケストラ,おーけすとら
大声,おおごえ
大阪,おおさか
大騒ぎ,おおさわぎ
オーストラリア,おーすとらりあ
オーストリア,おーすとりあ
おおぜい,おおぜい
大掃除,おおそうじ
大通り,おおどおり
大年,おおどし
オートバイ,おーとばい
大賑わい,おおにぎわい
オーバー,おーばー
オーバーコート,おーばーこーと
大幅,おおはば
大水,おおみず
大昔,おおむかし
大家,おおや
大雪,おおゆき
大凡,おおよそ
大喜び,おおよろこび
オーロラ,おーろら
大笑い,おおわらい
丘,おか
お母様,おかあさま
お返し,おかえし
おかげ,おかげ
おかげさま,おかげさま
御飾り,おかざり
御菓子屋,おかしや
おかず,おかず
岡田,おかだ
お河童,おかっぱ
御上,おかみ
おかめ,おかめ
岡山,おかやま
御粥,おかゆ
小川,おがわ
御代り,おかわり
沖,おき
御后,おきさき
沖縄,おきなわ
置き場,おきば
置物,おきもの
お経,おきょう
奥,おく
奥様,おくさま
奥さん,おくさん
屋上,おくじょう
奥歯,おくば
臆病,おくびょう
送り,おくり
贈り物,おくりもの
おくれ,おくれ
桶,おけ
おこさまランチ,おこさまらんち
お炬燵,おこた
起こり,おこり
おさえ,おさえ
お下がり,おさがり
お下げ,おさげ
お浚い,おさらい
おし,おし
お爺,おじい
お爺さん,おじいさん
押し入れ,おしいれ
教え,おしえ
お辞儀,おじぎ
御地蔵様,おじぞうさま
押し葉,おしば
押花,おしばな
雄蘂,おしべ
御仕舞い,おしまい
お喋り,おしゃべり
お嬢さん,おじょうさん
お汁粉,おしるこ
お相撲さん,おすもうさん
お赤飯,おせきはん
お世辞,おせじ
お節料理,おせちりょうり
お線香,おせんこう
お雑煮,おぞうに
お供え,おそなえ
おそれ,おそれ
お揃い,おそろい
お宅,おたく
お尋ね,おたずね
お駄賃,おだちん
お玉,おたま
お玉杓子,おたまじゃくし
お便り,おたより
お団子さん,おだんごさん
落ち着き,おちつき
落ち葉,おちば
お茶漬け,おちゃづけ
お月見,おつきみ
夫,おっと
おつむ,おつむ
御汁,おつゆ
お釣り,おつり
お手洗い,おてあらい
お出掛け,おでかけ
おでき,おでき
おでこ,おでこ
お手玉,おてだま
お手伝い,おてつだい
お手伝いさん,おてつだいさん
音,おと
お父,おとう
お堂,おどう
お父様,おとうさま
弟,おとうと
弟さん,おとうとさん
おどかし,おどかし
お伽噺,おとぎばなし
男,おとこ
男の子,おとこのこ
男の人,おとこのひと
落とし穴,おとしあな
お年玉,おとしだま
落とし物,おとしもの
お屠蘇,おとそ
乙姫,おとひめ
踊り,おどり
踊り場,おどりば
驚き,おどろき
おなか,おなか
おなら,おなら
鬼,おに
鬼が島,おにがしま
お握り,おにぎり
鬼ごっこ,おにごっこ
鬼退治,おにたいじ
鬼共,おにども
尾根,おね
斧,おの
おのおの,おのおの
お婆さん,おばあさん
お婆ちゃん,おばあちゃん
お化け,おばけ
お弾き,おはじき
お花見,おはなみ
お囃子,おはやし
帯,おび
お日様,おひさま
お姫様,おひめさま
尾鰭,おびれ
お袋,おふくろ
お風呂場,おふろば
オペラ,おぺら
御坊さん,おぼうさん
覚え,おぼえ
お盆,おぼん
お参り,おまいり
御前,おまえ
御任せ,おまかせ
おまけ,おまけ
お呪い,おまじない
お守,おまもり
お宮,おみや
お宮参り,おみやまいり
お婿さん,おむこさん
お結び,おむすび
オムライス,おむらいす
お粧し,おめかし
お目目,おめめ
思い,おもい
思い切り,おもいきり
思い違い,おもいちがい
思い付き,おもいつき
思い出,おもいで
思い遣り,おもいやり
重さ,おもさ
おもし,おもし
表,おもて
趣,おもむき
お守り,おもり
思惑,おもわく
親,おや
親子,おやこ
親孝行,おやこうこう
おやじ,おやじ
お休み,おやすみ
お八つ,おやつ
親指,おやゆび
およぎ,およぎ
泳ぎ方,およぎかた
凡そ,およそ
お呼ばれ,およばれ
お嫁さん,およめさん
檻,おり
折り紙,おりがみ
折り畳み,おりたたみ
折り詰め,おりづめ
折り目,おりめ
織物,おりもの
オリンピック,おりんぴっく
オレンジ,おれんじ
おろか,おろか
おろし,おろし
卸売り,おろしうり
終わり,おわり
お椀,おわん
恩,おん
音階,おんかい
音楽,おんがく
音楽家,おんがくか
音楽会,おんがくかい
音楽室,おんがくしつ
音楽隊,おんがくたい
温室,おんしつ
音声,おんせい
音節,おんせつ
温泉,おんせん
温帯,おんたい
温暖,おんだん
御中,おんちゅう
温度,おんど
温度計,おんどけい
雄鳥,おんどり
女,おんな
女の子,おんなのこ
女の人,おんなのひと
音波,おんぱ
おんぶ,おんぶ
音譜,おんぷ
音読み,おんよみ
があがあ,があがあ
母様,かあさま
母さん,かあさん
母さん狐,かあさんきつね
母さん狸,かあさんたぬき
母さん鼠,かあさんねずみ
カーディガン,かーでぃがん
カーテン,かーてん
カード,かーど
ガード,がーど
ガードレール,がーどれーる
カーニバル,かーにばる
カーネーション,かーねーしょん
カーブ,かーぶ
ガールフレンド,がーるふれんど
会,かい
害,がい
会員,かいいん
絵画,かいが
外貨,がいか
開会,かいかい
海外,かいがい
外界,がいかい
改革,かいかく
貝殻,かいがら
海岸,かいがん
外観,がいかん
会議,かいぎ
階級,かいきゅう
海峡,かいきょう
海軍,かいぐん
会計,かいけい
解決,かいけつ
会見,かいけん
蚕,かいこ
会合,かいごう
外交,がいこう
外交官,がいこうかん
外国,がいこく
外国語,がいこくご
外国人,がいこくじん
骸骨,がいこつ
開催,かいさい
改札,かいさつ
改札口,かいさつぐち
解散,かいさん
開始,かいし
会社,かいしゃ
会社員,かいしゃいん
解釈,かいしゃく
怪獣,かいじゅう
外出,がいしゅつ
会場,かいじょう
外相,がいしょう
外人,がいじん
海水,かいすい
海水浴,かいすいよく
回数,かいすう
回数券,かいすうけん
快晴,かいせい
解説,かいせつ
改善,かいぜん
海草,かいそう
外層,がいそう
快速,かいそく
開拓,かいたく
階段,かいだん
会長,かいちょう
かいてん,かいてん
回転ドア,かいてんどあ
ガイド,がいど
回答,かいとう
外套,がいとう
飼い主,かいぬし
概念,がいねん
外胚葉,がいはいよう
開発,かいはつ
外部,がいぶ
かいふく,かいふく
怪物,かいぶつ
解放,かいほう
解剖,かいぼう
外務,がいむ
外務省,がいむしょう
買い物,かいもの
海洋,かいよう
外来語,がいらいご
外来思想,がいらいしそう
回覧板,かいらんばん
解離,かいり
海流,かいりゅう
改良,かいりょう
外力,がいりょく
外輪船,がいりんせん
カイロ,かいろ
街路樹,がいろじゅ
会話,かいわ
カウンター,かうんたー
返し,かえし
楓,かえで
帰り,かえり
かえりみち,かえりみち
蛙,かえる
顔,かお
がお,がお
顔色,かおいろ
家屋,かおく
顔立ち,かおだち
顔つき,かおつき
かおり,かおり
画家,がか
価格,かかく
化学,かがく
科学者,かがくしゃ
化学繊維,かがくせんい
化学反応,かがくはんのう
踵,かかと
鏡,かがみ
鏡餅,かがみもち
かがやき,かがやき
かかり,かかり
書き,かき
鍵,かぎ
書き方,かきかた
掻き氷,かきごおり
書き言葉,かきことば
書き順,かきじゅん
書き損ない,かきそこない
書留,かきとめ
書き取り,かきとり
垣根,かきね
可逆,かぎゃく
限り,かぎり
角,かく
家具,かぐ
額,がく
学位,がくい
核外電子,かくがいでんし
学芸会,がくげいかい
覚悟,かくご
格差,かくさ
各自,かくじ
学士,がくし
学者,がくしゃ
各種,かくしゅ
学習,がくしゅう
革新,かくしん
画数,かくすう
学生,がくせい
拡声器,かくせいき
学生服,がくせいふく
学説,がくせつ
かくだい,かくだい
楽隊,がくたい
楽団,がくだん
各地,かくち
拡張,かくちょう
学長,がくちょう
確定,かくてい
角度,かくど
獲得,かくとく
確認,かくにん
学年,がくねん
学費,がくひ
楽譜,がくふ
学部,がくぶ
額縁,がくぶち
確保,かくほ
革命,かくめい
学問,がくもん
確立,かくりつ
学力,がくりょく
学歴,がくれき
隠れん坊,かくれんぼ
掛け,かけ
陰,かげ
崖,がけ
駆け足,かけあし
家計,かけい
かげえ,かげえ
掛け声,かけごえ
掛け算,かけざん
掛け軸,かけじく
駆けっこ,かけっこ
崖っぷち,がけっぷち
影踏み,かげふみ
影法師,かげぼうし
かけら,かけら
加減,かげん
過去,かこ
篭,かご
囲い,かこい
河口,かこう
化合,かごう
化合物,かごうぶつ
鹿児島,かごしま
囲み,かこみ
笠,かさ
火災,かさい
風車,かざぐるま
かさこ,かさこ
かさこじぞう,かさこじぞう
重なり,かさなり
かさね,かさね
風見鶏,かざみどり
風向き,かざむき
飾り,かざり
火山,かざん
過酸化水素,かさんかすいそ
菓子,かし
火事,かじ
貸し出し,かしだし
果実,かじつ
火事場,かじば
貸間,かしま
菓子屋,かしや
歌手,かしゅ
かしょ,かしょ
頭,かしら
柏餅,かしわもち
かす,かす
数,かず
加水分解,かすいぶんかい
ガス焜炉,がすこんろ
カスタネット,かすたねっと
ガスタンク,がすたんく
霞,かすみ
掠り傷,かすりきず
風,かぜ
風当たり,かぜあたり
カセット,かせっと
化繊,かせん
数え年,かぞえどし
家族,かぞく
加速度,かそくど
ガソリン,がそりん
方,かた
課題,かだい
肩書き,かたがき
方方,かたがた
片側,かたがわ
敵,かたき
肩車,かたぐるま
硬さ,かたさ
肩叩き,かたたたき
形,かたち
片っ方,かたっぽう
片手,かたて
刀,かたな
片端,かたはし
片方,かたほう
片道,かたみち
傾き,かたむき
カタログ,かたろぐ
片端,かたわ
花壇,かだん
勝ち,かち
家畜,かちく
がちゃがちゃ,がちゃがちゃ
鵞鳥,がちょう
鰹,かつお
学科,がっか
学会,がっかい
学期,がっき
学級,がっきゅう
括弧,かっこ
かっこう,かっこう
学校,がっこう
各国,かっこく
活字,かつじ
合衆国,がっしゅうこく
合唱,がっしょう
カッター,かったー
勝手,かって
活動,かつどう
河童,かっぱ
カップ,かっぷ
合併,がっぺい
割烹着,かっぽうぎ
活躍,かつやく
活用,かつよう
鬘,かつら
家庭,かてい
家庭科,かていか
家庭科室,かていかしつ
家庭訪問,かていほうもん
角,かど
加藤,かとう
門松,かどまつ
家内,かない
金沢,かなざわ
悲しげ,かなしげ
悲しみ,かなしみ
カナダ,かなだ
金槌,かなづち
かなぼう,かなぼう
金物,かなもの
蟹,かに
蟹丼,かにどん
加入,かにゅう
金,かね
過熱,かねつ
金持ち,かねもち
可能,かのう
可能性,かのうせい
河馬,かば
カバー,かばー
黴,かび
画鋲,がびょう
花瓶,かびん
株,かぶ
歌舞伎,かぶき
株式,かぶしき
かぶと,かぶと
甲虫,かぶとむし
花粉,かふん
壁,かべ
貨幣,かへい
かま,かま
かまくら,かまくら
竃,かまど
蒲鉾,かまぼこ
我慢,がまん
上,かみ
紙屑,かみくず
紙芝居,かみしばい
紙包み,かみづつみ
紙テープ,かみてーぷ
雷,かみなり
髪の毛,かみのけ
紙風船,かみふうせん
紙袋,かみぶくろ
ガム,がむ
亀,かめ
カメラ,かめら
カメラマン,かめらまん
鴨,かも
科目,かもく
かもしか,かもしか
貨物,かもつ
貨物列車,かもつれっしゃ
鴎,かもめ
粥,かゆ
通い,かよい
火曜,かよう
歌謡曲,かようきょく
画用紙,がようし
火曜日,かようび
空,から
柄,がら
カラー,からー
傘,からかさ
からす,からす
ガラス板,がらすいた
ガラス管,がらすかん
ガラス窓,がらすまど
空橇,からぞり
体,からだ
体中,からだじゅう
体つき,からだつき
空っ風,からっかぜ
空っぽ,からっぽ
空手,からて
空振り,からぶり
借り,かり
下流,かりゅう
火力,かりょく
軽業,かるわざ
カレー,かれー
ガレージ,がれーじ
カレーライス,かれーらいす
カレンダー,かれんだー
過労,かろう
かわ,かわ
側,がわ
川風,かわかぜ
川上,かわかみ
かわき,かわき
川口,かわぐち
川崎,かわさき
躱,かわす
川っぷち,かわっぷち
川向こう,かわむこう
かわり,かわり
代わり番こ,かわりばんこ
がん,がん
潅漑,かんがい
考え,かんがえ
考え方,かんがえかた
考え違い,かんがえちがい
間隔,かんかく
感覚的,かんかくてき
カンガルー,かんがるー
かんかん照り,かんかんでり
換気,かんき
換気扇,かんきせん
観客,かんきゃく
環境,かんきょう
缶切り,かんきり
関係,かんけい
歓迎,かんげい
感激,かんげき
還元,かんげん
漢語,かんご
観光,かんこう
韓国,かんこく
看護婦,かんごふ
看護婦さん,かんごふさん
関西,かんさい
観察,かんさつ
換算,かんさん
監視,かんし
感じ,かんじ
元日,がんじつ
感謝,かんしゃ
患者,かんじゃ
観衆,かんしゅう
願書,がんしょ
干渉,かんしょう
勘定,かんじょう
頑丈,がんじょう
感心,かんしん
肝心,かんじん
完成,かんせい
関税,かんぜい
関節,かんせつ
完全,かんぜん
感想,かんそう
肝臓,かんぞう
観測,かんそく
簡単,かんたん
寒暖計,かんだんけい
官庁,かんちょう
缶詰め,かんづめ
感電,かんでん
乾電池,かんでんち
関東,かんとう
感動,かんどう
感動詞,かんどうし
監督,かんとく
管内,かんない
堪忍,かんにん
神主さん,かんぬしさん
観念,かんねん
乾杯,かんぱい
かんばつ,かんばつ
頑張り,がんばり
看板,かんばん
甲板,かんぱん
看病,かんびょう
幹部,かんぶ
勘弁,かんべん
冠,かんむり
簡約,かんやく
含有量,がんゆうりょう
観覧車,かんらんしゃ
官吏,かんり
官僚,かんりょう
官僚制,かんりょうせい
関連,かんれん
貫禄,かんろく
漢和,かんわ
気合い,きあい
気圧,きあつ
キー,きー
木苺,きいちご
生糸,きいと
黄色,きいろ
議員,ぎいん
希塩酸,きえんさん
記憶,きおく
気温,きおん
機械,きかい
議会,ぎかい
機械化,きかいか
着替え,きがえ
気掛かり,きがかり
きかく,きかく
気兼ね,きがね
期間,きかん
機関庫,きかんこ
機関士,きかんし
機関車,きかんしゃ
危機,きき
ききて,ききて
ききめ,ききめ
気球,ききゅう
帰京,ききょう
企業,きぎょう
戯曲,ぎきょく
聞き分け,ききわけ
菊,きく
器具,きぐ
喜劇,きげき
危険,きけん
機嫌,きげん
気候,きこう
記号,きごう
帰国,きこく
きこり,きこり
ぎざぎざ,ぎざぎざ
刻み,きざみ
岸,きし
きじ,きじ
技師,ぎし
気質,きしつ
期日,きじつ
汽車,きしゃ
技術,ぎじゅつ
基準,きじゅん
キス,きす
傷,きず
奇数,きすう
傷口,きずぐち
犠牲,ぎせい
季節,きせつ
気絶,きぜつ
汽船,きせん
基礎,きそ
規則,きそく
貴族,きぞく
北,きた
ギター,ぎたー
気体,きたい
議題,ぎだい
北風,きたかぜ
北九州,きたきゅうしゅう
帰宅,きたく
気立て,きだて
基地,きち
貴重,きちょう
議長,ぎちょう
貴重品,きちょうひん
喫煙,きつえん
喫茶,きっさ
喫茶店,きっさてん
切手,きって
狐,きつね
切符,きっぷ
切符売り場,きっぷうりば
規定,きてい
汽笛,きてき
木戸,きど
気取り,きどり
記入,きにゅう
絹,きぬ
杵,きね
記念,きねん
記念写真,きねんしゃしん
記念日,きねんび
機能,きのう
きのこ,きのこ
気の毒,きのどく
木の葉,きのは
木登り,きのぼり
木の実,きのみ
牙,きば
基盤,きばん
きび,きび
きびだんご,きびだんご
きふ,きふ
気分,きぶん
規模,きぼ
希望,きぼう
基本,きほん
基本権,きほんけん
基本振動,きほんしんどう
気前,きまえ
気紛れ,きまぐれ
気侭,きまま
きまり,きまり
気味,きみ
君が代,きみがよ
義務,ぎむ
木村,きむら
きも,きも
気持ち,きもち
着物,きもの
疑問,ぎもん
客,きゃく
逆,ぎゃく
客車,きゃくしゃ
脚色,きゃくしょく
脚本,きゃくほん
客間,きゃくま
客観,きゃっかん
キャベツ,きゃべつ
キャラメル,きゃらめる
キャンデー,きゃんでー
キャンプ,きゃんぷ
九,きゅう
休暇,きゅうか
休学,きゅうがく
九官鳥,きゅうかんちょう
救急車,きゅうきゅうしゃ
休業,きゅうぎょう
窮屈,きゅうくつ
休憩,きゅうけい
急行,きゅうこう
球根,きゅうこん
給仕,きゅうじ
休日,きゅうじつ
九州,きゅうしゅう
九十,きゅうじゅう
給食,きゅうしょく
給食室,きゅうしょくしつ
急須,きゅうす
休息,きゅうそく
宮殿,きゅうでん
牛肉,ぎゅうにく
牛乳,ぎゅうにゅう
牛乳屋,ぎゅうにゅうや
急坂,きゅうはん
急病,きゅうびょう
救命具,きゅうめいぐ
急用,きゅうよう
給料,きゅうりょう
教,きょう
行,ぎょう
教育,きょういく
教員,きょういん
教科,きょうか
教会,きょうかい
教科書,きょうかしょ
競技,きょうぎ
行儀,ぎょうぎ
競技場,きょうぎじょう
供給,きょうきゅう
境遇,きょうぐう
教訓,きょうくん
狂言,きょうげん
恐慌,きょうこう
共産,きょうさん
共産主義,きょうさんしゅぎ
教師,きょうし
行司,ぎょうじ
教室,きょうしつ
業者,ぎょうしゃ
教授,きょうじゅ
恐縮,きょうしゅく
行水,ぎょうずい
強制,きょうせい
行政,ぎょうせい
業績,ぎょうせき
競走,きょうそう
共存,きょうぞん
兄弟,きょうだい
強調,きょうちょう
共通,きょうつう
共通語,きょうつうご
協定,きょうてい
京都,きょうと
共同,きょうどう
強熱,きょうねつ
脅迫,きょうはく
恐怖,きょうふ
強風,きょうふう
興味,きょうみ
教養,きょうよう
郷里,きょうり
恐竜,きょうりゅう
協力,きょうりょく
行列,ぎょうれつ
共和,きょうわ
許可,きょか
漁業,ぎょぎょう
曲,きょく
曲芸,きょくげい
曲線,きょくせん
極板,きょくばん
居住,きょじゅう
漁船,ぎょせん
漁村,ぎょそん
巨大,きょだい
去年,きょねん
拒否,きょひ
距離,きょり
嫌い,きらい
気楽,きらく
桐,きり
義理,ぎり
切り株,きりかぶ
切り紙,きりがみ
ぎりぎり,ぎりぎり
切り口,きりくち
ギリシャ,ぎりしゃ
キリスト教,きりすときょう
規律,きりつ
希硫酸,きりゅうさん
気力,きりょく
麒麟,きりん
切れ,きれ
記録,きろく
議論,ぎろん
際,きわ
金,きん
銀,ぎん
金色,きんいろ
銀色,ぎんいろ
禁煙,きんえん
金額,きんがく
銀紙,ぎんがみ
近眼,きんがん
近畿,きんき
緊急,きんきゅう
金魚,きんぎょ
金庫,きんこ
銀行,ぎんこう
銀行員,ぎんこういん
銀座,ぎんざ
近視,きんし
近所,きんじょ
金銭,きんせん
金属,きんぞく
近代,きんだい
緊張,きんちょう
筋肉,きんにく
勤勉,きんべん
勤務,きんむ
禁物,きんもつ
金融,きんゆう
金融機関,きんゆうきかん
金曜,きんよう
金曜日,きんようび
勤労,きんろう
具合,ぐあい
杭,くい
食いしん坊,くいしんぼう
空,くう
空間,くうかん
空気,くうき
空軍,くうぐん
空港,くうこう
偶数,ぐうすう
空想,くうそう
空中,くうちゅう
空腹,くうふく
クーラー,くーらー
九月,くがつ
茎,くき
釘,くぎ
釘抜き,くぎぬき
括り,くくり
潜り,くぐり
草,くさ
草木,くさき
草取り,くさとり
草原,くさはら
くさむら,くさむら
嚏,くさめ
鎖,くさり
串,くし
孔雀,くじゃく
嚔,くしゃみ
鯨,くじら
鯨雲,くじらぐも
苦心,くしん
屑,くず
屑入れ,くずいれ
屑篭,くずかご
擽り,くすぐり
薬玉,くすだま
薬,くすり
薬箱,くすりばこ
薬屋,くすりや
薬指,くすりゆび
崩れ,くずれ
くせ,くせ
管,くだ
具体,ぐたい
下り,くだり
口,くち
口口,くちぐち
嘴,くちばし
唇,くちびる
口笛,くちぶえ
口紅,くちべに
くつ,くつ
苦痛,くつう
靴下,くつした
クッション,くっしょん
屈折,くっせつ
靴箱,くつばこ
靴磨き,くつみがき
靴屋,くつや
句読点,くとうてん
国,くに
国国,くにぐに
国中,くにじゅう
櫟林,くぬぎばやし
配り,くばり
くび,くび
くびかざり,くびかざり
首輪,くびわ
工夫,くふう
区別,くべつ
窪地,くぼち
窪み,くぼみ
熊,くま
熊吉,くまきち
熊手,くまで
組み,くみ
組合,くみあい
組み合わせ,くみあわせ
雲,くも
曇り,くもり
曇り勝ち,くもりがち
曇り空,くもりぞら
区役所,くやくしょ
悔しさ,くやしさ
悔し泣き,くやしなき
くら,くら
位,くらい
グライダー,ぐらいだー
グラウンド,ぐらうんど
暮らし,くらし
クラシック,くらしっく
クラス,くらす
グラフ,ぐらふ
クラブ活動,くらぶかつどう
くらべ,くらべ
暗闇,くらやみ
栗,くり
クリーニング,くりーにんぐ
クリーニング屋,くりーにんぐや
クリーム,くりーむ
クリームソーダ,くりーむそーだ
グリーン,ぐりーん
クリケット,くりけっと
クリスマス,くりすます
クリップ,くりっぷ
狂い,くるい
グループ,ぐるーぷ
苦しみ,くるしみ
車,くるま
ぐるり,ぐるり
暮れ,くれ
クレーン,くれーん
黒,くろ
苦労,くろう
黒鬼,くろおに
クローバー,くろーばー
グローブ,ぐろーぶ
黒字,くろじ
黒猫,くろねこ
桑,くわ
鍬形虫,くわがたむし
訓,くん
軍,ぐん
軍艦,ぐんかん
軍事,ぐんじ
君主,くんしゅ
群衆,ぐんしゅう
軍人,ぐんじん
軍隊,ぐんたい
軍手,ぐんて
軍備,ぐんび
群馬県,ぐんまけん
訓読み,くんよみ
群落,ぐんらく
訓練,くんれん
計,けい
芸,げい
経営,けいえい
経営者,けいえいしゃ
経過,けいか
警戒,けいかい
計画,けいかく
警官,けいかん
景気,けいき
敬具,けいぐ
経験,けいけん
稽古,けいこ
敬語,けいご
傾向,けいこう
蛍光灯,けいこうとう
警告,けいこく
掲載,けいさい
経済,けいざい
警察,けいさつ
警察署,けいさつしょ
計算,けいさん
掲示,けいじ
形式,けいしき
掲示板,けいじばん
傾斜,けいしゃ
芸術,げいじゅつ
芸術家,げいじゅつか
形成,けいせい
継続,けいぞく
軽率,けいそつ
形態,けいたい
警笛,けいてき
毛糸,けいと
系統,けいとう
芸当,げいとう
芸能,げいのう
競馬,けいば
経費,けいひ
軽蔑,けいべつ
啓蒙,けいもう
契約,けいやく
経由,けいゆ
形容詞,けいようし
形容動詞,けいようどうし
経歴,けいれき
系列,けいれつ
ケーキ,けーき
ケース,けーす
ケーブルカー,けーぶるかー
ゲーム,げーむ
怪我,けが
外科,げか
怪我人,けがにん
毛皮,けがわ
劇,げき
劇遊び,げきあそび
激化,げきか
劇場,げきじょう
激励,げきれい
下校,げこう
消しゴム,けしごむ
下車,げしゃ
下宿,げしゅく
下旬,げじゅん
化粧,けしょう
下駄,げた
獣,けだもの
下駄屋さん,げたやさん
けち,けち
ケチャップ,けちゃっぷ
けちん坊,けちんぼう
月,げつ
血圧,けつあつ
決意,けつい
血液,けつえき
結果,けっか
結核,けっかく
血管,けっかん
月給,げっきゅう
結局,けっきょく
結構,けっこう
結合,けつごう
結婚,けっこん
結婚式,けっこんしき
傑作,けっさく
決算,けっさん
月謝,げっしゃ
決勝,けっしょう
げっしょく,げっしょく
決心,けっしん
けっせき,けっせき
決定,けってい
けってん,けってん
月賦,げっぷ
月末,げつまつ
月曜,げつよう
月曜日,げつようび
結論,けつろん
気配,けはい
毛虫,けむし
けむり,けむり
獣,けもの
家来,けらい
下痢,げり
剣,けん
弦,げん
権威,けんい
原因,げんいん
喧嘩,けんか
見解,けんかい
限界,げんかい
見学,けんがく
玄関,げんかん
元気,げんき
研究,けんきゅう
現金,げんきん
献血,けんけつ
権限,けんげん
言語,げんご
健康,けんこう
原稿,げんこう
原稿用紙,げんこうようし
拳骨,げんこつ
検査,けんさ
現在,げんざい
原作,げんさく
検事,けんじ
原子,げんし
原子核,げんしかく
原始時代,げんしじだい
原子団,げんしだん
現実,げんじつ
厳守,げんしゅ
研修,けんしゅう
現住所,げんじゅうしょ
研修生,けんしゅうせい
原書,げんしょ
懸賞,けんしょう
減少,げんしょう
現状,げんじょう
原子量,げんしりょう
懸垂,けんすい
建設,けんせつ
元素,げんそ
現像,げんぞう
原則,げんそく
謙遜,けんそん
現代,げんだい
けんだま,けんだま
見地,けんち
現地,げんち
建築,けんちく
県庁,けんちょう
原腸,げんちょう
限度,げんど
見当,けんとう
剣道,けんどう
幻灯,げんとう
現場,げんば
原爆,げんばく
顕微鏡,けんびきょう
見物,けんぶつ
見物人,けんぶつにん
憲法,けんぽう
研磨,けんま
賢明,けんめい
倹約,けんやく
原油,げんゆ
権利,けんり
原理,げんり
原料,げんりょう
権力,けんりょく
言論,げんろん
コアラ,こあら
鯉,こい
語彙,ごい
小石,こいし
こいぬ,こいぬ
鯉幟,こいのぼり
恋人,こいびと
コイン,こいん
コインロッカー,こいんろっかー
校,こう
号,ごう
高圧,こうあつ
高圧線,こうあつせん
好意,こうい
更衣室,こういしつ
工員,こういん
こううん,こううん
耕耘機,こううんき
公園,こうえん
高温,こうおん
効果,こうか
豪華,ごうか
後悔,こうかい
公害,こうがい
号外,ごうがい
合格,ごうかく
交換,こうかん
後期,こうき
抗議,こうぎ
高級,こうきゅう
公共,こうきょう
工業,こうぎょう
工業地,こうぎょうち
工業都市,こうぎょうとし
工具,こうぐ
航空,こうくう
航空機,こうくうき
航空便,こうくうびん
光景,こうけい
工芸,こうげい
合計,ごうけい
好景気,こうけいき
攻撃,こうげき
高原,こうげん
口語,こうご
高校,こうこう
皇后,こうごう
高校生,こうこうせい
光合成,こうごうせい
広告,こうこく
交際,こうさい
工作,こうさく
交差点,こうさてん
降参,こうさん
鉱山,こうざん
講師,こうし
工事,こうじ
公式,こうしき
校舎,こうしゃ
公衆,こうしゅう
豪州,ごうしゅう
交渉,こうしょう
工場,こうじょう
強情,ごうじょう
甲状腺,こうじょうせん
行進,こうしん
香水,こうすい
洪水,こうずい
降水量,こうすいりょう
構成,こうせい
合成,ごうせい
構成式,こうせいしき
こうせき,こうせき
光線,こうせん
酵素,こうそ
構想,こうそう
構造,こうぞう
高層ビル,こうそうびる
高速,こうそく
高速道路,こうそくどうろ
皇太子,こうたいし
耕地,こうち
紅茶,こうちゃ
校長,こうちょう
校長室,こうちょうしつ
交通,こうつう
交通事故,こうつうじこ
交通整理,こうつうせいり
交通費,こうつうひ
校庭,こうてい
高度,こうど
高等,こうとう
講堂,こうどう
強盗,ごうとう
合同,ごうどう
購入,こうにゅう
鸛,こうのとり
工場,こうば
後輩,こうはい
後半,こうはん
交番,こうばん
交付,こうふ
幸福,こうふく
幸福感,こうふくかん
好物,こうぶつ
興奮,こうふん
神戸,こうべ
公平,こうへい
候補,こうほ
後方,こうほう
公務,こうむ
公務員,こうむいん
項目,こうもく
校門,こうもん
甲羅,こうら
小売り,こうり
合理,ごうり
合理化,ごうりか
公立,こうりつ
交流,こうりゅう
考慮,こうりょ
効力,こうりょく
合力,ごうりょく
号令,ごうれい
声,こえ
小枝,こえだ
コース,こーす
コーチ,こーち
コート,こーと
コード,こーど
氷,こおり
ゴール,ごーる
誤解,ごかい
語学,ごがく
こかげ,こかげ
こがた,こがた
五月,ごがつ
子亀,こがめ
子鴨,こがも
こがらし,こがらし
御機嫌,ごきげん
小切手,こぎって
こぎつね,こぎつね
ごきぶり,ごきぶり
呼吸,こきゅう
呼吸器官,こきゅうきかん
故郷,こきょう
国,こく
語句,ごく
国王,こくおう
国外,こくがい
国語,こくご
国際,こくさい
国産,こくさん
国籍,こくせき
国鉄,こくてつ
国電,こくでん
国土,こくど
国内,こくない
告白,こくはく
黒板,こくばん
黒板消し,こくばんけし
国宝,こくほう
国防,こくぼう
こぐま,こぐま
国民,こくみん
国名,こくめい
穀物,こくもつ
国有,こくゆう
極楽,ごくらく
国立,こくりつ
国連,こくれん
御苦労,ごくろう
苔,こけ
焦げ,こげ
こけし,こけし
苔桃,こけもも
苔桃山,こけももやま
ごげん,ごげん
ここ,ここ
午後,ごご
ココア,ここあ
心地,ここち
小言,こごと
九日,ここのか
九つ,ここのつ
心,こころ
心得,こころえ
心掛け,こころがけ
試み,こころみ
心持ち,こころもち
ござ,ござ
小雨,こさめ
子猿,こざる
腰,こし
孤児,こじ
腰掛け,こしかけ
乞食,こじき
五十,ごじゅう
五十音,ごじゅうおん
胡椒,こしょう
個人,こじん
コスモス,こすもす
個性,こせい
戸籍,こせき
午前,ごぜん
午前中,ごぜんちゅう
小僧,こぞう
ごぞんじ,ごぞんじ
個体,こたい
古代,こだい
こたえ,こたえ
答え合わせ,こたえあわせ
こたつ,こたつ
こだま,こだま
御馳走,ごちそう
誇張,こちょう
骨,こつ
国家,こっか
国会,こっかい
小遣い,こづかい
国旗,こっき
国境,こっきょう
滑稽,こっけい
国交,こっこう
骨折,こっせつ
小包,こづつみ
古典,こてん
御殿,ごてん
事,こと
小道具,こどうぐ
事柄,ことがら
孤独,こどく
ことば,ことば
言葉遣い,ことばづかい
子供,こども
小鳥,ことり
諺,ことわざ
断り,ことわり
粉,こな
粉箱,こなばこ
粉雪,こなゆき
こねこ,こねこ
こねずみ,こねずみ
五年生,ごねんせい
此の間,このあいだ
此の方,このかた
此の頃,このごろ
此の度,このたび
此の次,このつぎ
此の後,こののち
此の辺,このへん
此の外,このほか
此の前,このまえ
此の侭,このまま
好み,このみ
此の世,このよ
小林,こばやし
御飯,ごはん
御飯粒,ごはんつぶ
コピー,こぴー
子羊,こひつじ
小人,こびと
瘤,こぶ
こぶた,こぶた
御褒美,ごほうび
こま,こま
胡麻,ごま
コマーシャル,こまーしゃる
ごまかし,ごまかし
駒鳥,こまどり
ごみ,ごみ
ごみ入れ,ごみいれ
ごみ箱,ごみばこ
小麦,こむぎ
小麦粉,こむぎこ
米,こめ
御免,ごめん
子守歌,こもりうた
小屋,こや
肥やし,こやし
小山,こやま
小雪,こゆき
小指,こゆび
こよう,こよう
暦,こよみ
娯楽,ごらく
御覧,ごらん
子リス,こりす
孤立,こりつ
ゴリラ,ごりら
コルク,こるく
ゴルフ,ごるふ
これから,これから
頃,ころ
ごろごろ,ごろごろ
衣,ころも
衣替え,ころもがえ
紺,こん
今回,こんかい
根拠,こんきょ
コンクリート,こんくりーと
今月,こんげつ
今後,こんご
混合,こんごう
コンサート,こんさーと
混雑,こんざつ
今週,こんしゅう
コンセント,こんせんと
献立,こんだて
昆虫,こんちゅう
コンテナー,こんてなー
今度,こんど
困難,こんなん
今日,こんにち
こんにゃく,こんにゃく
コンパ,こんぱ
今晩,こんばん
コンビニ,こんびに
コンピューター,こんぴゅーたー
昆布,こんぶ
根本,こんぽん
今夜,こんや
婚約,こんやく
混乱,こんらん
焜炉,こんろ
サーカス,さーかす
サークル,さーくる
サービス,さーびす
最,さい
財,ざい
再開,さいかい
災害,さいがい
在学,ざいがく
細菌,さいきん
細工,さいく
サイクリング,さいくりんぐ
サイクル,さいくる
再建,さいけん
最後,さいご
在庫,ざいこ
最高,さいこう
採算,さいさん
財産,ざいさん
妻子,さいし
祭日,さいじつ
最終,さいしゅう
最初,さいしょ
最小,さいしょう
最上,さいじょう
菜食,さいしょく
最新,さいしん
最新式,さいしんしき
サイズ,さいず
財政,ざいせい
賽銭箱,さいせんばこ
催促,さいそく
最大,さいだい
裁断,さいだん
最中,さいちゅう
最低,さいてい
採点,さいてん
斉藤,さいとう
災難,さいなん
才能,さいのう
栽培,さいばい
財閥,ざいばつ
裁判,さいばん
裁判官,さいばんかん
裁判所,さいばんしょ
財布,さいふ
裁縫,さいほう
細胞,さいぼう
材木,ざいもく
採用,さいよう
材料,ざいりょう
サイレン,さいれん
幸い,さいわい
サイン,さいん
囀り,さえずり
さお,さお
竿竹,さおだけ
坂,さか
逆上がり,さかあがり
さかい,さかい
逆さ,さかさ
逆様,さかさま
さがし,さがし
さかずき,さかずき
逆立ち,さかだち
魚,さかな
魚売り,さかなうり
魚屋,さかなや
坂道,さかみち
酒屋,さかや
盛り,さかり
下がり,さがり
盛り場,さかりば
先,さき
詐欺,さぎ
先程,さきほど
砂丘,さきゅう
作業,さぎょう
柵,さく
索引,さくいん
ざくざく,ざくざく
昨日,さくじつ
作者,さくしゃ
作製,さくせい
作戦,さくせん
昨年,さくねん
昨晩,さくばん
作品,さくひん
作文,さくぶん
作物,さくもつ
昨夜,さくや
桜,さくら
さくらんぼ,さくらんぼ
探り,さぐり
酒,さけ
叫び,さけび
叫び声,さけびごえ
笹,ささ
佐佐木,ささき
囁き,ささやき
さし,さし
匙,さじ
座敷,ざしき
指図,さしず
差し引き,さしひき
刺身,さしみ
座席,ざせき
誘い,さそい
座談会,ざだんかい
札,さつ
撮影,さつえい
撮影所,さつえいじょ
雑音,ざつおん
作家,さっか
雑貨,ざっか
サッカー,さっかー
サッカークラブ,さっかーくらぶ
サッカーボール,さっかーぼーる
錯覚,さっかく
さっき,さっき
作曲,さっきょく
雑誌,ざっし
雑談,ざつだん
殺虫剤,さっちゅうざい
雑費,ざっぴ
札幌,さっぽろ
里,さと
里芋,さといも
砂糖,さとう
茶道,さどう
蛹,さなぎ
さばく,さばく
さび,さび
ざぶとん,ざぶとん
様,さま
様様,さまざま
寒気,さむけ
寒さ,さむさ
侍,さむらい
鮫,さめ
左右,さゆう
作用,さよう
作用点,さようてん
皿,さら
再来月,さらいげつ
再来週,さらいしゅう
再来年,さらいねん
晒し粉,さらしこ
サラダ,さらだ
サラリーマン,さらりーまん
ざりがに,ざりがに
猿,さる
笊,ざる
騒ぎ,さわぎ
触り,さわり
三,さん
山陰,さんいん
参加,さんか
三角,さんかく
三角形,さんかくけい
三角帽子,さんかくぼうし
三月,さんがつ
参観日,さんかんび
参議院,さんぎいん
産業,さんぎょう
残業,ざんぎょう
サングラス,さんぐらす
参考,さんこう
参考書,さんこうしょ
残酷,ざんこく
三十,さんじゅう
産出,さんしゅつ
算術,さんじゅつ
山椒,さんしょう
三乗,さんじょう
算数,さんすう
賛成,さんせい
酸素,さんそ
サンタクロース,さんたくろーす
サンダル,さんだる
産地,さんち
山頂,さんちょう
サンドイッチ,さんどいっち
参道,さんどう
残念,ざんねん
三年生,さんねんせい
サンパウロ,さんぱうろ
桟橋,さんばし
散髪,さんぱつ
産物,さんぶつ
散歩,さんぽ
山脈,さんみゃく
山門,さんもん
山陽,さんよう
三輪車,さんりんしゃ
しあい,しあい
仕上げ,しあげ
しあわせ,しあわせ
爺,じい
飼育,しいく
飼育係,しいくがかり
爺様,じいさま
シーズン,しーずん
シーソー,しーそー
爺ちゃん,じいちゃん
シーツ,しーつ
シーディー,しーでぃー
ジーパン,じーぱん
シール,しーる
仕入れ,しいれ
子音,しいん
自衛,じえい
ジェイアール,じぇいあーる
ジェット機,じぇっとき
塩,しお
潮干狩り,しおひがり
鹿,しか
直,じか
司会,しかい
市外,しがい
紫外線,しがいせん
仕返し,しかえし
四角,しかく
自覚,じかく
四角形,しかくけい
仕掛け,しかけ
仕方,しかた
四月,しがつ
しかめっ面,しかめっつら
時間,じかん
時間表,じかんひょう
時間割り,じかんわり
式,しき
直,じき
敷居,しきい
色彩,しきさい
指揮者,しきしゃ
色素,しきそ
敷地,しきち
至急,しきゅう
自給,じきゅう
事業,じぎょう
始業式,しぎょうしき
仕切り,しきり
資金,しきん
軸,じく
ジグ,じぐ
ジグザグ,じぐざぐ
しくじり,しくじり
仕組み,しくみ
しげき,しげき
しげみ,しげみ
試験,しけん
資源,しげん
事件,じけん
試験管,しけんかん
自己,じこ
四国,しこく
時刻,じこく
地獄,じごく
自己紹介,じこしょうかい
しごと,しごと
仕込み,しこみ
資材,しざい
視察,しさつ
支持,しじ
事実,じじつ
獅子舞,ししまい
蜆,しじみ
磁石,じしゃく
四捨五入,ししゃごにゅう
自主,じしゅ
刺繍,ししゅう
始終,しじゅう
自習,じしゅう
支出,ししゅつ
辞書,じしょ
じじょ,じじょ
市場,しじょう
事情,じじょう
詩人,しじん
地震,じしん
自信満満,じしんまんまん
指数,しすう
しずく,しずく
沈み,しずみ
姿勢,しせい
施設,しせつ
支線,しせん
自然,しぜん
自然科学,しぜんかがく
思想,しそう
地蔵,じぞう
持続,じぞく
子孫,しそん
舌,した
次第,しだい
事態,じたい
時代,じだい
時代劇,じだいげき
下請け,したうけ
下書き,したがき
下着,したぎ
したく,したく
自宅,じたく
親しみ,したしみ
仕立て屋,したてや
下町,したまち
下向き,したむき
七,しち
自治,じち
七月,しちがつ
七五三,しちごさん
七十,しちじゅう
七福神,しちふくじん
市長,しちょう
室,しつ
日,じつ
実感,じっかん
失業,しつぎょう
湿気,しっけ
しつけ,しつけ
失敬,しっけい
実験,じっけん
実現,じつげん
実行,じっこう
実際,じっさい
実施,じっし
実質,じっしつ
実習,じっしゅう
実情,じつじょう
実績,じっせき
実践,じっせん
質素,しっそ
実態,じったい
嫉妬,しっと
湿度,しつど
室内,しつない
失敗,しっぱい
執筆,しっぴつ
湿布,しっぷ
実物,じつぶつ
失望,しつぼう
質問,しつもん
実用,じつよう
質量,しつりょう
実力,じつりょく
失礼,しつれい
実例,じつれい
指定,してい
指摘,してき
私鉄,してつ
支店,してん
市電,しでん
事典,じてん
自転車,じてんしゃ
指導,しどう
自動,じどう
児童館,じどうかん
自動車,じどうしゃ
自動ドア,じどうどあ
品,しな
市内,しない
品物,しなもの
地均し,じならし
じなん,じなん
地主,じぬし
芝,しば
支配,しはい
芝居,しばい
始発,しはつ
支払い,しはらい
縛り,しばり
字引,じびき
地響き,じひびき
痺れ,しびれ
渋,しぶ
渋柿,しぶがき
自分,じぶん
紙幣,しへい
四方,しほう
脂肪,しぼう
絞り,しぼり
資本,しほん
資本家,しほんか
資本主義,しほんしゅぎ
島,しま
仕舞い,しまい
縞馬,しまうま
始末,しまつ
縞模様,しまもよう
締まり,しまり
自慢,じまん
染み,しみ
地味,じみ
市民,しみん
市民革命,しみんかくめい
事務,じむ
事務員,じむいん
事務室,じむしつ
事務所,じむしょ
氏名,しめい
湿し,しめし
湿り,しめり
地面,じめん
下,しも
霜柱,しもばしら
霜焼け,しもやけ
指紋,しもん
ジャーナリスト,じゃーなりすと
社員,しゃいん
社会,しゃかい
社会科学,しゃかいかがく
社会主義,しゃかいしゅぎ
ジャカルタ,じゃかるた
癪,しゃく
弱,じゃく
市役所,しやくしょ
蛇口,じゃぐち
尺取り虫,しゃくとりむし
ジャケット,じゃけっと
車庫,しゃこ
車掌,しゃしょう
写真,しゃしん
写生,しゃせい
社説,しゃせつ
車体,しゃたい
遮断,しゃだん
社長,しゃちょう
シャツ,しゃつ
借金,しゃっきん
しゃっくり,しゃっくり
シャッター,しゃったー
車道,しゃどう
車内,しゃない
しゃぶり,しゃぶり
喋り,しゃべり
シャベル,しゃべる
シャボン玉,しゃぼんだま
邪魔,じゃま
ジャム,じゃむ
シャム猫,しゃむねこ
斜面,しゃめん
しゃりょう,しゃりょう
車輪,しゃりん
シャワー,しゃわー
ジャングル,じゃんぐる
ジャングルジム,じゃんぐるじむ
ジャングル中,じゃんぐるじゅう
じゃん拳,じゃんけん
じゃん拳ぽん,じゃんけんぽん
ジャンパー,じゃんぱー
ジャンプ,じゃんぷ
シャンプー,しゃんぷー
週,しゅう
十,じゅう
自由,じゆう
周囲,しゅうい
獣医さん,じゅういさん
十一月,じゅういちがつ
収穫,しゅうかく
十月,じゅうがつ
週間,しゅうかん
周期,しゅうき
衆議院,しゅうぎいん
住居,じゅうきょ
宗教,しゅうきょう
従業員,じゅうぎょういん
終業式,しゅうぎょうしき
集金,しゅうきん
襲撃,しゅうげき
集合,しゅうごう
重工業,じゅうこうぎょう
十五夜,じゅうごや
収支,しゅうし
従事,じゅうじ
充実,じゅうじつ
しゅうしゅう,しゅうしゅう
自由主義,じゆうしゅぎ
収縮,しゅうしゅく
住所,じゅうしょ
就職,しゅうしょく
修飾語,しゅうしょくご
十字路,じゅうじろ
就寝,しゅうしん
重心,じゅうしん
ジュース,じゅーす
修正,しゅうせい
修繕,しゅうぜん
臭素,しゅうそ
従属,じゅうぞく
渋滞,じゅうたい
重大,じゅうだい
住宅,じゅうたく
集団,しゅうだん
じゅうたん,じゅうたん
執着,しゅうちゃく
集中,しゅうちゅう
終点,しゅうてん
重点,じゅうてん
充電,じゅうでん
柔道,じゅうどう
十二月,じゅうにがつ
十二支,じゅうにし
収入,しゅうにゅう
就任,しゅうにん
重箱,じゅうばこ
秋分,しゅうぶん
周辺,しゅうへん
週末,しゅうまつ
住民,じゅうみん
重役,じゅうやく
重油,じゅうゆ
収容,しゅうよう
重要,じゅうよう
重要性,じゅうようせい
従来,じゅうらい
修理,しゅうり
終了,しゅうりょう
終了式,しゅうりょうしき
重力,じゅうりょく
守衛,しゅえい
主演,しゅえん
主観,しゅかん
主義,しゅぎ
儒教,じゅきょう
授業,じゅぎょう
塾,じゅく
熟語,じゅくご
祝日,しゅくじつ
縮小,しゅくしょう
宿題,しゅくだい
受験,じゅけん
主語,しゅご
主催,しゅさい
種子,しゅし
種種,しゅじゅ
手術,しゅじゅつ
首相,しゅしょう
主食,しゅしょく
主人,しゅじん
受信,じゅしん
主体,しゅたい
主題,しゅだい
手段,しゅだん
主張,しゅちょう
出演,しゅつえん
出勤,しゅっきん
出血,しゅっけつ
述語,じゅつご
出産,しゅっさん
出生,しゅっしょう
出場,しゅつじょう
出身,しゅっしん
出世,しゅっせ
出席,しゅっせき
出張,しゅっちょう
出発,しゅっぱつ
出版,しゅっぱん
出版社,しゅっぱんしゃ
出品,しゅっぴん
首都,しゅと
主任,しゅにん
守備,しゅび
主婦,しゅふ
趣味,しゅみ
寿命,じゅみょう
種目,しゅもく
主役,しゅやく
主要,しゅよう
需要,じゅよう
需要者,じゅようしゃ
種類,しゅるい
受話器,じゅわき
順,じゅん
瞬間,しゅんかん
循環,じゅんかん
準急,じゅんきゅう
巡査,じゅんさ
順順,じゅんじゅん
順序,じゅんじょ
純情,じゅんじょう
純粋,じゅんすい
順調,じゅんちょう
順番,じゅんばん
準備,じゅんび
春分,しゅんぶん
小,しょう
仕様,しよう
城,じょう
少雨,しょうう
上演,じょうえん
唱歌,しょうか
しょうが,しょうが
紹介,しょうかい
生涯,しょうがい
消火器,しょうかき
奨学金,しょうがくきん
小学生,しょうがくせい
正月,しょうがつ
小学校,しょうがっこう
将棋,しょうぎ
蒸気,じょうき
定規,じょうぎ
将棋倒し,しょうぎだおし
乗客,じょうきゃく
上級,じょうきゅう
商業,しょうぎょう
上京,じょうきょう
消極,しょうきょく
上空,じょうくう
将軍,しょうぐん
上下,じょうげ
条件,じょうけん
証拠,しょうこ
正午,しょうご
昇降口,しょうこうぐち
詳細,しょうさい
硝酸,しょうさん
障子,しょうじ
正直,しょうじき
常識,じょうしき
商社,しょうしゃ
乗車,じょうしゃ
乗車券,じょうしゃけん
上旬,じょうじゅん
少女,しょうじょ
少少,しょうしょう
症状,しょうじょう
上昇,じょうしょう
小数,しょうすう
小説,しょうせつ
正体,しょうたい
状態,じょうたい
承諾,しょうだく
冗談,じょうだん
承知,しょうち
情緒,じょうちょ
小腸,しょうちょう
商店,しょうてん
商店街,しょうてんがい
焦点距離,しょうてんきょり
上等,じょうとう
消毒,しょうどく
衝突,しょうとつ
商人,しょうにん
使用人,しようにん
情熱,じょうねつ
少年,しょうねん
勝敗,しょうはい
商売,しょうばい
蒸発,じょうはつ
消費,しょうひ
商品,しょうひん
勝負,しょうぶ
小便,しょうべん
消防,しょうぼう
情報,じょうほう
消防士,しょうぼうし
消防署,しょうぼうしょ
証明,しょうめい
消滅,しょうめつ
正面,しょうめん
消耗,しょうもう
条約,じょうやく
醤油,しょうゆ
乗用車,じょうようしゃ
将来,しょうらい
勝利,しょうり
上陸,じょうりく
省略,しょうりゃく
上流,じょうりゅう
小量,しょうりょう
奨励,しょうれい
如雨露,じょうろ
昭和,しょうわ
女王,じょおう
女王様,じょおうさま
除外,じょがい
書記,しょき
初級,しょきゅう
除去,じょきょ
助教授,じょきょうじゅ
色,しょく
職員,しょくいん
職員室,しょくいんしつ
食塩,しょくえん
職業,しょくぎょう
食事,しょくじ
食卓,しょくたく
食堂,しょくどう
職人,しょくにん
職場,しょくば
触媒,しょくばい
食費,しょくひ
食品,しょくひん
植物,しょくぶつ
植物園,しょくぶつえん
植物体,しょくぶつたい
食物,しょくもつ
食欲,しょくよく
食料,しょくりょう
食料品,しょくりょうひん
徐行,じょこう
諸国,しょこく
書斎,しょさい
女子,じょし
助手,じょしゅ
女性,じょせい
除雪車,じょせつしゃ
所属,しょぞく
処置,しょち
女中,じょちゅう
所長さん,しょちょうさん
食器,しょっき
ショック,しょっく
助動詞,じょどうし
所得,しょとく
処罰,しょばつ
処分,しょぶん
初歩,しょほ
庶民,しょみん
庶務,しょむ
署名,しょめい
書物,しょもつ
所有,しょゆう
女優,じょゆう
処理,しょり
書類,しょるい
しらせ,しらせ
調べ,しらべ
知らん顔,しらんかお
知らんぷり,しらんぷり
しり,しり
知り合い,しりあい
シリーズ,しりーず
知りたがり屋,しりたがりや
市立,しりつ
尻取り,しりとり
尻餅,しりもち
支流,しりゅう
資料,しりょう
磁力,じりょく
汁,しる
しるし,しるし
シルバーシート,しるばーしーと
白,しろ
白兎,しろうさぎ
白馬,しろうま
白狐,しろぎつね
白組,しろぐみ
白つめ草,しろつめくさ
しわ,しわ
嗄れ声,しわがれごえ
仕業,しわざ
進学,しんがく
人格,じんかく
新学期,しんがっき
シンガポール,しんがぽーる
新幹線,しんかんせん
進級,しんきゅう
真空,しんくう
神経,しんけい
新劇,しんげき
真剣,しんけん
人権,じんけん
進行,しんこう
信号,しんごう
人口,じんこう
信号機,しんごうき
人口密度,じんこうみつど
深呼吸,しんこきゅう
新婚,しんこん
診察,しんさつ
紳士,しんし
人事,じんじ
寝室,しんしつ
真実,しんじつ
神社,じんじゃ
真珠,しんじゅ
人種,じんしゅ
心中,しんじゅう
進出,しんしゅつ
侵食,しんしょく
新人,しんじん
人身,じんしん
親水,しんすい
神聖,しんせい
人生,じんせい
親戚,しんせき
親切,しんせつ
新鮮,しんせん
親善,しんぜん
真相,しんそう
心臓,しんぞう
身体,しんたい
寝台,しんだい
人体,じんたい
身体検査,しんたいけんさ
診断,しんだん
新築,しんちく
真鍮,しんちゅう
身長,しんちょう
進度,しんど
神道,しんとう
振動,しんどう
振動数,しんどうすう
侵入,しんにゅう
新入生,しんにゅうせい
新年,しんねん
心配,しんぱい
審判,しんぱん
神秘,しんぴ
振幅,しんぷく
神父さん,しんぷさん
人物,じんぶつ
新聞,しんぶん
人文科学,じんぶんかがく
新聞記者,しんぶんきしゃ
新聞社,しんぶんしゃ
進歩,しんぽ
心棒,しんぼう
人民,じんみん
親友,しんゆう
信用,しんよう
信頼,しんらい
真理,しんり
心理学,しんりがく
しんりゃく,しんりゃく
診療,しんりょう
診療所,しんりょうじょ
森林,しんりん
親類,しんるい
人類,じんるい
巣穴,すあな
水,すい
水泳,すいえい
水泳パンツ,すいえいぱんつ
西瓜,すいか
吸殼,すいがら
西瓜割り,すいかわり
水銀,すいぎん
水産,すいさん
水酸化,すいさんか
水産物,すいさんぶつ
炊事,すいじ
水車,すいしゃ
水準,すいじゅん
水蒸気,すいじょうき
推進,すいしん
スイス,すいす
彗星,すいせい
推薦,すいせん
水素,すいそ
水槽,すいそう
推測,すいそく
水族館,すいぞくかん
水素分子,すいそぶんし
水中,すいちゅう
垂直,すいちょく
スイッチ,すいっち
水田,すいでん
水筒,すいとう
水道,すいどう
水爆,すいばく
炊飯器,すいはんき
随筆,ずいひつ
水分,すいぶん
水平,すいへい
水平線,すいへいせん
睡眠,すいみん
水面,すいめん
水曜,すいよう
水溶液,すいようえき
水曜日,すいようび
水利,すいり
推量,すいりょう
水力,すいりょく
数,すう
数学,すうがく
数詞,すうし
数字,すうじ
スーツ,すーつ
スーパー,すーぱー
スーパーマン,すーぱーまん
崇拝,すうはい
スープ,すーぷ
末,すえ
末子,すえこ
図画,ずが
スカート,すかーと
スカーフ,すかーふ
透かし,すかし
姿,すがた
図鑑,ずかん
鋤,すき
杉,すぎ
スキー,すきー
スキー場,すきーじょう
好き嫌い,すききらい
好き好き,すきずき
スキップ,すきっぷ
杉の木山,すぎのきやま
すきま,すきま
透き間風,すきまかぜ
すき焼き,すきやき
頭巾,ずきん
掬い,すくい
スクールバス,すくーるばす
スクリーン,すくりーん
スクリュー,すくりゅー
菅,すげ
図形,ずけい
スケート,すけーと
菅笠,すげがさ
スケッチ,すけっち
スケッチブック,すけっちぶっく
図工,ずこう
図工室,ずこうしつ
双六,すごろく
すし,すし
筋,すじ
煤,すす
鈴,すず
すすき,すすき
鈴木,すずき
進み,すすみ
涼み,すずみ
鈴虫,すずむし
すすめ,すすめ
雀,すずめ
裾,すそ
スター,すたー
スタート,すたーと
スタイル,すたいる
スタジオ,すたじお
簾,すだれ
スタンド,すたんど
スタンプ,すたんぷ
頭痛,ずつう
ステーキ,すてーき
ステージ,すてーじ
ステッカー,すてっかー
ステッキ,すてっき
ステップ,すてっぷ
ステレオ,すてれお
ステンドグラス,すてんどぐらす
ストーブ,すとーぶ
ストップ,すとっぷ
ストライキ,すとらいき
ストレス,すとれす
ストロー,すとろー
砂,すな
砂遊び,すなあそび
砂場,すなば
砂浜,すなはま
砂埃,すなぼこり
すね,すね
簀の子,すのこ
スパイ,すぱい
スパイク,すぱいく
巣箱,すばこ
スピーカー,すぴーかー
スピーチ,すぴーち
スピード,すぴーど
スプーン,すぷーん
ずぶ濡れ,ずぶぬれ
スペイン,すぺいん
スペイン語,すぺいんご
すべて,すべて
すべり,すべり
滑り台,すべりだい
スポーツ,すぽーつ
スポットライト,すぽっとらいと
スポンジ,すぽんじ
住まい,すまい
すまし,すまし
澄まし顔,すましがお
すみ,すみ
墨絵,すみえ
住処,すみか
隅っこ,すみっこ
菫,すみれ
スライド,すらいど
スリッパ,すりっぱ
スリップ,すりっぷ
スリル,すりる
鯣,するめ
すわり,すわり
寸法,すんぽう
精,せい
税,ぜい
生育,せいいく
清音,せいおん
聖火,せいか
正解,せいかい
性格,せいかく
生活,せいかつ
税関,ぜいかん
世紀,せいき
正義,せいぎ
世紀末,せいきまつ
請求,せいきゅう
税金,ぜいきん
背比べ,せいくらべ
清潔,せいけつ
政権,せいけん
制限,せいげん
成功,せいこう
星座,せいざ
制作,せいさく
生産,せいさん
生産性,せいさんせい
生産物,せいさんぶつ
生産量,せいさんりょう
政治,せいじ
政治家,せいじか
正式,せいしき
政治制度,せいじせいど
政治体制,せいじたいせい
性質,せいしつ
誠実,せいじつ
成熟,せいじゅく
青春,せいしゅん
清書,せいしょ
正常,せいじょう
精神,せいしん
成人,せいじん
精神病,せいしんびょう
精製,せいせい
成績,せいせき
清掃,せいそう
製造,せいぞう
生存,せいぞん
生態系,せいたいけい
贅沢,ぜいたく
成長,せいちょう
制定,せいてい
製鉄,せいてつ
晴天,せいてん
生徒,せいと
制度,せいど
政党,せいとう
整頓,せいとん
青年,せいねん
生年月日,せいねんがっぴ
性能,せいのう
整備,せいび
製品,せいひん
政府,せいふ
制服,せいふく
西部劇,せいぶげき
生物,せいぶつ
生物体,せいぶつたい
成分,せいぶん
正方形,せいほうけい
精密,せいみつ
生命,せいめい
正門,せいもん
制約,せいやく
西洋,せいよう
西洋思想,せいようしそう
西洋人,せいようじん
整理,せいり
整理整頓,せいりせいとん
成立,せいりつ
勢力,せいりょく
西暦,せいれき
セーター,せーたー
セーフ,せーふ
世界,せかい
咳,せき
赤外線,せきがいせん
席替え,せきがえ
赤十字,せきじゅうじ
石炭,せきたん
脊柱,せきちゅう
赤道,せきどう
責任,せきにん
石油,せきゆ
世間,せけん
是正,ぜせい
世代,せだい
節,せつ
絶縁,ぜつえん
絶縁体,ぜつえんたい
石灰石,せっかいせき
赤褐色,せっかくしょく
せっかち,せっかち
積極,せっきょく
接近,せっきん
節句,せっく
設計,せっけい
石鹸,せっけん
石膏,せっこう
絶交,ぜっこう
摂氏,せっし
接触,せっしょく
接続,せつぞく
接続詞,せつぞくし
絶対,ぜったい
絶対温度,ぜったいおんど
切断,せつだん
設置,せっち
接着剤,せっちゃくざい
設備,せつび
節分,せつぶん
絶望,ぜつぼう
説明,せつめい
節約,せつやく
設立,せつりつ
瀬戸物,せともの
背中,せなか
銭,ぜに
背伸び,せのび
背番号,せばんごう
是非,ぜひ
背広,せびろ
蝉,せみ
セメント,せめんと
ゼリー,ぜりー
セルロイド,せるろいど
セロハン,せろはん
世話,せわ
千,せん
膳,ぜん
善悪,ぜんあく
繊維,せんい
船員,せんいん
全員,ぜんいん
全快,ぜんかい
前期,ぜんき
選挙,せんきょ
先月,せんげつ
宣言,せんげん
戦後,せんご
前後,ぜんご
専攻,せんこう
線香花火,せんこうはなび
全国,ぜんこく
洗剤,せんざい
先日,せんじつ
前日,ぜんじつ
選手,せんしゅ
先週,せんしゅう
選出,せんしゅつ
染色体,せんしょくたい
全身,ぜんしん
先進国,せんしんこく
扇子,せんす
潜水艇,せんすいてい
先生,せんせい
戦前,せんぜん
先先月,せんせんげつ
先先週,せんせんしゅう
先祖,せんぞ
戦争,せんそう
全速力,ぜんそくりょく
センター,せんたー
仙台,せんだい
全体,ぜんたい
洗濯,せんたく
洗濯機,せんたくき
洗濯物,せんたくもの
先達て,せんだって
センチ,せんち
センチメートル,せんちめーとる
船長,せんちょう
前提,ぜんてい
宣伝,せんでん
先頭,せんとう
船頭,せんどう
栓抜き,せんぬき
先輩,せんぱい
千羽鶴,せんばづる
旋盤,せんばん
前半,ぜんはん
全般,ぜんぱん
全部,ぜんぶ
扇風機,せんぷうき
煎餅,せんべい
全滅,ぜんめつ
洗面,せんめん
洗面器,せんめんき
洗面所,せんめんじょ
専門,せんもん
専門家,せんもんか
染料,せんりょう
全力,ぜんりょく
線路,せんろ
草,そう
象,ぞう
相違,そうい
騒音,そうおん
造花,ぞうか
総会,そうかい
象係,ぞうがかり
双眼鏡,そうがんきょう
送金,そうきん
雑巾,ぞうきん
草原,そうげん
増減,ぞうげん
倉庫,そうこ
相互,そうご
総合,そうごう
捜査,そうさ
創作,そうさく
掃除,そうじ
葬式,そうしき
掃除機,そうじき
掃除道具,そうじどうぐ
操縦,そうじゅう
蔵相,ぞうしょう
装飾,そうしょく
送信,そうしん
総数,そうすう
走性,そうせい
造船,ぞうせん
造船所,ぞうせんじょ
早早,そうそう
想像,そうぞう
早退,そうたい
増大,ぞうだい
相談,そうだん
装置,そうち
送電,そうでん
相当,そうとう
騒動,そうどう
遭難,そうなん
雑煮,ぞうに
相場,そうば
総理,そうり
総理大臣,そうりだいじん
創立,そうりつ
総領事,そうりょうじ
ソウル,そうる
添え,そえ
ソース,そーす
ソーセージ,そーせーじ
促音,そくおん
俗語,ぞくご
促進,そくしん
速達,そくたつ
測定,そくてい
速度,そくど
束縛,そくばく
側面,そくめん
測量,そくりょう
速力,そくりょく
ソケット,そけっと
底,そこ
其処ら中,そこらじゅう
蔬菜,そさい
組織,そしき
素質,そしつ
訴訟,そしょう
祖先,そせん
育ち,そだち
卒園,そつえん
卒業,そつぎょう
卒業式,そつぎょうしき
ソックス,そっくす
そっぽ,そっぽ
袖,そで
外,そと
外側,そとがわ
外回り,そとまわり
供え,そなえ
そのうち,そのうち
そのまま,そのまま
そば,そば
祖父,そふ
ソファー,そふぁー
ソフトクリーム,そふとくりーむ
祖母,そぼ
そぼく,そぼく
染め,そめ
染め粉,そめこ
染め物,そめもの
空,そら
空色,そらいろ
反り,そり
それきり,それきり
それぞれ,それぞれ
ソ連,それん
揃い,そろい
損,そん
損害,そんがい
尊敬,そんけい
存在,そんざい
損失,そんしつ
尊重,そんちょう
ダース,だーす
鯛,たい
第,だい
体育,たいいく
体育館,たいいくかん
第一,だいいち
退院,たいいん
対応,たいおう
体温,たいおん
体温計,たいおんけい
大家,たいか
大会,たいかい
大概,たいがい
大会社,だいがいしゃ
体格,たいかく
退学,たいがく
大学,だいがく
大学生,だいがくせい
大企業,だいきぎょう
代議士,だいぎし
大規模,だいきぼ
第九条,だいきゅうじょう
大金,たいきん
代金,だいきん
大工,だいく
待遇,たいぐう
退屈,たいくつ
大工道具,だいくどうぐ
大群,たいぐん
体系,たいけい
体験,たいけん
太鼓,たいこ
対抗,たいこう
大根,だいこん
滞在,たいざい
対策,たいさく
大使,たいし
退治,たいじ
大事,だいじ
大使館,たいしかん
大資本,だいしほん
大衆,たいしゅう
体重,たいじゅう
大将,たいしょう
大小,だいしょう
退職,たいしょく
大臣,だいじん
大豆,だいず
体制,たいせい
大西洋,たいせいよう
体積,たいせき
大戦,たいせん
体操,たいそう
体操服,たいそうふく
大体,だいたい
橙,だいだい
橙色,だいだいいろ
対談,たいだん
隊長,たいちょう
帯電,たいでん
態度,たいど
大統領,だいとうりょう
台所,だいどころ
大都市,だいとし
体内,たいない
台無し,だいなし
ダイナマイト,だいなまいと
第二,だいに
大脳,だいのう
代表,だいひょう
代表者,だいひょうしゃ
タイプ,たいぷ
大部,だいぶ
たいふう,たいふう
大仏様,だいぶつさま
大部分,だいぶぶん
タイプライター,たいぷらいたー
太平洋,たいへいよう
逮捕,たいほ
大砲,たいほう
題名,だいめい
代名詞,だいめいし
タイヤ,たいや
鯛焼き,たいやき
ダイヤモンド,だいやもんど
ダイヤル,だいやる
太陽,たいよう
代用,だいよう
大洋州,たいようしゅう
代理,だいり
大陸,たいりく
対立,たいりつ
大量,たいりょう
体力,たいりょく
タイル,たいる
台湾,たいわん
田植え,たうえ
タオル,たおる
鷹,たか
互い,たがい
高さ,たかさ
たかとび,たかとび
高橋,たかはし
たから,たから
宝物,たからもの
蛇管,だかん
滝,たき
薪,たきぎ
焚き火,たきび
妥協,だきょう
宅,たく
沢庵,たくあん
濁音,だくおん
タクシー,たくしー
宅配,たくはい
巧み,たくみ
丈,たけ
打撃,だげき
竹細工,たけざいく
妥結,だけつ
たけのこ,たけのこ
竹ひご,たけひご
竹薮,たけやぶ
凧,たこ
凧揚げ,たこあげ
蛸焼き,たこやき
足し,たし
足し算,たしざん
多少,たしょう
多数,たすう
多数決,たすうけつ
多数党,たすうとう
ただ,ただ
駄駄,だだ
ただいま,ただいま
ただいまあ,ただいまあ
たたかい,たたかい
たたき,たたき
だだっこ,だだっこ
畳,たたみ
立ち入り禁止,たちいりきんし
立場,たちば
駝鳥,だちょう
竜,たつ
卓球,たっきゅう
宅急便,たっきゅうびん
タック,たっく
抱っこ,だっこ
脱線,だっせん
脱退,だったい
タッチ,たっち
手綱,たづな
竜巻,たつまき
たて,たて
縦書き,たてがき
鬣,たてがみ
縦笛,たてぶえ
建て前,たてまえ
建物,たてもの
妥当,だとう
たとえ,たとえ
炭団,たどん
棚,たな
田中,たなか
谷,たに
谷川,たにがわ
他人,たにん
狸,たぬき
種,たね
種蒔き,たねまき
楽しみ,たのしみ
頼み,たのみ
束,たば
タバコ屋,たばこや
度,たび
旅人,たびびと
多分,たぶん
食べ過ぎ,たべすぎ
食べ物,たべもの
他方,たほう
多忙,たぼう
たま,たま
玉入れ,たまいれ
騙かし,だまかし
たまご,たまご
玉転がし,たまころがし
騙し,だまし
たましい,たましい
玉手箱,たまてばこ
玉止め,たまどめ
玉葱,たまねぎ
玉結び,たまむすび
ダム,だむ
為,ため
駄目,だめ
溜め息,ためいき
ためし,ためし
他面,ためん
袂,たもと
便り,たより
盥,たらい
多量,たりょう
樽,たる
垂れ,たれ
束子,たわし
俵,たわら
段,だん
単位,たんい
単一,たんいつ
単位面積,たんいめんせき
胆液,たんえき
短歌,たんか
タンカー,たんかー
段階,だんかい
短気,たんき
タンク,たんく
団結,だんけつ
たんけん,たんけん
探検隊,たんけんたい
単語,たんご
団子,だんご
炭坑,たんこう
たんざく,たんざく
炭酸,たんさん
男子,だんし
短縮,たんしゅく
単純,たんじゅん
短所,たんしょ
男女,だんじょ
誕生,たんじょう
誕生会,たんじょうかい
誕生日,たんじょうび
箪笥,たんす
ダンス,だんす
断水,だんすい
炭水化物,たんすいかぶつ
炭水車,たんすいしゃ
単数,たんすう
男性,だんせい
単線,たんせん
炭素,たんそ
炭素原子,たんそげんし
単体,たんたい
団体,だんたい
段段,だんだん
段段畑,だんだんばたけ
団地,だんち
単調,たんちょう
探偵,たんてい
断定,だんてい
炭田,たんでん
担当,たんとう
担任,たんにん
蛋白質,たんぱくしつ
タンバリン,たんばりん
ダンプカー,だんぷかー
田圃,たんぼ
だんぼう,だんぼう
段ボール,だんぼーる
だんろ,だんろ
地位,ちい
地域,ちいき
地域社会,ちいきしゃかい
チーズ,ちーず
チーム,ちーむ
ちえ,ちえ
地下,ちか
違い,ちがい
地下街,ちかがい
近く,ちかく
近頃,ちかごろ
地下室,ちかしつ
地下鉄,ちかてつ
地下道,ちかどう
近道,ちかみち
力,ちから
力瘤,ちからこぶ
力持ち,ちからもち
地球,ちきゅう
地球儀,ちきゅうぎ
蓄音器,ちくおんき
蓄積,ちくせき
竹輪,ちくわ
地形,ちけい
チケット,ちけっと
遅刻,ちこく
知事,ちじ
知識,ちしき
地上,ちじょう
知人,ちじん
地図,ちず
馳走,ちそう
地帯,ちたい
父,ちち
父親,ちちおや
縮み,ちぢみ
地中,ちちゅう
秩序,ちつじょ
窒素,ちっそ
窒素肥料,ちっそひりょう
ちっぽけ,ちっぽけ
ちのう,ちのう
ちび,ちび
ちびっこ,ちびっこ
乳房,ちぶさ
地平線,ちへいせん
地方,ちほう
地方自治,ちほうじち
地名,ちめい
チャイム,ちゃいむ
茶色,ちゃいろ
着,ちゃく
着手,ちゃくしゅ
着色,ちゃくしょく
着席,ちゃくせき
着陸,ちゃくりく
チャック,ちゃっく
茶摘み,ちゃつみ
茶の間,ちゃのま
茶の湯,ちゃのゆ
茶目,ちゃめ
茶碗,ちゃわん
チャンス,ちゃんす
チャンネル,ちゃんねる
ちゃんばら,ちゃんばら
チャンピオン,ちゃんぴおん
中,ちゅう
注意,ちゅうい
中央,ちゅうおう
中華,ちゅうか
宙返り,ちゅうがえり
中学,ちゅうがく
中学生,ちゅうがくせい
中学校,ちゅうがっこう
中間,ちゅうかん
忠義,ちゅうぎ
中級,ちゅうきゅう
中位,ちゅうくらい
忠告,ちゅうこく
中国,ちゅうごく
中国語,ちゅうごくご
中国人,ちゅうごくじん
中止,ちゅうし
忠実,ちゅうじつ
注射,ちゅうしゃ
駐車場,ちゅうしゃじょう
中旬,ちゅうじゅん
中傷,ちゅうしょう
ちゅうしょく,ちゅうしょく
中心,ちゅうしん
中枢,ちゅうすう
中世,ちゅうせい
鋳造,ちゅうぞう
躊躇,ちゅうちょ
中途,ちゅうと
中毒,ちゅうどく
中途半端,ちゅうとはんぱ
中年,ちゅうねん
チューブ,ちゅーぶ
中部,ちゅうぶ
中腹,ちゅうふく
注目,ちゅうもく
ちゅうもん,ちゅうもん
中立,ちゅうりつ
チューリップ,ちゅーりっぷ
中流,ちゅうりゅう
中和,ちゅうわ
町,ちょう
調印,ちょういん
長音,ちょうおん
超過,ちょうか
朝会,ちょうかい
朝刊,ちょうかん
長期,ちょうき
調教,ちょうきょう
彫刻,ちょうこく
彫刻家,ちょうこくか
彫刻刀,ちょうこくとう
調査,ちょうさ
調子,ちょうし
長者,ちょうじゃ
長所,ちょうしょ
長女,ちょうじょ
頂上,ちょうじょう
朝食,ちょうしょく
聴診器,ちょうしんき
調整,ちょうせい
調節,ちょうせつ
朝鮮,ちょうせん
頂戴,ちょうだい
蝶蝶,ちょうちょ
蝶蝶,ちょうちょう
提灯,ちょうちん
頂点,ちょうてん
超特急,ちょうとっきゅう
町内会,ちょうないかい
長男,ちょうなん
重宝,ちょうほう
長方形,ちょうほうけい
調味料,ちょうみりょう
丁目,ちょうめ
帳面,ちょうめん
調理員,ちょうりいん
朝礼,ちょうれい
調和,ちょうわ
チョーク,ちょーく
千代紙,ちよがみ
貯金,ちょきん
直接,ちょくせつ
直線,ちょくせん
直流,ちょくりゅう
チョコレート,ちょこれーと
著者,ちょしゃ
著書,ちょしょ
貯水池,ちょすいち
貯蓄,ちょちく
直角,ちょっかく
直径,ちょっけい
散らし,ちらし
塵,ちり
塵紙,ちりがみ
散り散り,ちりぢり
塵取り,ちりとり
治療,ちりょう
ちろう,ちろう
賃,ちん
ちんぎん,ちんぎん
ちんどん屋,ちんどんや
チンパンジー,ちんぱんじー
沈没,ちんぼつ
沈黙,ちんもく
陳列,ちんれつ
ツアー,つあー
対,つい
追加,ついか
追跡,ついせき
衝立,ついたて
序で,ついで
追突,ついとつ
追放,ついほう
墜落,ついらく
通,つう
通過,つうか
通学,つうがく
通勤,つうきん
通行,つうこう
通行止め,つうこうどめ
通常,つうじょう
通信,つうしん
通知,つうち
ツーピース,つーぴーす
通訳,つうやく
通用,つうよう
通路,つうろ
杖,つえ
つかい,つかい
つかいかた,つかいかた
つかえ,つかえ
つかみ,つかみ
疲れ,つかれ
月,つき
次,つぎ
付き合い,つきあい
突き当たり,つきあたり
付き添い,つきそい
次次,つぎつぎ
月の輪熊,つきのわぐま
継ぎ接ぎ,つぎはぎ
月日,つきひ
月見,つきみ
継ぎ目,つぎめ
机,つくえ
つくり,つくり
作り方,つくりかた
告げ口,つげぐち
漬け菜,つけな
付け髭,つけひげ
漬物,つけもの
都合,つごう
辻,つじ
伝え,つたえ
土,つち
筒,つつ
つっかい棒,つっかいぼう
続き,つづき
包み,つつみ
包み紙,つつみがみ
綴り,つづり
務め,つとめ
勤め先,つとめさき
綱,つな
繋がり,つながり
繋ぎ,つなぎ
つなひき,つなひき
綱渡り,つなわたり
常,つね
角,つの
角笛,つのぶえ
唾,つば
唾,つばき
つばきやま,つばきやま
燕,つばくろ
翼,つばさ
燕,つばめ
粒,つぶ
潰し,つぶし
壷,つぼ
つぼみ,つぼみ
妻,つま
爪先,つまさき
つまみ,つまみ
摘み食い,つまみぐい
つまり,つまり
摘み,つみ
積み木,つみき
積み荷,つみに
頭,つむり
爪,つめ
爪切り,つめきり
積もり,つもり
艶,つや
露,つゆ
強がり,つよがり
強気,つよき
強さ,つよさ
釣り,つり
釣り合い,つりあい
吊革,つりかわ
釣銭,つりせん
つりばし,つりばし
釣堀,つりぼり
蔓,つる
連れ,つれ
聾,つんぼ
手足,てあし
手当,てあて
手洗い,てあらい
提案,ていあん
ティーバッグ,てぃーばっぐ
定員,ていいん
庭園,ていえん
低温,ていおん
定価,ていか
定期,ていき
定期券,ていきけん
定休日,ていきゅうび
提供,ていきょう
抵抗,ていこう
体裁,ていさい
停止,ていし
停車,ていしゃ
停車場,ていしゃじょう
提出,ていしゅつ
定食,ていしょく
ディスク,でぃすく
訂正,ていせい
定着,ていちゃく
停電,ていでん
程度,ていど
ていねい,ていねい
堤防,ていぼう
出入り,でいり
出入り口,でいりぐち
停留所,ていりゅうじょ
手入れ,ていれ
テープ,てーぷ
テーブル,てーぶる
テーブルクロス,てーぶるくろす
ておくれ,ておくれ
手桶,ておけ
てがかり,てがかり
手数,てかず
手形,てがた
手紙,てがみ
手柄,てがら
敵,てき
出来,でき
出来上がり,できあがり
適応,てきおう
てきか,てきか
出来事,できごと
テキスト,てきすと
適切,てきせつ
出来立て,できたて
適用,てきよう
手際,てぎわ
出口,でぐち
手首,てくび
てこ,てこ
手頃,てごろ
デザート,でざーと
デザイン,でざいん
手先,てさき
手探り,てさぐり
手提げ,てさげ
手触り,てざわり
弟子,でし
手品,てじな
でしゃばり,でしゃばり
手順,てじゅん
手数,てすう
手数料,てすうりょう
テスト,てすと
手摺,てすり
出初め式,でぞめしき
手助け,てだすけ
出鱈目,でたらめ
手違い,てちがい
手帳,てちょう
鉄,てつ
哲学,てつがく
手掴み,てづかみ
鉄管,てっかん
手つき,てつき
鉄橋,てっきょう
鉄筋,てっきん
手作り,てづくり
鉄鉱,てっこう
鉄材,てつざい
鉄製,てつせい
手続き,てつづき
徹底,てってい
鉄道,てつどう
出っ張り,でっぱり
鉄板,てっぱん
鉄瓶,てつびん
天辺,てっぺん
鉄棒,てつぼう
鉄砲,てっぽう
徹夜,てつや
テトラポット,てとらぽっと
テニス,てにす
手荷物,てにもつ
手拭,てぬぐい
掌,てのひら
デパート,でぱーと
手配,てはい
手筈,てはず
出張り,でばり
手引き,てびき
手拍子,てびょうし
手袋,てぶくろ
デフレ,でふれ
手本,てほん
手間,てま
手前,てまえ
出前,でまえ
出任せ,でまかせ
手招き,てまねき
てまり,てまり
出迎え,でむかえ
てもと,てもと
寺,てら
テラス,てらす
照り,てり
デリー,でりー
照る照る坊主,てるてるぼうず
テレビ,てれび
テレビ局,てれびきょく
手分け,てわけ
天,てん
電圧,でんあつ
電位,でんい
店員,てんいん
田園,でんえん
天下,てんか
殿下,でんか
展開,てんかい
電界,でんかい
天気,てんき
電気,でんき
天気雨,てんきあめ
電気スタンド,でんきすたんど
電気掃除機,でんきそうじき
電気分解,でんきぶんかい
電球,でんきゅう
天気予報,てんきよほう
転勤,てんきん
天狗,てんぐ
典型,てんけい
点検,てんけん
電源,でんげん
天候,てんこう
電光板,でんこうばん
天国,てんごく
伝言板,でんごんばん
天才,てんさい
天使,てんし
点字,てんじ
電子,でんし
電子配置,でんしはいち
電車,でんしゃ
天井,てんじょう
電子ライター,でんしらいたー
電信柱,でんしんばしら
点数,てんすう
伝説,でんせつ
点線,てんせん
電線,でんせん
伝染病,でんせんびょう
電卓,でんたく
電池,でんち
電柱,でんちゅう
点滴,てんてき
天手古舞,てんてこまい
でんでん虫,でんでんむし
テント,てんと
電灯,でんとう
天道虫,てんとうむし
天然,てんねん
天皇,てんのう
電波,でんぱ
天秤,てんびん
てんぷく,てんぷく
澱粉,でんぷん
電報,でんぽう
展望台,てんぼうだい
天文学,てんもんがく
天文台,てんもんだい
展覧会,てんらんかい
電流,でんりゅう
電力,でんりょく
電話,でんわ
電話帳,でんわちょう
電話番号,でんわばんごう
電話ボックス,でんわぼっくす
ドア,どあ
度合い,どあい
樋,とい
砥石,といし
ドイツ語,どいつご
問屋,といや
トイレ,といれ
塔,とう
胴,どう
答案,とうあん
答案用紙,とうあんようし
同意,どうい
統一,とういつ
同一,どういつ
投影,とうえい
同化,どうか
東海道,とうかいどう
とうがらし,とうがらし
同感,どうかん
陶器,とうき
動機,どうき
闘牛,とうぎゅう
闘牛士,とうぎゅうし
東京,とうきょう
東京都,とうきょうと
道具,どうぐ
峠,とうげ
統計,とうけい
登校,とうこう
動作,どうさ
東西,とうざい
父様,とうさま
父さん,とうさん
父さん狐,とうさんきつね
父さん狸,とうさんたぬき
投資,とうし
当時,とうじ
同士,どうし
同時,どうじ
当日,とうじつ
投書,とうしょ
登場,とうじょう
同情,どうじょう
同数,どうすう
統制,とうせい
同性,どうせい
当選,とうせん
同窓,どうそう
銅像,どうぞう
同窓会,どうそうかい
灯台,とうだい
到達,とうたつ
到着,とうちゃく
父ちゃん,とうちゃん
同点,どうてん
道徳,どうとく
盗難,とうなん
盗難防止,とうなんぼうし
導入,どうにゅう
当人,とうにん
当番,とうばん
投票,とうひょう
豆腐,とうふ
東部,とうぶ
同封,どうふう
動物,どうぶつ
動物園,どうぶつえん
東北,とうほく
冬眠,とうみん
透明,とうめい
同盟,どうめい
灯油,とうゆ
東洋,とうよう
童謡,どうよう
当用漢字,とうようかんじ
道理,どうり
当量,とうりょう
動力,どうりょく
道路,どうろ
灯篭,とうろう
道路管理部,どうろかんりぶ
登録,とうろく
道路工事,どうろこうじ
討論,とうろん
童話,どうわ
十,とお
十日,とおか
遠く,とおく
通し,とおし
トースト,とーすと
通せん坊,とおせんぼ
トーテムポール,とーてむぽーる
ドーナツ,どーなつ
とおまわり,とおまわり
通り,とおり
通り雨,とおりあめ
都会,とかい
尖り,とがり
土管,どかん
時,とき
度胸,どきょう
徒競争,ときょうそう
得,とく
毒,どく
得意,とくい
独裁,どくさい
独裁者,どくさいしゃ
特産,とくさん
読者,どくしゃ
特殊,とくしゅ
読書,どくしょ
特色,とくしょく
独身,どくしん
独占,どくせん
戸口,とぐち
特長,とくちょう
特定,とくてい
特売,とくばい
読本,とくほん
毒薬,どくやく
特有,とくゆう
独立,どくりつ
とぐろ,とぐろ
とげ,とげ
床,とこ
床の間,とこのま
床屋,とこや
ところ,ところ
所所,ところどころ
登山,とざん
とし,とし
年上,としうえ
年越し,としこし
年頃,としごろ
年下,としした
年月,としつき
戸締まり,とじまり
土砂崩れ,どしゃくずれ
土砂降り,どしゃぶり
土砂降り雨,どしゃぶりあめ
図書,としょ
土壌,どじょう
図書係,としょがかり
図書館,としょかん
図書室,としょしつ
どじょっこ,どじょっこ
年寄り,としより
都心,としん
土人,どじん
土足,どそく
戸棚,とだな
途端,とたん
土地,とち
土着,どちゃく
途中,とちゅう
凸,とつ
読解,どっかい
特急,とっきゅう
特許,とっきょ
疾っく,とっく
特権,とっけん
咄嗟,とっさ
ドッジボール,どっじぼーる
とって,とって
突破,とっぱ
トップ,とっぷ
土手,どて
都電,とでん
届け,とどけ
都内,とない
隣,となり
隣り合わせ,となりあわせ
隣村,となりむら
何の位,どのくらい
殿様,とのさま
何の辺,どのへん
鳶,とび
飛び石,とびいし
飛魚,とびうお
飛び切り,とびきり
とびばこ,とびばこ
土俵,どひょう
扉,とびら
土瓶,どびん
溝,どぶ
徒歩,とほ
土間,どま
トマト,とまと
とまり,とまり
止まれ,とまれ
富,とみ
留め金,とめがね
友,とも
共稼ぎ,ともかせぎ
共働き,ともばたらき
土曜,どよう
土曜日,どようび
虎,とら
ドライバー,どらいばー
ドライブ,どらいぶ
ドライヤー,どらいやー
トラック,とらっく
ドラマ,どらま
トランク,とらんく
トランシーバー,とらんしーばー
トランジスタ,とらんじすた
トランプ,とらんぷ
トランポリン,とらんぽりん
鳥,とり
取り扱い,とりあつかい
取り合わせ,とりあわせ
鳥居,とりい
鳥篭,とりかご
取り消し,とりけし
鳥小屋,とりごや
取り締まり,とりしまり
取り次ぎ,とりつぎ
鳥肉,とりにく
鳥肌,とりはだ
取り引き,とりひき
塗料,とりょう
努力,どりょく
ドル,どる
ドレス,どれす
泥,どろ
泥だらけ,どろだらけ
トロッコ,とろっこ
どろぼう,どろぼう
泥んこ,どろんこ
トン,とん
とんかち,とんかち
豚カツ,とんかつ
鈍感,どんかん
トンキー,とんきー
団栗,どんぐり
とんち,とんち
とんちき,とんちき
とんとん,とんとん
トンネル,とんねる
鳶,とんび
丼,どんぶり
問屋,とんや
名宛,なあて
内,ない
内科,ないか
内閣,ないかく
ないしょ,ないしょ
内心,ないしん
内臓,ないぞう
ナイチンゲール,ないちんげーる
ナイフ,ないふ
内部,ないぶ
内面,ないめん
内容,ないよう
ナイロン,ないろん
苗,なえ
直し,なおし
直れ,なおれ
なか,なか
長,なが
長雨,ながあめ
長生き,ながいき
長靴,ながぐつ
中頃,なかごろ
長さ,ながさ
長崎,ながさき
流し,ながし
中島,なかじま
仲直り,なかなおり
中庭,なかにわ
半ば,なかば
中程,なかほど
仲間,なかま
中幕,なかまく
仲間外れ,なかまはずれ
なかみ,なかみ
中村,なかむら
眺め,ながめ
中指,なかゆび
なかよし,なかよし
流れ,ながれ
流れ星,ながれぼし
泣き,なき
泣き顔,なきがお
なきごえ,なきごえ
泣き面,なきつら
泣きべそ,なきべそ
泣き笑い,なきわらい
投げ,なげ
名古屋,なごや
情け,なさけ
梨,なし
茄子,なす
謎,なぞ
謎謎,なぞなぞ
夏,なつ
納豆,なっとう
納得,なっとく
菜っ葉,なっぱ
夏休み,なつやすみ
七,なな
七十,ななじゅう
七つ,ななつ
斜め,ななめ
何事,なにごと
七日,なぬか
七日,なのか
菜の花,なのはな
ナプキン,なぷきん
名札,なふだ
鍋,なべ
生,なま
生意気,なまいき
名前,なまえ
鯰,なまず
鉛,なまり
波,なみ
波打ち際,なみうちぎわ
並木,なみき
涙,なみだ
悩み,なやみ
奈良,なら
習い,ならい
並び,ならび
鳴り,なり
縄,なわ
苗代,なわしろ
なわとび,なわとび
何回,なんかい
南極,なんきょく
何時,なんじ
何十,なんじゅう
何千,なんぜん
何度,なんど
何日,なんにち
何年,なんねん
何百,なんびゃく
南部,なんぶ
何分間,なんぷんかん
南米,なんべい
何遍,なんべん
南北,なんぼく
何本,なんぼん
似合い,にあい
新潟,にいがた
ニーズ,にーず
にいちゃん,にいちゃん
におい,におい
二階,にかい
二月,にがつ
苦手,にがて
苦笑い,にがわらい
握り,にぎり
肉,にく
憎しみ,にくしみ
肉体,にくたい
肉屋,にくや
逃げ道,にげみち
二酸化,にさんか
二酸化炭素,にさんかたんそ
西,にし
虹,にじ
錦,にしき
二十,にじゅう
二乗,にじょう
ニス,にす
にせ,にせ
二世,にせい
にせもの,にせもの
荷台,にだい
日,にち
日豪,にちごう
日時,にちじ
日常,にちじょう
日曜,にちよう
日曜大工,にちようだいく
日曜日,にちようび
日用品,にちようひん
日課,にっか
日課表,にっかひょう
日記,にっき
にづくり,にづくり
日光,にっこう
日光浴,にっこうよく
日誌,にっし
にっしょく,にっしょく
日数,にっすう
日中,にっちゅう
日程,にってい
日本,にっぽん
日本一,にっぽんいち
二年生,にねんせい
二百,にひゃく
荷札,にふだ
日本,にほん
日本海,にほんかい
日本銀行,にほんぎんこう
日本語,にほんご
日本食,にほんしょく
日本人,にほんじん
日本晴れ,にほんばれ
日本舞踊,にほんぶよう
荷物,にもつ
煮物,にもの
乳,にゅう
入院,にゅういん
入園式,にゅうえんしき
入学,にゅうがく
入学式,にゅうがくしき
ニュークリア,にゅーくりあ
入国,にゅうこく
入社,にゅうしゃ
入賞,にゅうしょう
入場,にゅうじょう
入場券,にゅうじょうけん
入場門,にゅうじょうもん
ニュース,にゅーす
入道雲,にゅうどうぐも
ニューヨーク,にゅーよーく
入浴,にゅうよく
尿素,にょうそ
睨み,にらみ
睨めっこ,にらめっこ
庭,にわ
俄雨,にわかあめ
鶏,にわとり
人,にん
人気,にんき
人気者,にんきもの
人魚,にんぎょ
人形,にんぎょう
人形劇,にんぎょうげき
人間,にんげん
認識,にんしき
人情,にんじょう
妊娠,にんしん
人参,にんじん
人数,にんず
人数,にんずう
任務,にんむ
任命,にんめい
縫い,ぬい
縫いぐるみ,ぬいぐるみ
縫い物,ぬいもの
糠,ぬか
温もり,ぬくもり
ぬけがら,ぬけがら
主,ぬし
盗人,ぬすっと
盗人,ぬすびと
盗み,ぬすみ
布,ぬの
沼,ぬま
塗り,ぬり
塗り絵,ぬりえ
値上がり,ねあがり
値上げ,ねあげ
値打ち,ねうち
姉さん狐,ねえさんぎつね
姉ちゃん,ねえちゃん
ネオンサイン,ねおんさいん
願い,ねがい
願い事,ねがいごと
寝返り,ねがえり
寝顔,ねがお
葱,ねぎ
ネクタイ,ねくたい
猫,ねこ
寝言,ねごと
猫柳,ねこやなぎ
値下がり,ねさがり
値下げ,ねさげ
鼠,ねずみ
寝相,ねぞう
ねだり,ねだり
値段,ねだん
熱,ねつ
ネックレス,ねっくれす
根っこ,ねっこ
熱心,ねっしん
熱帯,ねったい
熱帯魚,ねったいぎょ
熱中,ねっちゅう
ネット,ねっと
熱湯,ねっとう
熱容量,ねつようりょう
熱量,ねつりょう
寝床,ねどこ
粘り,ねばり
寝冷え,ねびえ
値引き,ねびき
寝坊,ねぼう
寝ぼけ眼,ねぼけまなこ
ねまき,ねまき
眠り姫,ねむりひめ
ねもと,ねもと
狙い,ねらい
年,ねん
年賀,ねんが
年賀状,ねんがじょう
年月日,ねんがっぴ
年間,ねんかん
年月,ねんげつ
年号,ねんごう
年中,ねんじゅう
年少組,ねんしょうぐみ
年代,ねんだい
年中組,ねんちゅうぐみ
年長組,ねんちょうぐみ
粘土,ねんど
年末,ねんまつ
燃料,ねんりょう
年輪,ねんりん
年齢,ねんれい
脳,のう
農家,のうか
能楽,のうがく
農業,のうぎょう
農産物,のうさんぶつ
農場,のうじょう
農村,のうそん
農地,のうち
濃度,のうど
農繁期,のうはんき
農牧業,のうぼくぎょう
農民,のうみん
農薬,のうやく
能率,のうりつ
能力,のうりょく
農林,のうりん
ノート,のーと
軒,のき
野菊,のぎく
軒下,のきした
鋸,のこぎり
残り,のこり
残り物,のこりもの
のぞき,のぞき
望み,のぞみ
後,のち
ノック,のっく
ノックアウト,のっくあうと
野っぱら,のっぱら
のっぽ,のっぽ
のっぽ杉,のっぽすぎ
のど,のど
野鼠,のねずみ
野原,のはら
野原中,のはらじゅう
のび,のび
伸び縮み,のびちぢみ
延べ,のべ
のぼり,のぼり
蚤,のみ
飲み水,のみみず
飲み物,のみもの
野山,のやま
糊,のり
乗り降り,のりおり
乗り換え,のりかえ
乗り越し,のりこし
乗り物,のりもの
乗り物ごっこ,のりものごっこ
暖簾,のれん
のろま,のろま
場合,ばあい
バーゲンセール,ばーげんせーる
ばあさま,ばあさま
パーセント,ぱーせんと
パーティー,ぱーてぃー
バーベキュー,ばーべきゅー
パーマ,ぱーま
ハーモニカ,はーもにか
婆や,ばあや
灰,はい
倍,ばい
パイ,ぱい
灰色,はいいろ
梅雨,ばいう
バイオリン,ばいおりん
配給,はいきゅう
黴菌,ばいきん
ハイキング,はいきんぐ
俳句,はいく
バイク,ばいく
拝啓,はいけい
拝見,はいけん
灰皿,はいざら
廃止,はいし
媒質,ばいしつ
歯医者,はいしゃ
歯医者さん,はいしゃさん
排出,はいしゅつ
賠償,ばいしょう
排水,はいすい
排斥,はいせき
敗戦,はいせん
配達,はいたつ
配置,はいち
売店,ばいてん
パイナップル,ぱいなっぷる
這い這い,はいはい
売買,ばいばい
パイプ,ぱいぷ
敗北,はいぼく
俳優,はいゆう
はいれつ,はいれつ
蝿,はえ
羽織,はおり
破壊,はかい
葉書,はがき
袴,はかま
秤,はかり
吐き気,はきけ
パキスタン,ぱきすたん
履き物,はきもの
泊,はく
爆撃,ばくげき
白菜,はくさい
博士,はくし
拍手,はくしゅ
白状,はくじょう
白線,はくせん
爆弾,ばくだん
白鳥,はくちょう
爆発,ばくはつ
博物館,はくぶつかん
白墨,はくぼく
歯車,はぐるま
暴露,ばくろ
禿,はげ
化け,ばけ
化け方,ばけかた
バケツ,ばけつ
化けっこ,ばけっこ
化け物,ばけもの
派遣,はけん
箱,はこ
羽子板,はごいた
箱根,はこね
運び,はこび
バザー,ばざー
婆様,ばさま
鋏,はさみ
挟み撃ち,はさみうち
破産,はさん
端,はし
恥,はじ
はしご,はしご
始まり,はじまり
はじめ,はじめ
始め頃,はじめごろ
馬車,ばしゃ
パジャマ,ぱじゃま
場所,ばしょ
柱,はしら
走り,はしり
はしりたかとび,はしりたかとび
はしりはばとび,はしりはばとび
蓮,はす
筈,はず
バス,ばす
パス,ぱす
バスケット,ばすけっと
バス停,ばすてい
パスポート,ぱすぽーと
弾み,はずみ
パズル,ぱずる
外れ,はずれ
パソコン,ぱそこん
破損,はそん
旗,はた
はだ,はだ
バター,ばたー
裸,はだか
叩き,はたき
肌着,はだぎ
はたけ,はたけ
働き,はたらき
働き者,はたらきもの
八,はち
罰,ばち
鉢合わせ,はちあわせ
八月,はちがつ
八十,はちじゅう
鉢巻き,はちまき
蜂蜜,はちみつ
波長,はちょう
初,はつ
罰,ばつ
発育,はついく
撥音,はつおん
発揮,はっき
白金,はっきん
バック,ばっく
バッグ,ばっぐ
発掘,はっくつ
発見,はっけん
発言,はつげん
発行,はっこう
バッジ,ばっじ
初霜,はつしも
発車,はっしゃ
発生,はっせい
発達,はったつ
発展,はってん
発電,はつでん
発電所,はつでんしょ
バット,ばっと
葉っぱ,はっぱ
発売,はつばい
発病,はつびょう
発表,はっぴょう
発表会,はっぴょうかい
発明,はつめい
初詣,はつもうで
果て,はて
派手,はで
鳩,はと
馬頭琴,ばとうきん
パトカー,ぱとかー
バドミントン,ばどみんとん
パトロールカー,ぱとろーるかー
はな,はな
花係,はながかり
花盛り,はなざかり
話,はなし
話し合い,はなしあい
話し声,はなしごえ
話し言葉,はなしことば
花束,はなたば
鼻血,はなぢ
バナナ,ばなな
はなばたけ,はなばたけ
花火,はなび
花びら,はなびら
花見,はなみ
花屋,はなや
花嫁,はなよめ
離れ,はなれ
離れ離れ,はなればなれ
はなわ,はなわ
埴輪,はにわ
羽,はね
ばね,ばね
羽根突き,はねつき
母,はは
はば,はば
パパ,ぱぱ
母親,ははおや
派閥,はばつ
はばとび,はばとび
婆抜き,ばばぬき
歯ブラシ,はぶらし
浜,はま
蛤,はまぐり
浜辺,はまべ
歯磨,はみがき
ハム,はむ
ハムスター,はむすたー
場面,ばめん
波紋,はもん
早起き,はやおき
早く,はやく
早口,はやくち
早口言葉,はやくちことば
はやさ,はやさ
林,はやし
早寝,はやね
早引き,はやびき
はやびけ,はやびけ
原,はら
払い,はらい
パラシュート,ぱらしゅーと
腹鼓,はらづつみ
原っぱ,はらっぱ
腹巻き,はらまき
腸,はらわた
バランス,ばらんす
はり,はり
パリ,ぱり
張り合い,はりあい
張り絵,はりえ
針金,はりがね
張り紙,はりがみ
針鼠,はりねずみ
春,はる
春風,はるかぜ
はるこ,はるこ
はるみ,はるみ
春休み,はるやすみ
晴れ,はれ
バレー,ばれー
パレード,ぱれーど
バレーボール,ばれーぼーる
晴れ着,はれぎ
パレット,ぱれっと
パワーショベル,ぱわーしょべる
ハワイ,はわい
半,はん
晩,ばん
範囲,はんい
繁栄,はんえい
版画,はんが
ハンガー,はんがー
半額,はんがく
ハンカチ,はんかち
ハンカチーフ,はんかちーふ
反感,はんかん
反響,はんきょう
パンク,ぱんく
番組,ばんぐみ
半径,はんけい
反撃,はんげき
判子,はんこ
反抗,はんこう
番号,ばんごう
バンコク,ばんこく
万国旗,ばんこっき
晩御飯,ばんごはん
万歳,ばんざい
反作用,はんさよう
半紙,はんし
判事,はんじ
反射,はんしゃ
繁盛,はんじょう
繁殖,はんしょく
反省,はんせい
伴奏,ばんそう
反則,はんそく
パンダ,ぱんだ
反対,はんたい
反対側,はんたいがわ
判断,はんだん
番地,ばんち
パンチ,ぱんち
パンツ,ぱんつ
半月,はんつき
はんてん,はんてん
バンド,ばんど
半島,はんとう
半年,はんとし
ハンドバッグ,はんどばっぐ
ハンドブック,はんどぶっく
ハンドル,はんどる
半日,はんにち
犯人,はんにん
番人,ばんにん
晩年,ばんねん
反応,はんのう
ハンバーガー,はんばーがー
ハンバーグ,はんばーぐ
販売,はんばい
パンフレット,ぱんふれっと
半分,はんぶん
ハンマー,はんまー
反面,はんめん
ハンモック,はんもっく
パン屋,ぱんや
はんらん,はんらん
日当たり,ひあたり
ビーカー,びーかー
ビーズ,びーず
ヒーター,ひーたー
ビー玉,びーだま
ビーチパラソル,びーちぱらそる
ビーチボール,びーちぼーる
ピーナッツ,ぴーなっつ
冷え,ひえ
被害,ひがい
控え室,ひかえしつ
日帰り,ひがえり
比較,ひかく
ひかげ,ひかげ
日傘,ひがさ
東,ひがし
光,ひかり
彼岸,ひがん
引き算,ひきざん
引き出し,ひきだし
挽き肉,ひきにく
卑怯,ひきょう
引き分け,ひきわけ
ピクニック,ぴくにっく
日暮れ,ひぐれ
ひげ,ひげ
悲劇,ひげき
飛行,ひこう
飛行機,ひこうき
飛行機雲,ひこうきぐも
飛行場,ひこうじょう
飛行船,ひこうせん
日頃,ひごろ
膝,ひざ
ビザ,びざ
膝頭,ひざがしら
膝小僧,ひざこぞう
ひさし,ひさし
ひざし,ひざし
久し振り,ひさしぶり
ひじ,ひじ
ひしゃく,ひしゃく
美術,びじゅつ
美術館,びじゅつかん
避暑,ひしょ
微笑,びしょう
非常口,ひじょうぐち
非常識,ひじょうしき
びしょ濡れ,びしょぬれ
美人,びじん
ビスケット,びすけっと
ピストル,ぴすとる
歪み,ひずみ
襞,ひだ
額,ひたい
浸し,ひたし
左,ひだり
左側,ひだりがわ
左利き,ひだりきき
左手,ひだりて
引っ掛かり,ひっかかり
筆記,ひっき
びっくり,びっくり
びっくり箱,びっくりばこ
日付,ひづけ
引っ越し,ひっこし
引っ込み,ひっこみ
羊,ひつじ
羊飼い,ひつじかい
筆者,ひっしゃ
必然,ひつぜん
必要,ひつよう
否定,ひてい
ビデオ,びでお
人,ひと
人足,ひとあし
一息,ひといき
人影,ひとかげ
人柄,ひとがら
一口,ひとくち
一言,ひとこと
人事,ひとごと
人込み,ひとごみ
人差し指,ひとさしゆび
人だかり,ひとだかり
人違い,ひとちがい
一つ,ひとつ
一月,ひとつき
一つ一つ,ひとつひとつ
人手,ひとで
一通り,ひととおり
人通り,ひとどおり
一飛び,ひととび
ひとのみ,ひとのみ
人人,ひとびと
一筆書き,ひとふでがき
人任せ,ひとまかせ
一纏め,ひとまとめ
瞳,ひとみ
人目,ひとめ
一休み,ひとやすみ
独り言,ひとりごと
独り立ち,ひとりだち
一人一人,ひとりひとり
一人一人,ひとりびとり
雛,ひな
雛菊,ひなぎく
雛人形,ひなにんぎょう
雛祭り,ひなまつり
ひなん,ひなん
避難訓練,ひなんくんれん
ビニールハウス,びにーるはうす
ビニール袋,びにーるぶくろ
皮肉,ひにく
ビニル,びにる
比熱,ひねつ
日の入り,ひのいり
火の粉,ひのこ
日の出,ひので
日延べ,ひのべ
日の丸,ひのまる
火箸,ひばし
火鉢,ひばち
火花,ひばな
批判,ひはん
ひび,ひび
響き,ひびき
批評,ひひょう
皮膚,ひふ
暇,ひま
秘密,ひみつ
姫,ひめ
悲鳴,ひめい
紐,ひも
干物,ひもの
百,ひゃく
百姓,ひゃくしょう
ひやけ,ひやけ
ひゃっかじてん,ひゃっかじてん
百貨店,ひゃっかてん
表,ひょう
費用,ひよう
秒,びょう
美容,びよう
病院,びょういん
美容院,びよういん
評価,ひょうか
病気,びょうき
表現,ひょうげん
標語,ひょうご
ひょうさつ,ひょうさつ
氷山,ひょうざん
拍子,ひょうし
標識,ひょうしき
拍子木,ひょうしぎ
病室,びょうしつ
描写,びょうしゃ
標準,ひょうじゅん
標準語,ひょうじゅんご
表彰,ひょうしょう
表情,ひょうじょう
標線,ひょうせん
瓢箪,ひょうたん
平等,びょうどう
病人,びょうにん
評判,ひょうばん
屏風,びょうぶ
標本,ひょうほん
表面,ひょうめん
表裏,ひょうり
評論,ひょうろん
日除け,ひよけ
雛,ひよこ
開き,ひらき
ピラミッド,ぴらみっど
びり,びり
比率,ひりつ
肥料,ひりょう
昼,ひる
ビル,びる
昼御飯,ひるごはん
ビルディング,びるでぃんぐ
昼寝,ひるね
昼間,ひるま
ビルマ,びるま
昼休み,ひるやすみ
鰭,ひれ
比例,ひれい
拾い,ひろい
拾い物,ひろいもの
疲労,ひろう
ひろがり,ひろがり
広さ,ひろさ
広島,ひろしま
広場,ひろば
品,ひん
びん,びん
ピン,ぴん
敏感,びんかん
ピンク,ぴんく
品詞,ひんし
品質,ひんしつ
貧弱,ひんじゃく
ピンセット,ぴんせっと
便箋,びんせん
びんづめ,びんづめ
貧乏,びんぼう
貧乏汽車,びんぼうぎしゃ
貧乏人,びんぼうにん
ピンぼけ,ぴんぼけ
ピンポン,ぴんぽん
ファーブル,ふぁーぶる
ファイト,ふぁいと
ファスナー,ふぁすなー
ファックス,ふぁっくす
ファン,ふぁん
不安,ふあん
不意,ふい
ブイ,ぶい
フィルム,ふぃるむ
風,ふう
風変わり,ふうがわり
風景,ふうけい
風車,ふうしゃ
風習,ふうしゅう
風船,ふうせん
風俗,ふうぞく
ブーツ,ぶーつ
封筒,ふうとう
夫婦,ふうふ
ブーム,ぶーむ
風鈴,ふうりん
プール,ぷーる
不運,ふうん
笛,ふえ
フェリー,ふぇりー
フェリーボート,ふぇりーぼーと
フェルトペン,ふぇるとぺん
フォーク,ふぉーく
フォークダンス,ふぉーくだんす
不可,ふか
部下,ぶか
深さ,ふかさ
不可能,ふかのう
不完全,ふかんぜん
武器,ぶき
不機嫌,ふきげん
不規則,ふきそく
不吉,ふきつ
吹きっさらし,ふきっさらし
不気味,ぶきみ
普及,ふきゅう
不況,ふきょう
不器用,ぶきよう
ふきん,ふきん
服,ふく
不具,ふぐ
福岡,ふくおか
複雑,ふくざつ
副詞,ふくし
復習,ふくしゅう
服従,ふくじゅう
複数,ふくすう
服装,ふくそう
福引き,ふくびき
含み,ふくみ
覆面,ふくめん
ふくら脛,ふくらはぎ
ふくらみ,ふくらみ
ふくれ,ふくれ
ふくれっ面,ふくれっつら
袋,ふくろ
梟,ふくろう
腹話術,ふくわじゅつ
父兄,ふけい
不景気,ふけいき
不潔,ふけつ
不孝,ふこう
符号,ふごう
不公平,ふこうへい
房,ふさ
ブザー,ぶざー
夫妻,ふさい
不在,ふざい
塞がり,ふさがり
無沙汰,ぶさた
節,ふし
藤,ふじ
武士,ぶし
無事,ぶじ
節穴,ふしあな
ふしあわせ,ふしあわせ
不思議,ふしぎ
富士山,ふじさん
不自然,ふしぜん
部首,ぶしゅ
不自由,ふじゆう
負傷,ふしょう
武将,ぶしょう
不正直,ふしょうじき
不承知,ふしょうち
侮辱,ぶじょく
夫人,ふじん
不親切,ふしんせつ
襖,ふすま
ふせぎ,ふせぎ
不足,ふそく
ふぞく,ふぞく
二,ふた
札,ふだ
豚,ぶた
舞台,ぶたい
ふたご,ふたご
豚小屋,ぶたごや
二つ,ふたつ
豚肉,ぶたにく
負担,ふたん
ふだん,ふだん
普段着,ふだんぎ
縁,ふち
斑,ぶち
不注意,ふちゅうい
物,ぶつ
不通,ふつう
物価,ぶっか
復活,ふっかつ
仏教,ぶっきょう
物資,ぶっし
物質,ぶっしつ
沸石,ふっせき
弗素,ふっそ
物体,ぶったい
仏壇,ぶつだん
沸点,ふってん
沸騰,ふっとう
フットボール,ふっとぼーる
物理,ぶつり
筆,ふで
筆箱,ふでばこ
舞踏,ぶとう
葡萄,ぶどう
懐,ふところ
ふとん,ふとん
鮒,ふな
船乗り,ふなのり
船便,ふなびん
無難,ぶなん
ふね,ふね
不熱心,ふねっしん
不必要,ふひつよう
部品,ぶひん
部分,ぶぶん
不平,ふへい
不便,ふべん
不勉強,ふべんきょう
父母,ふぼ
父母会,ふぼかい
不満,ふまん
踏切,ふみきり
踏み台,ふみだい
不明,ふめい
不名誉,ふめいよ
麓,ふもと
冬,ふゆ
不愉快,ふゆかい
冬篭もり,ふゆごもり
冬猫,ふゆねこ
冬休み,ふゆやすみ
フライパン,ふらいぱん
ブラインド,ぶらいんど
ブラウス,ぶらうす
プラグ,ぷらぐ
ブラシ,ぶらし
ブラジル,ぶらじる
プラス,ぷらす
プラスチック,ぷらすちっく
ブラスバンド,ぶらすばんど
フラッシュ,ふらっしゅ
ブラッシュ,ぶらっしゅ
プラネタリウム,ぷらねたりうむ
プラモデル,ぷらもでる
プラン,ぷらん
ぶらんこ,ぶらんこ
フランス,ふらんす
フランス語,ふらんすご
降り,ふり
振り掛け,ふりかけ
振り子,ふりこ
振り出し,ふりだし
不良,ふりょう
フリル,ふりる
プリン,ぷりん
プリント,ぷりんと
篩,ふるい
フルーツパフェ,ふるーつぱふぇ
震え,ふるえ
古着,ふるぎ
ふるさと,ふるさと
ブルドーザー,ぶるどーざー
古本,ふるほん
無礼,ぶれい
ブレーキ,ぶれーき
フレーズ,ふれーず
ブレーメン,ぶれーめん
プレゼント,ぷれぜんと
風呂,ふろ
プロ,ぷろ
ブローチ,ぶろーち
ふろく,ふろく
風呂敷,ふろしき
ブロック,ぶろっく
フロッピー,ふろっぴー
風呂場,ふろば
プロパンガス,ぷろぱんがす
プロペラ,ぷろぺら
プロレス,ぷろれす
フロント,ふろんと
分,ふん
分,ぶん
雰囲気,ふんいき
噴火,ふんか
文化,ぶんか
憤慨,ふんがい
分解,ぶんかい
文学,ぶんがく
文化クラブ,ぶんかくらぶ
文化財,ぶんかざい
分割,ぶんかつ
分業,ぶんぎょう
文芸,ぶんげい
文献,ぶんけん
文語,ぶんご
分散,ぶんさん
分子,ぶんし
紛失,ふんしつ
文書,ぶんしょ
文章,ぶんしょう
噴水,ふんすい
分数,ぶんすう
分析,ぶんせき
文体,ぶんたい
分担,ぶんたん
文鳥,ぶんちょう
分銅,ふんどう
分配,ぶんぱい
踏ん張り,ふんばり
分布,ぶんぷ
分母,ぶんぼ
文法,ぶんぽう
文房具,ぶんぼうぐ
文房具店,ぶんぼうぐてん
文房具屋,ぶんぼうぐや
粉末,ふんまつ
文脈,ぶんみゃく
文明,ぶんめい
分野,ぶんや
分離,ぶんり
分量,ぶんりょう
分類,ぶんるい
分裂,ぶんれつ
ヘアピン,へあぴん
兵,へい
陛下,へいか
閉会,へいかい
平気,へいき
平均,へいきん
平均台,へいきんだい
平行,へいこう
米国,べいこく
平日,へいじつ
平成,へいせい
平生,へいぜい
兵隊,へいたい
閉店,へいてん
平方,へいほう
平方根,へいほうこん
平凡,へいぼん
平面,へいめん
平野,へいや
平和,へいわ
ページ,ぺーじ
北京,ぺきん
臍,へそ
別,べつ
ベッド,べっど
ペット,ぺっと
ヘッドホーン,へっどほーん
ベテラン,べてらん
ぺてん,ぺてん
紅,べに
蛇,へび
箆,へら
縁,へり
ペリカン,ぺりかん
ヘリコプター,へりこぷたー
ヘリポート,へりぽーと
ベル,べる
ベルギー,べるぎー
ベルト,べると
ヘルメット,へるめっと
ベルリン,べるりん
ベレー帽,べれーぼう
ペレスねずみ,ぺれすねずみ
べろ,べろ
辺,へん
便,べん
ペン,ぺん
変化,へんか
ペンキ屋,ぺんきや
勉強,べんきょう
ペンギン,ぺんぎん
変形,へんけい
偏見,へんけん
弁護,べんご
変更,へんこう
弁護士,べんごし
返済,へんさい
偏在,へんざい
へんじ,へんじ
へんしゅう,へんしゅう
便所,べんじょ
弁償,べんしょう
変装,へんそう
ベンチ,べんち
ペンチ,ぺんち
弁当,べんとう
便利,べんり
保育園,ほいくえん
保育所,ほいくじょ
母音,ぼいん
方,ほう
帽,ぼう
防衛,ぼうえい
貿易,ぼうえき
望遠鏡,ぼうえんきょう
防火,ぼうか
ほうかい,ほうかい
ぼうがい,ぼうがい
方角,ほうがく
放課後,ほうかご
箒,ほうき
箒星,ほうきぼし
封建,ほうけん
方言,ほうげん
冒険,ぼうけん
方向,ほうこう
報告,ほうこく
防災頭巾,ぼうさいずきん
豊作,ほうさく
坊さん,ぼうさん
胞子,ほうし
帽子,ぼうし
放射,ほうしゃ
報酬,ほうしゅう
放出,ほうしゅつ
方針,ほうしん
坊主,ぼうず
坊主頭,ぼうずあたま
宝石,ほうせき
紡績,ぼうせき
放送,ほうそう
放送局,ほうそうきょく
包装紙,ほうそうし
法則,ほうそく
包帯,ほうたい
放題,ほうだい
放置,ほうち
包丁,ほうちょう
膨張,ぼうちょう
放電,ほうでん
報道,ほうどう
豊年,ほうねん
褒美,ほうび
防風林,ぼうふうりん
方法,ほうほう
方方,ほうぼう
法務,ほうむ
方面,ほうめん
訪問,ほうもん
坊や,ぼうや
法律,ほうりつ
法律家,ほうりつか
菠薐草,ほうれんそう
飽和,ほうわ
頬,ほお
ボーイ,ぼーい
ボーイフレンド,ぼーいふれんど
頬被り,ほおかぶり
ポーズ,ぽーず
頬擦り,ほおずり
ポータブル,ぽーたぶる
頬杖,ほおづえ
ボート,ぼーと
ポートボール,ぽーとぼーる
ボーナス,ぼーなす
頬袋,ほおぶくろ
頬べた,ほおべた
ホーム,ほーむ
ホール,ほーる
ボール,ぼーる
ポール,ぽーる
ボール紙,ぼーるがみ
ボールペン,ぼーるぺん
ほか,ほか
保管,ほかん
僕,ぼく
牧師さん,ぼくしさん
牧場,ぼくじょう
ボクシング,ぼくしんぐ
牧草,ぼくそう
牧畜,ぼくちく
北部,ほくぶ
北陸,ほくりく
ポケット,ぽけっと
保健,ほけん
保健室,ほけんしつ
保健所,ほけんじょ
保護,ほご
歩行者,ほこうしゃ
埃,ほこり
綻び,ほころび
星,ほし
保持,ほじ
ほしがき,ほしがき
ほしくさ,ほしくさ
ほしぶどう,ほしぶどう
保守,ほしゅ
募集,ぼしゅう
補助,ほじょ
保証,ほしょう
保証人,ほしょうにん
ボス,ぼす
ポスター,ぽすたー
ポスト,ぽすと
舗装,ほそう
保存,ほぞん
蛍,ほたる
牡丹,ぼたん
牡丹雪,ぼたんゆき
補聴器,ほちょうき
北海道,ほっかいどう
北極,ほっきょく
発足,ほっそく
坊っちゃん,ぼっちゃん
ポット,ぽっと
ホットケーキ,ほっとけーき
ポップコーン,ぽっぷこーん
ほっぺた,ほっぺた
ポテトフライ,ぽてとふらい
ホテル,ほてる
歩度,ほど
歩道,ほどう
歩道橋,ほどうきょう
仏,ほとけ
辺,ほとり
殆ど,ほとんど
骨,ほね
骨組み,ほねぐみ
ほのお,ほのお
頬,ほほ
洞,ほら
洞穴,ほらあな
法螺貝,ほらがい
ボランティア,ぼらんてぃあ
堀,ほり
捕虜,ほりょ
ボルト,ぼると
ポルトガル,ぽるとがる
ポルトガル語,ぽるとがるご
本,ほん
盆,ぼん
本気,ほんき
本曇り,ほんぐもり
本国,ほんごく
香港,ほんこん
本質,ほんしつ
本日,ほんじつ
本州,ほんしゅう
本線,ほんせん
本代,ほんだい
本棚,ほんだな
盆地,ぼんち
本店,ほんてん
本当,ほんと
ポンド,ぽんど
本当,ほんとう
本堂,ほんどう
本人,ほんにん
本年,ほんねん
本能,ほんのう
本場,ほんば
本箱,ほんばこ
ポンプ車,ぽんぷしゃ
本降り,ほんぶり
本文,ほんぶん
ぼんぼん時計,ぼんぼんどけい
本名,ほんみょう
本物,ほんもの
本屋,ほんや
翻訳,ほんやく
マーガリン,まーがりん
マーク,まーく
マーケット,まーけっと
舞,まい
毎朝,まいあさ
毎回,まいかい
マイク,まいく
マイクロホン,まいくろほん
毎月,まいげつ
毎週,まいしゅう
毎月,まいつき
毎度,まいど
毎年,まいとし
マイナス,まいなす
毎日,まいにち
毎年,まいねん
毎晩,まいばん
毎夜,まいよ
参り,まいり
真上,まうえ
前,まえ
まえあし,まえあし
前書き,まえがき
前掛け,まえかけ
前向き,まえむき
曲がり,まがり
曲がり角,まがりかど
マカロニ,まかろに
薪,まき
牧場,まきば
幕,まく
枕,まくら
まぐれ,まぐれ
鮪,まぐろ
負け,まけ
負け惜しみ,まけおしみ
孫,まご
孫亀,まごがめ
真心,まごころ
まこと,まこと
摩擦,まさつ
増し,まし
真四角,ましかく
マジック,まじっく
呪い,まじない
ます,ます
マスク,ますく
マスコット,ますこっと
マスター,ますたー
また,また
斑,まだら
まち,まち
待合室,まちあいしつ
待ち合わせ,まちあわせ
間違い,まちがい
まちかど,まちかど
町中,まちじゅう
松,まつ
真っ暗,まっくら
真っ黒,まっくろ
まつげ,まつげ
マッサージ,まっさーじ
真っ最中,まっさいちゅう
真っ先,まっさき
真っ白,まっしろ
松茸,まつたけ
マット,まっと
松林,まつばやし
真っ二つ,まっぷたつ
松本,まつもと
松山,まつやま
祭り,まつり
的,まと
窓,まど
窓口,まどぐち
纏まり,まとまり
纏め,まとめ
マドリード,まどりーど
まないた,まないた
マニラ,まにら
間抜け,まぬけ
招き,まねき
瞬き,まばたき
麻痺,まひ
瞼,まぶた
マフラー,まふらー
魔法,まほう
魔法使い,まほうつかい
魔法瓶,まほうびん
侭,まま
飯事,ままごと
塗れ,まみれ
豆,まめ
まめつ,まめつ
豆電球,まめでんきゅう
豆撒き,まめまき
磨耗,まもう
守り,まもり
眉,まゆ
眉毛,まゆげ
迷い,まよい
真夜中,まよなか
真夜中頃,まよなかごろ
マラソン,まらそん
まり,まり
鞠突き,まりつき
丸,まる
丸太,まるた
丸出し,まるだし
丸太棒,まるたんぼう
丸呑み,まるのみ
マレーシア,まれーしあ
まわし,まわし
まわり,まわり
回り灯篭,まわりどうろう
まわりみち,まわりみち
回れ右,まわれみぎ
万,まん
万一,まんいち
満員,まんいん
漫画,まんが
満月,まんげつ
漫才,まんざい
饅頭,まんじゅう
マンション,まんしょん
満足,まんぞく
満点,まんてん
真ん中,まんなか
万年筆,まんねんひつ
満腹,まんぷく
マンホール,まんほーる
儘,まんま
真ん丸,まんまる
マンモス,まんもす
見合い,みあい
みえ,みえ
見送り,みおくり
見覚え,みおぼえ
みがき,みがき
見掛け,みかけ
見方,みかた
三日月,みかづき
蜜柑,みかん
蜜柑山,みかんやま
幹,みき
右,みぎ
右側,みぎがわ
ミキサー車,みきさーしゃ
右手,みぎて
見込み,みこみ
未婚,みこん
岬,みさき
身支度,みじたく
ミシン,みしん
ミス,みす
水,みず
水浴び,みずあび
水入れ,みずいれ
水色,みずいろ
湖,みずうみ
みずかき,みずかき
水着,みずぎ
水切り,みずきり
水栽培,みずさいばい
水玉模様,みずたまもよう
水溜まり,みずたまり
水鉄砲,みずでっぽう
水鳥,みずとり
水飲み場,みずのみば
水浸し,みずびたし
ミスプリント,みすぷりんと
水枕,みずまくら
みせ,みせ
店番,みせばん
見世物,みせもの
味噌,みそ
溝,みぞ
味噌汁,みそしる
味噌樽,みそだる
霙,みぞれ
見嗜み,みだしなみ
乱れ,みだれ
みち,みち
道案内,みちあんない
道草,みちくさ
道順,みちじゅん
みちしるべ,みちしるべ
道端,みちばた
蜜,みつ
三日,みっか
三日坊主,みっかぼうず
密接,みっせつ
三つ,みっつ
ミット,みっと
密度,みつど
蜜蜂,みつばち
見積もり,みつもり
未定,みてい
見通し,みとおし
みどり,みどり
緑色,みどりいろ
皆,みな
皆様,みなさま
みなさん,みなさん
みなと,みなと
南,みなみ
南風,みなみかぜ
身形,みなり
ミニカー,みにかー
みね,みね
蓑,みの
身の上,みのうえ
身の回り,みのまわり
みのり,みのり
見晴らし,みはらし
見張り,みはり
身振り,みぶり
身振り手振り,みぶりてぶり
身震い,みぶるい
身分,みぶん
見本,みほん
見舞い,みまい
見回り,みまわり
耳,みみ
耳掃除,みみそうじ
宮,みや
脈,みゃく
都,みやこ
妙,みょう
明朝,みょうあさ
明後日,みょうごにち
苗字,みょうじ
明朝,みょうちょう
明日,みょうにち
明年,みょうねん
明晩,みょうばん
未来,みらい
魅力,みりょく
ミルク,みるく
ミルクバー,みるくばー
民間,みんかん
民主,みんしゅ
民主化,みんしゅか
民宿,みんしゅく
民主主義,みんしゅしゅぎ
民主政治,みんしゅせいじ
民族,みんぞく
ミンチ,みんち
皆,みんな
民法,みんぽう
民謡,みんよう
六日,むいか
無意味,むいみ
ムード,むーど
向かい,むかい
無害,むがい
迎え,むかえ
昔,むかし
昔話,むかしばなし
無関係,むかんけい
向き,むき
麦,むぎ
剥き出し,むきだし
麦茶,むぎちゃ
麦藁帽子,むぎわらぼうし
無口,むくち
無限,むげん
むこ,むこ
向こう,むこう
向こう側,むこうがわ
無言,むごん
虫,むし
無地,むじ
虫篭,むしかご
虫歯,むしば
無邪気,むじゃき
無重力,むじゅうりょく
矛盾,むじゅん
無色,むしょく
むしろ,むしろ
無人,むじん
無人島,むじんとう
結び,むすび
結び付き,むすびつき
娘,むすめ
無線,むせん
むだ,むだ
むだづかい,むだづかい
無断,むだん
むち,むち
無茶,むちゃ
無茶苦茶,むちゃくちゃ
夢中,むちゅう
六つ,むっつ
胸,むね
無能,むのう
無用,むよう
村,むら
紫,むらさき
紫色,むらさきいろ
村中,むらじゅう
村人,むらびと
無理,むり
無料,むりょう
群れ,むれ
室町,むろまち
目当て,めあて
メアリ,めあり
名,めい
明暗,めいあん
名作,めいさく
名刺,めいし
明治,めいじ
明治憲法,めいじけんぽう
名所,めいしょ
迷信,めいしん
名人,めいじん
命中,めいちゅう
名物,めいぶつ
名簿,めいぼ
銘銘,めいめい
名誉,めいよ
命令,めいれい
迷路,めいろ
迷惑,めいわく
目上,めうえ
メーター,めーたー
目隠し,めかくし
目方,めかた
女神,めがみ
メキシコ,めきしこ
目薬,めぐすり
盲,めくら
捲り,めくり
飯,めし
目下,めした
雌蘂,めしべ
目印,めじるし
めす,めす
目高,めだか
目玉,めだま
目玉焼き,めだまやき
メダル,めだる
めちゃ,めちゃ
目茶苦茶,めちゃくちゃ
めちゃめちゃ,めちゃめちゃ
目付き,めつき
滅亡,めつぼう
メニュー,めにゅー
メモ,めも
目盛り,めもり
メロディー,めろでぃー
メロン,めろん
面,めん
めんか,めんか
面会,めんかい
免許,めんきょ
免許証,めんきょしょう
面子,めんこ
免税,めんぜい
面積,めんせき
面倒,めんどう
雌鳥,めんどり
メンバー,めんばー
綿布,めんぷ
面目,めんぼく
儲け,もうけ
申し込み,もうしこみ
猛獣,もうじゅう
申し訳,もうしわけ
盲腸,もうちょう
盲導犬,もうどうけん
毛布,もうふ
モーター,もーたー
モーターボート,もーたーぼーと
木,もく
木魚,もくぎょ
木材,もくざい
目次,もくじ
木造,もくぞう
木炭,もくたん
目的,もくてき
目的地,もくてきち
木馬,もくば
目標,もくひょう
木目,もくめ
木曜,もくよう
木曜日,もくようび
潜り,もぐり
目録,もくろく
模型,もけい
モザイク,もざいく
文字,もじ
文字通り,もじどおり
モスクワ,もすくわ
モダン,もだん
餅,もち
餅搗き,もちつき
持ち主,もちぬし
持ち物,もちもの
目下,もっか
木琴,もっきん
モップ,もっぷ
モデル,もでる
もと,もと
元栓,もとせん
戻り,もどり
物,もの
物置,ものおき
物音,ものおと
物覚え,ものおぼえ
物語,ものがたり
物事,ものごと
ものさし,ものさし
ものしり,ものしり
物好き,ものずき
物干し,ものほし
モノレール,ものれーる
模範,もはん
モビール,もびーる
籾,もみ
桃,もも
桃色,ももいろ
ももたろうさん,ももたろうさん
桃っこ,ももっこ
靄,もや
萌やし,もやし
模様,もよう
催し,もよおし
貰い,もらい
もり,もり
森中,もりじゅう
盛り付け,もりつけ
門,もん
文句,もんく
モンゴル,もんごる
問題,もんだい
問答,もんどう
門番,もんばん
文部,もんぶ
文部省,もんぶしょう
薬缶,やかん
焼き,やき
焼き芋,やきいも
焼き入れ,やきいれ
焼き付け,やきつけ
焼き鳥,やきとり
焼き増し,やきまし
焼き飯,やきめし
野球,やきゅう
夜勤,やきん
役,やく
夜具,やぐ
やくざ,やくざ
薬剤師,やくざいし
役者,やくしゃ
役所,やくしょ
約束,やくそく
役人,やくにん
役場,やくば
薬品,やくひん
役目,やくめ
やぐら,やぐら
役割,やくわり
夜行列車,やこうれっしゃ
野菜,やさい
椰子,やし
やしき,やしき
矢印,やじるし
社,やしろ
弥次郎兵衛,やじろべえ
野心,やしん
休み,やすみ
休み時間,やすみじかん
安物,やすもの
鑢,やすり
やたい,やたい
家賃,やちん
奴,やつ
厄介,やっかい
薬局,やっきょく
奴凧,やっこだこ
八つ,やっつ
宿,やど
やとい,やとい
野党,やとう
宿主,やどぬし
宿屋,やどや
柳,やなぎ
家主,やぬし
屋根,やね
野蛮,やばん
薮,やぶ
山,やま
山犬,やまいぬ
山奥,やまおく
山火事,やまかじ
山口,やまぐち
山小屋,やまごや
山崎,やまざき
山田,やまだ
山猫,やまねこ
山登り,やまのぼり
山彦,やまびこ
山吹,やまぶき
やまみち,やまみち
山本,やまもと
山盛り,やまもり
山山,やまやま
山姥,やまんば
闇,やみ
やめ,やめ
やり,やり
遣り掛け,やりかけ
遣り方,やりかた
遣りっ放し,やりっぱなし
遣り取り,やりとり
遣り直し,やりなおし
唯一,ゆいいつ
夕,ゆう
憂鬱,ゆううつ
有益,ゆうえき
優越,ゆうえつ
遊園地,ゆうえんち
誘拐,ゆうかい
有害,ゆうがい
夕方,ゆうがた
夕刊,ゆうかん
勇気,ゆうき
遊戯,ゆうぎ
有機物質,ゆうきぶっしつ
有機養分,ゆうきようぶん
夕暮れ,ゆうぐれ
友好,ゆうこう
夕御飯,ゆうごはん
ユーじかん,ゆーじかん
優秀,ゆうしゅう
優勝,ゆうしょう
友情,ゆうじょう
夕食,ゆうしょく
友人,ゆうじん
融通,ゆうずう
夕涼み,ゆうすずみ
優勢,ゆうせい
優先,ゆうせん
郵送,ゆうそう
夕立,ゆうだち
有毒,ゆうどく
有能,ゆうのう
夕飯,ゆうはん
ゆうひ,ゆうひ
郵便,ゆうびん
郵便局,ゆうびんきょく
ゆうびんばこ,ゆうびんばこ
郵便屋さん,ゆうびんやさん
裕福,ゆうふく
ゆうべ,ゆうべ
有望,ゆうぼう
遊牧,ゆうぼく
有名,ゆうめい
ユーモア,ゆーもあ
夕焼け,ゆうやけ
猶予,ゆうよ
遊離,ゆうり
有料,ゆうりょう
幽霊,ゆうれい
誘惑,ゆうわく
故,ゆえ
ゆか,ゆか
愉快,ゆかい
歪み,ゆがみ
雪,ゆき
雪掻き箒,ゆきかきぼうき
行き先,ゆきさき
雪達磨,ゆきだるま
行き違い,ゆきちがい
行き止まり,ゆきどまり
雪娘,ゆきむすめ
行く末,ゆくすえ
湯気,ゆげ
輸血,ゆけつ
湯冷め,ゆざめ
輸出,ゆしゅつ
揺すり,ゆすり
輸送,ゆそう
油断,ゆだん
油田,ゆでん
ゆとり,ゆとり
ユニフォーム,ゆにフォーむ
輸入,ゆにゅう
ユネスコ,ゆねすこ
ゆのみ,ゆのみ
指,ゆび
指切り,ゆびきり
指人形,ゆびにんぎょう
ゆびわ,ゆびわ
弓,ゆみ
弓矢,ゆみや
夢,ゆめ
揺り篭,ゆりかご
許し,ゆるし
湯沸かし器,ゆわかしき
夜明け,よあけ
酔い,よい
用,よう
用意,ようい
溶液,ようえき
八日,ようか
洋画,ようが
溶解度,ようかいど
羊羹,ようかん
容器,ようき
要求,ようきゅう
陽極,ようきょく
用具,ようぐ
養鶏,ようけい
用件,ようけん
用語,ようご
洋裁,ようさい
要旨,ようし
用事,ようじ
様式,ようしき
洋室,ようしつ
洋食,ようしょく
様子,ようす
養成,ようせい
要素,ようそ
幼稚,ようち
幼稚園,ようちえん
幼虫,ようちゅう
要点,ようてん
用途,ようと
曜日,ようび
洋品店,ようひんてん
洋風,ようふう
洋服,ようふく
洋服屋,ようふくや
養分,ようぶん
要望,ようぼう
羊毛,ようもう
要領,ようりょう
葉緑体,ようりょくたい
ヨーヨー,よーよー
ヨーロッパ人,よーろっぱじん
余暇,よか
夜風,よかぜ
予期,よき
預金,よきん
欲,よく
翌朝,よくあさ
浴室,よくしつ
翌日,よくじつ
抑制,よくせい
翌年,よくねん
欲張り,よくばり
欲深,よくぶか
欲望,よくぼう
横,よこ
横顔,よこがお
横書き,よこがき
横綱,よこづな
横取り,よこどり
横浜,よこはま
横向き,よこむき
汚れ,よごれ
予算,よさん
善し悪し,よしあし
吉田,よしだ
予習,よしゅう
予想,よそう
余所見,よそみ
涎,よだれ
余地,よち
四日,よっか
四つ角,よつかど
欲求,よっきゅう
四つ,よっつ
四つ辻,よつつじ
ヨット,よっと
酔っ払い,よっぱらい
夜露,よつゆ
予定,よてい
与党,よとう
夜中,よなか
四年生,よねんせい
世の中,よのなか
予備,よび
呼び捨て,よびすて
夜更かし,よふかし
余分,よぶん
予報,よほう
予防,よぼう
予防注射,よぼうちゅうしゃ
読み,よみ
読み書き,よみかき
読み方,よみかた
よみせ,よみせ
嫁,よめ
嫁入り,よめいり
予約,よやく
余裕,よゆう
寄り道,よりみち
夜,よる
鎧,よろい
よろこび,よろこび
與論,よろん
弱虫,よわむし
四,よん
四十,よんじゅう
雷雨,らいう
ライオン,らいおん
来月,らいげつ
来週,らいしゅう
ライター,らいたー
ライト,らいと
来日,らいにち
来年,らいねん
楽,らく
落書き,らくがき
落語,らくご
駱駝,らくだ
落第,らくだい
酪農,らくのう
ラケット,らけっと
ラジオ,らじお
ラジカセ,らじかせ
螺旋階段,らせんかいだん
落下,らっか
落下傘,らっかさん
ラッシュ,らっしゅ
ラッシュアワー,らっしゅあわー
喇叭,らっぱ
ラップ,らっぷ
ラムネ,らむね
欄,らん
卵割,らんかつ
ランチ,らんち
ランナー,らんなー
ランプ,らんぷ
乱暴,らんぼう
らんよう,らんよう
リーダー,りーだー
利益,りえき
理科,りか
理解,りかい
理科室,りかしつ
力士,りきし
力線,りきせん
陸,りく
陸軍,りくぐん
陸上,りくじょう
りくつ,りくつ
利口,りこう
リコーダー,りこーだー
離婚,りこん
利子,りし
利潤,りじゅん
リズム,りずむ
理性,りせい
理想,りそう
利息,りそく
率,りつ
立脚,りっきゃく
陸橋,りっきょう
立体,りったい
立体交差,りったいこうさ
立方,りっぽう
理髪,りはつ
リボン,りぼん
リモコン,りもこん
略,りゃく
略語,りゃくご
竜,りゅう
理由,りゆう
留学,りゅうがく
留学生,りゅうがくせい
流感,りゅうかん
琉球,りゅうきゅう
竜宮,りゅうぐう
流行,りゅうこう
硫酸,りゅうさん
流星,りゅうせい
流体,りゅうたい
留年,りゅうねん
猟,りょう
利用,りよう
両足,りょうあし
りょうかい,りょうかい
両替,りょうがえ
両側,りょうがわ
料金,りょうきん
良好,りょうこう
量産,りょうさん
漁師,りょうし
領事,りょうじ
領事館,りょうじかん
両者,りょうしゃ
領主,りょうしゅ
領収書,りょうしゅうしょ
両親,りょうしん
両手,りょうて
領土,りょうど
両端,りょうはし
両方,りょうほう
料理,りょうり
料理番,りょうりばん
旅客,りょかく
旅客機,りょかくき
旅館,りょかん
力,りょく
緑茶,りょくちゃ
旅券,りょけん
旅行,りょこう
旅行社,りょこうしゃ
旅費,りょひ
リレー,りれー
履歴,りれき
履歴書,りれきしょ
理論,りろん
鈴,りん
リング,りんぐ
林産,りんさん
臨時,りんじ
リンパ管,りんぱかん
リンパ腺,りんぱせん
類,るい
類似,るいじ
ルート,るーと
ルール,るーる
留守,るす
留守番,るすばん
礼,れい
例外,れいがい
礼儀,れいぎ
冷却,れいきゃく
冷酷,れいこく
冷静,れいせい
冷蔵,れいぞう
冷蔵庫,れいぞうこ
冷淡,れいたん
冷凍,れいとう
例文,れいぶん
冷房,れいぼう
レーザー,れーざー
レース,れーす
レーダー,れーだー
レール,れーる
レールバス,れーるばす
レインコート,れいんこーと
歴,れき
歴史,れきし
レコード,れこーど
レジスター,れじすたー
レタス,れたす
列,れつ
列車,れっしゃ
列島,れっとう
レベル,れべる
レポート,れぽーと
レモネード,れもねーど
レモン,れもん
恋愛,れんあい
煉瓦,れんが
蓮華,れんげ
連結器,れんけつき
れんごう,れんごう
レンジ,れんじ
連日,れんじつ
練習,れんしゅう
レンズ,れんず
れんそう,れんそう
連続,れんぞく
連体詞,れんたいし
れんぽう,れんぽう
れんらく,れんらく
蝋,ろう
廊下,ろうか
労組,ろうくみ
労資,ろうし
老人,ろうじん
蝋石,ろうせき
蝋燭,ろうそく
労働,ろうどう
労働者,ろうどうしゃ
労働力,ろうどうりょく
浪人,ろうにん
老廃物,ろうはいぶつ
浪費,ろうひ
牢屋,ろうや
労力,ろうりょく
ロープ,ろーぷ
ロープウェイ,ろーぷうぇい
ローマ字,ろーまじ
ローラー,ろーらー
六,ろく
録音,ろくおん
録音テープ,ろくおんてーぷ
六月,ろくがつ
六十,ろくじゅう
六年生,ろくねんせい
ロケット,ろけっと
露骨,ろこつ
路地,ろじ
ロシア語,ろしあご
ロシア人,ろしあじん
露出,ろしゅつ
ロッカー,ろっかー
驢馬,ろば
ロビー,ろびー
ロボット,ろぼっと
論,ろん
ロンドン,ろんどん
論文,ろんぶん
論理,ろんり
ワープロ,わーぷろ
ワイシャツ,わいしゃつ
ワイン,わいん
和英,わえい
和英辞典,わえいじてん
和歌,わか
若い衆,わかいしゅ
我国,わがくに
和菓子,わがし
我が侭,わがまま
若者,わかもの
分かり,わかり
わかれ,わかれ
わき,わき
わきのした,わきのした
枠,わく
惑星,わくせい
訳,わけ
分け目,わけめ
和語,わご
輪ゴム,わごむ
ワゴン,わごん
わざ,わざ
鷲,わし
和室,わしつ
和食,わしょく
ワシントン,わしんとん
忘れ,わすれ
忘れ物,わすれもの
綿,わた
綿飴,わたあめ
話題,わだい
綿菓子,わたがし
綿雲,わたぐも
綿毛,わたげ
渡し,わたし
私達,わたしたち
渡辺,わたなべ
渡り鳥,わたりどり
渡り廊下,わたりろうか
ワット,わっと
罠,わな
輪投げ,わなげ
鰐,わに
詫び,わび
和風,わふう
和服,わふく
藁,わら
笑い,わらい
笑い顔,わらいがお
笑い声,わらいごえ
藁しべ,わらしべ
蕨,わらび
割り,わり
割合,わりあい
割り当て,わりあて
割り勘,わりかん
割り算,わりざん
割り箸,わりばし
割引,わりびき
悪口,わるくち
悪者,わるもの
われめ,われめ
わん,わん
腕章,わんしょう
わんちゃん,わんちゃん
腕白,わんぱく
ワンピース,わんぴーす
ワンマンカー,わんまんかー
