合川町,あいかわまち
愛甲郡,あいこうぐん
愛西市,あいさいし
愛荘町,あいしょうちょう
愛知郡,あいちぐん
愛知県,あいちけん
愛知県市部,あいちけんしぶ
愛東町,あいとうちょう
愛東村,あいとうむら
愛別町,あいべつちょう
葵区,あおいく
青ヶ島村,あおがしまむら
青木村,あおきむら
青葉区,あおばく
青森県,あおもりけん
青森市,あおもりし
青山町,あおやまちょう
赤井川村,あかいがわむら
赤城村,あかぎむら
明科町,あかしなまち
吾妻郡,あがつまぐん
吾妻町,あがつままち
赤泊村,あかどまりむら
阿賀野市,あがのし
赤羽根町,あかばねちょう
赤平市,あかびらし
赤堀町,あかぼりまち
赤堀村,あかぼりむら
阿賀町,あがまち
阿寒町,あかんちょう
秋保町,あきうまち
秋川市,あきがわし
昭島市,あきしまし
秋田県,あきたけん
秋田県市部,あきたけんしぶ
秋田市,あきたし
秋多町,あきたまち
秋葉区,あきはく
秋山村,あきやまむら
あきる野市,あきるのし
阿久比町,あぐいちょう
飽海郡,あくみぐん
上尾市,あげおし
安芸郡,あげぐん
明智町,あけちちょう
明野町,あけのまち
明野村,あけのむら
上松町,あげまつまち
阿児町,あごちょう
浅井町,あざいちょう
麻生区,あさおく
朝霞市,あさかし
浅川町,あさかわまち
浅科村,あさしなむら
浅羽町,あさばちょう
旭川市,あさひかわし
旭区,あさひく
旭市,あさひし
朝日町,あさひちょう
朝日町,あさひまち
朝日村,あさひむら
足尾町,あしおまち
足利市,あしかがし
鰺ヶ沢町,あじがさわまち
味方村,あじかたむら
芦川村,あしがわむら
芦別市,あしべつし
芦安村,あしやすむら
足寄町,あしょろちょう
安代町,あしろちょう
足和田村,あしわだむら
足助町,あすけちょう
梓川村,あずさがわむら
東町,あずままち
東村,あずまむら
足羽郡,あすわぐん
足羽町,あすわちょう
麻生町,あそうまち
安蘇郡,あそぐん
足立区,あだちく
安達郡,あだちぐん
安達町,あだちまち
熱海市,あたみし
阿智村,あちむら
厚木市,あつぎし
厚岸町,あっけしちょう
厚沢部町,あっさぶちょう
熱田区,あつたく
厚田村,あつたむら
安土町,あづちちょう
厚別区,あつべつく
厚真町,あつまちょう
東村,あづまむら
渥美郡,あつみぐん
渥美町,あつみちょう
安曇野市,あづみのし
温海町,あつみまち
安曇村,あづみむら
安曇川町,あどがわちょう
穴水町,あなみずまち
阿南町,あなんちょう
阿仁町,あにまち
安濃町,あのうちょう
安濃村,あのうむら
網走市,あばしりし
我孫子市,あびこし
我孫子町,あびこまち
安平町,あびらちょう
虻田町,あぶたちょう
海部郡,あまぐん
あま市,あまし
天羽町,あまはまち
余目町,あまるめまち
阿見町,あみまち
綾瀬市,あやせし
綾瀬町,あやせまち
綾部市,あやべし
阿山郡,あやまぐん
阿山町,あやまちょう
新井市,あらいし
新居町,あらいちょう
荒川区,あらかわく
荒川町,あらかわまち
荒川村,あらかわむら
安房郡,あわぐん
粟野町,あわのまち
あわら市,あわらし
芦原町,あわらちょう
安城市,あんじょうし
安中市,あんなかし
安八郡,あんぱちぐん
安八町,あんぱちちょう
飯岡町,いいおかまち
飯島町,いいじままち
飯高町,いいたかちょう
飯田川町,いいたがわまち
飯田市,いいだし
飯舘村,いいたてむら
飯綱町,いいづなまち
飯豊町,いいでまち
飯南郡,いいなんぐん
飯南町,いいなんちょう
飯野町,いいのまち
飯山市,いいやまし
伊香郡,いかぐん
伊賀市,いがし
伊賀町,いがちょう
伊香保町,いかほまち
井川町,いかわまち
井川村,いかわむら
伊具郡,いぐぐん
生坂村,いくさかむら
池田町,いけだちょう
池田町,いけだまち
胆沢郡,いさわぐん
胆沢町,いさわちょう
石岡市,いしおかし
石狩市,いしかりし
石狩町,いしかりちょう
石川郡,いしかわぐん
石川県,いしかわけん
石川町,いしかわまち
石下町,いしげまち
石越町,いしこしまち
石巻市,いしのまきし
石橋町,いしばしまち
石部町,いしべちょう
伊自良村,いじらむら
伊豆市,いずし
伊豆の国市,いずのくにし
泉区,いずみく
夷隅郡,いすみぐん
泉崎村,いずみざきむら
いすみ市,いすみし
泉市,いずみし
夷隅町,いすみまち
泉町,いずみまち
和泉村,いずみむら
出雲崎町,いずもざきまち
伊勢崎市,いせさきし
伊勢市,いせし
伊勢原市,いせはらし
伊勢原町,いせはらまち
磯子区,いそごく
磯部町,いそべちょう
板倉町,いたくらまち
潮来市,いたこし
潮来町,いたこまち
板取村,いたどりむら
板橋区,いたばしく
板柳町,いたやなぎまち
市貝町,いちかいまち
市貝村,いちかいむら
市川市,いちかわし
一志郡,いちしぐん
一志町,いちしちょう
一関市,いちのせきし
一戸町,いちのへまち
一宮市,いちのみやし
一宮町,いちのみやまち
市原市,いちはらし
五日市町,いつかいちまち
一色町,いっしきちょう
井手町,いでちょう
糸魚川市,いといがわし
伊東市,いとうし
糸貫町,いとぬきちょう
稲垣村,いながきむら
田舎館村,いなかだてむら
稲川町,いなかわまち
稲城市,いなぎし
稲城町,いなぎまち
稲毛区,いなげく
引佐郡,いなさぐん
引佐町,いなさちょう
稲沢市,いなざわし
伊那市,いなし
稲敷郡,いなしきぐん
稲敷市,いなしきし
稲武町,いなぶちょう
員弁郡,いなべぐん
いなべ市,いなべし
員弁町,いなべちょう
伊奈町,いなまち
井波町,いなみまち
伊南村,いなむら
猪苗代町,いなわしろまち
犬上郡,いぬかみぐん
犬山市,いぬやまし
井口村,いのくちむら
茨城県,いばらきけん
茨城町,いばらきまち
庵原郡,いはらぐん
揖斐川町,いびがわちょう
揖斐郡,いびぐん
伊吹町,いぶきちょう
伊吹村,いぶきむら
胆振支庁,いぶりしちょう
今市市,いまいちし
今金町,いまかねちょう
今庄町,いまじょうちょう
今立郡,いまだてぐん
今立町,いまだてちょう
今津町,いまづちょう
今別町,いまべつまち
射水郡,いみずぐん
射水市,いみずし
入広瀬村,いりひろせむら
入間郡,いるまぐん
入間市,いるまし
岩井市,いわいし
岩井町,いわいまち
いわき市,いわきし
岩木町,いわきまち
岩倉市,いわくらし
岩倉町,いわくらちょう
岩崎村,いわさきむら
岩代町,いわしろまち
岩瀬郡,いわせぐん
岩瀬町,いわせまち
岩瀬村,いわせむら
磐田郡,いわたぐん
磐田市,いわたし
岩槻区,いわつきく
岩槻市,いわつきし
岩手郡,いわてぐん
岩手県,いわてけん
岩手県市部,いわてけんしぶ
岩手町,いわてまち
岩出山町,いわでやままち
岩内町,いわないちょう
岩沼市,いわぬまし
岩沼町,いわぬままち
岩船郡,いわふねぐん
岩舟町,いわふねまち
岩間町,いわままち
岩見沢市,いわみざわし
岩村町,いわむらちょう
岩室村,いわむろむら
印西市,いんざいし
印西町,いんざいまち
印旛郡,いんばぐん
印旛村,いんばむら
上田市,うえだし
上野市,うえのし
上野原市,うえのはらし
上野原町,うえのはらまち
上野村,うえのむら
魚津市,うおづし
魚沼市,うおぬまし
右京区,うきょうく
羽後町,うごまち
氏家町,うじいえまち
牛久市,うしくし
牛久町,うしくまち
宇治市,うじし
牛堀町,うしぼりまち
碓氷郡,うすいぐん
臼田町,うすだまち
歌志内市,うたしないし
歌津町,うたつちょう
内浦町,うちうらまち
内灘町,うちなだまち
内原町,うちはらまち
宇都宮市,うつのみやし
鵜殿村,うどのむら
海上町,うなかみまち
宇奈月町,うなづきまち
宇ノ気町,うのけまち
浦臼町,うらうすちょう
浦河町,うらかわちょう
浦川原村,うらがわらむら
浦幌町,うらほろちょう
浦安市,うらやすし
浦安町,うらやすまち
浦和区,うらわく
浦和市,うらわし
瓜連町,うりづらまち
雨竜町,うりゅうちょう
売木村,うるぎむら
嬉野町,うれしのちょう
江刺市,えさしし
江差町,えさしちょう
恵山町,えさんちょう
愛知川町,えちがわちょう
愛知郡,えちぐん
越前市,えちぜんし
越前町,えちぜんちょう
江釣子村,えづりこむら
江戸川区,えどがわく
江戸崎町,えどさきまち
恵那郡,えなぐん
恵那市,えなし
恵庭市,えにわし
恵庭町,えにわちょう
江沼郡,えぬまぐん
海老名市,えびなし
海老名町,えびなまち
江部乙町,えべおつちょう
江別市,えべつし
江見町,えみまち
えりも町,えりもちょう
遠軽町,えんがるちょう
塩山市,えんざんし
遠別町,えんべつちょう
おいらせ町,おいらせちょう
追分町,おいわけちょう
奥州市,おうしゅうし
王滝村,おうたきむら
近江町,おうみちょう
青海町,おうみまち
雄武町,おうむちょう
青梅市,おうめし
邑楽郡,おうらぐん
邑楽町,おうらまち
大洗町,おおあらいまち
大飯郡,おおいぐん
大石田町,おおいしだまち
大泉町,おおいずみまち
大泉村,おおいずみむら
大磯町,おおいそまち
大飯町,おおいちょう
大井町,おおいまち
大内町,おおうちまち
大江町,おおえまち
大岡村,おおおかむら
大垣市,おおがきし
大潟町,おおがたまち
大潟村,おおがたむら
大河原町,おおがわらまち
大口町,おおぐちちょう
大熊町,おおくままち
大蔵村,おおくらむら
大桑村,おおくわむら
大越町,おおごえまち
大胡町,おおごまち
大崎市,おおさきし
大里郡,おおさとぐん
大郷町,おおさとちょう
大里町,おおさとまち
大里村,おおさとむら
大沢野町,おおさわのまち
大佐和町,おおさわまち
大鹿村,おおしかむら
大島町,おおしままち
大島村,おおしまむら
大須賀町,おおすかちょう
大空町,おおぞらちょう
大台町,おおだいちょう
大多喜町,おおたきまち
大滝村,おおたきむら
大田区,おおたく
太田市,おおたし
大館市,おおだてし
太田町,おおたまち
大玉村,おおたまむら
大田原市,おおたわらし
大月市,おおつきし
大津市,おおつし
大槌町,おおつちちょう
大利根町,おおとねまち
大利根村,おおとねむら
大沼郡,おおぬまぐん
大野郡,おおのぐん
大野市,おおのし
大野町,おおのちょう
大野村,おおのむら
大迫町,おおはさままち
大畑町,おおはたまち
大浜町,おおはまちょう
大原町,おおはらまち
大治町,おおはるちょう
大治村,おおはるむら
大仁町,おおひとちょう
大平町,おおひらまち
大衡村,おおひらむら
大府市,おおぶし
大府町,おおぶちょう
大船渡市,おおふなとし
大穂町,おおほまち
大曲市,おおまがりし
大町市,おおまちし
大間町,おおままち
大間々町,おおまままち
大宮区,おおみやく
大宮市,おおみやし
大宮町,おおみやちょう
大宮町,おおみやまち
大森町,おおもりまち
大山田村,おおやまだむら
大山町,おおやままち
大鰐町,おおわにまち
岡崎市,おかざきし
小笠郡,おがさぐん
小笠町,おがさちょう
小笠原村,おがさわらむら
男鹿市,おがし
雄勝郡,おがちぐん
雄勝町,おがちまち
雄勝町,おがつちょう
小鹿野町,おがのまち
岡部町,おかべちょう
岡部町,おかべまち
岡谷市,おかやし
小川町,おがわまち
緒川村,おがわむら
沖縄地方,おきなわちほう
小木町,おぎまち
奥尻町,おくしりちょう
奥多摩町,おくたままち
尾口村,おぐちむら
小国町,おぐにまち
桶川市,おけがわし
桶川町,おけがわまち
置戸町,おけとちょう
越生町,おごせまち
興部町,おこっぺちょう
小坂町,おさかちょう
尾去沢町,おさりざわまち
牡鹿郡,おしかぐん
牡鹿町,おしかちょう
忍野村,おしのむら
渡島支庁,おしましちょう
尾島町,おじままち
押水町,おしみずまち
小高町,おだかまち
織田町,おたちょう
小谷村,おたりむら
小樽市,おたるし
小田原市,おだわらし
小千谷市,おぢやし
乙訓郡,おとくにぐん
音更町,おとふけちょう
乙部町,おとべちょう
音羽町,おとわちょう
女川町,おながわちょう
鬼石町,おにしまち
遠敷郡,おにゅうぐん
尾上町,おのえまち
小野上村,おのがみむら
小野田町,おのだまち
小野町,おのまち
小俣町,おばたちょう
尾花沢市,おばなざわし
小浜市,おばまし
小原村,おばらむら
小櫃村,おびつむら
帯広市,おびひろし
小平町,おびらちょう
小布施町,おぶせまち
御前崎市,おまえざきし
小見川町,おみがわまち
小美玉市,おみたまし
麻績村,おみむら
表郷村,おもてごうむら
雄物川町,おものがわまち
小矢部市,おやべし
小山市,おやまし
小山町,おやまちょう
尾鷲市,おわせし
尾張旭市,おわりあさひし
御宿町,おんじゅくまち
音別町,おんべつちょう
甲斐市,かいし
海上郡,かいじょうぐん
開成町,かいせいまち
開田村,かいだむら
海津郡,かいづぐん
海津市,かいづし
海津町,かいづちょう
加賀市,かがし
鏡石町,かがみいしまち
各務原市,かかみがはらし
柿崎町,かきざきまち
角田市,かくだし
角館町,かくのだてまち
掛川市,かけがわし
笠懸町,かさかけまち
笠懸村,かさかけむら
笠原町,かさはらちょう
風間浦村,かざまうらむら
笠間市,かさまし
笠松町,かさまつちょう
加治川村,かじかわむら
鹿島郡,かしまぐん
鹿嶋市,かしまし
鹿島台町,かしまだいまち
鹿島町,かしままち
加子母村,かしもむら
柏崎市,かしわざきし
柏市,かしわし
柏村,かしわむら
春日井市,かすがいし
春日居町,かすがいちょう
春日部市,かすかべし
春日村,かすがむら
粕川村,かすかわむら
上総町,かずさまち
かすみがうら市,かすみがうらし
加須市,かぞし
潟上市,かたがみし
片品村,かたしなむら
潟東村,かたひがしむら
勝浦市,かつうらし
葛飾区,かつしかく
刈田郡,かったぐん
勝田市,かつたし
勝沼町,かつぬまちょう
鹿角郡,かづのぐん
鹿角市,かづのし
勝山市,かつやまし
勝山村,かつやまむら
葛尾村,かつらおむら
桂村,かつらむら
香取郡,かとりぐん
香取市,かとりし
金井町,かないまち
鼎町,かなえまち
神奈川区,かながわく
神奈川県,かながわけん
金木町,かなぎまち
金砂郷町,かなさごうまち
金砂郷村,かなさごうむら
金沢区,かなざわく
金沢市,かなざわし
金津町,かなづちょう
金谷町,かなやちょう
金山町,かなやまちょう
河南町,かなんちょう
蟹江町,かにえちょう
可児郡,かにぐん
可児市,かにし
蟹田町,かにたまち
可児町,かにちょう
鹿沼市,かぬまし
兼山町,かねやまちょう
金山町,かねやままち
鹿瀬町,かのせまち
河北郡,かほくぐん
かほく市,かほくし
河北町,かほくちょう
釜石市,かまいしし
鎌ケ谷市,かまがやし
鎌ケ谷町,かまがやまち
鎌倉市,かまくらし
蒲郡市,がまごおりし
神泉村,かみいずみむら
上磯町,かみいそちょう
上市町,かみいちまち
上伊那郡,かみいなぐん
神岡町,かみおかちょう
神岡町,かみおかまち
上河内町,かみかわちまち
上河内村,かみかわちむら
上川町,かみかわちょう
神川町,かみかわまち
神川村,かみかわむら
上北郡,かみきたぐん
上北町,かみきたまち
上京区,かみぎょうく
加美郡,かみぐん
上小阿仁村,かみこあにむら
上里町,かみさとまち
上里村,かみさとむら
上志比村,かみしひむら
神栖市,かみすし
神栖町,かみすまち
上平村,かみたいらむら
上高井郡,かみたかいぐん
上宝村,かみたからむら
上都賀郡,かみつがぐん
上中町,かみなかちょう
上三川町,かみのかわまち
上之保村,かみのほむら
上山市,かみのやまし
神林村,かみはやしむら
上福岡市,かみふくおかし
上閉伊郡,かみへいぐん
加美町,かみまち
上水内郡,かみみのちぐん
上村,かみむら
上山田町,かみやまだまち
亀岡市,かめおかし
亀田市,かめだし
亀田町,かめだちょう
亀田町,かめだまち
亀山市,かめやまし
蒲生郡,がもうぐん
蒲生町,がもうちょう
神恵内村,かもえないむら
鴨川市,かもがわし
鴨川町,かもがわまち
加茂郡,かもぐん
加茂市,かもし
賀茂村,かもむら
唐桑町,からくわちょう
香良洲町,からすちょう
烏山町,からすやままち
刈谷市,かりやし
刈羽郡,かりわぐん
刈羽村,かりわむら
軽井沢町,かるいざわまち
軽米町,かるまいまち
川井村,かわいむら
川上村,かわうえむら
川内町,かわうちまち
川内村,かわうちむら
川上村,かわかみむら
川北町,かわきたまち
川北村,かわきたむら
河口湖町,かわぐちこまち
川口市,かわぐちし
川口町,かわぐちまち
河芸町,かわげちょう
川越市,かわごえし
川越町,かわごえちょう
川崎区,かわさきく
川崎市,かわさきし
川崎町,かわさきまち
川崎村,かわさきむら
川里町,かわさとまち
川里村,かわさとむら
川島町,かわしまちょう
川島町,かわじままち
川島村,かわじまむら
河内郡,かわちぐん
河内町,かわちまち
河内村,かわちむら
河津町,かわづちょう
川西町,かわにしまち
川西村,かわにしむら
河沼郡,かわぬまぐん
川根町,かわねちょう
川場村,かわばむら
河東町,かわひがしまち
河東村,かわひがしむら
河辺郡,かわべぐん
川辺町,かわべちょう
河辺町,かわべまち
川俣町,かわまたまち
川本町,かわもとまち
川本村,かわもとむら
神崎郡,かんざきぐん
関東地方,かんとうちほう
神流町,かんなまち
函南町,かんなみちょう
金成町,かんなりちょう
蒲原町,かんばらちょう
甘楽郡,かんらぐん
甘楽町,かんらまち
菊川市,きくがわし
菊川町,きくがわちょう
木古内町,きこないちょう
騎西町,きさいまち
象潟町,きさかたまち
木更津市,きさらづし
紀勢町,きせいちょう
木曽川町,きそがわちょう
木曽郡,きそぐん
木曽岬町,きそさきちょう
木曽岬村,きそさきむら
木曽町,きそまち
木祖村,きそむら
北相木村,きたあいきむら
北会津郡,きたあいづぐん
北会津村,きたあいづむら
北秋田郡,きたあきたぐん
北秋田市,きたあきたし
北足立郡,きたあだちぐん
北安曇郡,きたあづみぐん
北茨城市,きたいばらきし
北浦町,きたうらまち
北浦村,きたうらむら
喜多方市,きたかたし
北方町,きたがたちょう
北上市,きたかみし
北上町,きたかみまち
北川辺町,きたかわべまち
北川辺村,きたかわべむら
北区,きたく
北群馬郡,きたぐんまぐん
北巨摩郡,きたこまぐん
北佐久郡,きたさくぐん
北設楽郡,きたしたらぐん
北条町,きたじょうまち
北相馬郡,きたそうまぐん
北多摩郡,きたたまぐん
北津軽郡,きたつがるぐん
北都留郡,きたつるぐん
北名古屋市,きたなごやし
北広島市,きたひろしまし
北見市,きたみし
北御牧村,きたみまきむら
北村,きたむら
北牟婁郡,きたむろぐん
北本市,きたもとし
北本町,きたもとまち
木津川市,きづがわし
木造町,きづくりまち
喜連川町,きつれがわまち
城東村,きとうむら
鬼無里村,きなさむら
岐南町,ぎなんちょう
木之本町,きのもとちょう
岐阜県,ぎふけん
岐阜県郡部,ぎふけんぐんぶ
岐阜県市部,ぎふけんしぶ
岐阜市,ぎふし
紀宝町,きほうちょう
紀北町,きほくちょう
君津郡,きみつぐん
君津市,きみつし
君津町,きみつまち
喜茂別町,きもべつちょう
京ヶ瀬村,きょうがせむら
京極町,きょうごくちょう
行田市,ぎょうだし
京田辺市,きょうたなべし
京丹後市,きょうたんごし
京都市,きょうとし
京都府,きょうとふ
京都府市部,きょうとふしぶ
共和町,きょうわちょう
協和町,きょうわまち
共和村,きょうわむら
清川村,きよかわむら
清里町,きよさとちょう
清里村,きよさとむら
清須市,きよすし
清洲町,きよすちょう
清瀬市,きよせし
清瀬町,きよせまち
清田区,きよたく
鋸南町,きょなんまち
清見村,きよみむら
吉良町,きらちょう
桐生市,きりゅうし
紀和町,きわちょう
近畿地方,きんきちほう
金田一村,きんたいちむら
茎崎町,くきざきまち
茎崎村,くきざきむら
久喜市,くきし
久喜町,くきまち
久々野町,くぐのちょう
草津市,くさつし
草津町,くさつまち
櫛形町,くしがたまち
久慈郡,くじぐん
久慈市,くじし
串原村,くしはらむら
櫛引町,くしびきまち
郡上郡,ぐじょうぐん
郡上市,ぐじょうし
釧路市,くしろし
釧路支庁,くしろしちょう
釧路町,くしろちょう
釧路村,くしろむら
葛生町,くずうまち
楠町,くすちょう
葛巻町,くずまきまち
久世郡,くせぐん
久瀬村,くぜむら
朽木村,くつきむら
倶知安町,くっちゃんちょう
国立市,くにたちし
国見町,くにみまち
六合村,くにむら
九戸郡,くのへぐん
九戸村,くのへむら
頸城村,くびきむら
熊石町,くまいしちょう
熊谷市,くまがやし
熊野市,くまのし
久御山町,くみやまちょう
倉石村,くらいしむら
倉淵村,くらぶちむら
栗駒町,くりこままち
栗沢町,くりさわちょう
栗太郡,くりたぐん
栗橋町,くりはしまち
栗原郡,くりはらぐん
栗原市,くりはらし
栗源町,くりもとまち
栗山町,くりやまちょう
栗山村,くりやまむら
久留米町,くるめまち
黒石市,くろいしし
黒磯市,くろいそし
黒磯町,くろいそまち
黒川郡,くろかわぐん
黒川村,くろかわむら
黒埼町,くろさきまち
黒埼村,くろさきむら
黒羽町,くろばねまち
黒部市,くろべし
黒保根村,くろほねむら
桑名郡,くわなぐん
桑名市,くわなし
群馬郡,ぐんまぐん
群馬県,ぐんまけん
群馬県市部,ぐんまけんしぶ
群馬町,ぐんままち
芸濃町,げいのうちょう
気仙郡,けせんぐん
気仙沼市,けせんぬまし
下呂市,げろし
下呂町,げろちょう
剣淵町,けんぶちちょう
小出町,こいでまち
小糸町,こいとまち
甲賀郡,こうかぐん
甲賀市,こうかし
甲賀町,こうかちょう
甲西町,こうさいまち
神崎町,こうざきまち
高座郡,こうざぐん
甲州市,こうしゅうし
更埴市,こうしょくし
甲西町,こうせいちょう
幸田町,こうたちょう
神津島村,こうづしまむら
江東区,こうとうく
神戸町,ごうどちょう
港南区,こうなんく
江南市,こうなんし
甲南町,こうなんちょう
江南町,こうなんまち
江南村,こうなんむら
鴻巣市,こうのすし
河野村,こうのむら
甲府市,こうふし
港北区,こうほくく
小海町,こうみまち
甲良町,こうらちょう
桑折町,こおりまち
郡山市,こおりやまし
古河市,こがし
五個荘町,ごかしょうちょう
小金井市,こがねいし
五霞町,ごかまち
五霞村,ごかむら
国府町,こくふちょう
国分寺市,こくぶんじし
国分寺町,こくぶんじまち
小牛田町,こごたちょう
湖西市,こさいし
湖西町,こさいちょう
小坂井町,こざかいちょう
小坂町,こさかまち
越谷市,こしがやし
古志郡,こしぐん
越路町,こしじまち
越廼村,こしのむら
小清水町,こしみずちょう
五城目町,ごじょうめまち
五所川原市,ごしょがわらし
小杉町,こすぎまち
小菅村,こすげむら
小須戸町,こすどまち
五泉市,ごせんし
御前山村,ごぜんやまむら
小平市,こだいらし
児玉郡,こだまぐん
児玉町,こだままち
御殿場市,ごてんばし
湖東町,ことうちょう
琴丘町,ことおかまち
琴浜村,ことはまむら
小泊村,こどまりむら
湖南市,こなんし
金浦町,このうらまち
五戸町,ごのへまち
湖北町,こほくちょう
狛江市,こまえし
狛江町,こまえまち
駒ヶ根市,こまがねし
小牧市,こまきし
小松市,こまつし
子持村,こもちむら
菰野町,こものちょう
小諸市,こもろし
衣川村,ころもがわむら
埼玉県,さいたまけん
さいたま市,さいたまし
佐井村,さいむら
幸区,さいわいく
蔵王町,ざおうまち
佐織町,さおりちょう
境川村,さかいがわむら
坂井郡,さかいぐん
坂井市,さかいし
坂井町,さかいちょう
境町,さかいまち
坂井村,さかいむら
坂内村,さかうちむら
栄区,さかえく
寒河江市,さがえし
栄町,さかえまち
栄村,さかえむら
坂北村,さかきたむら
坂城町,さかきまち
坂下町,さかしたちょう
坂田郡,さかたぐん
酒田市,さかたし
坂戸市,さかどし
坂戸町,さかどまち
坂祝町,さかほぎちょう
相模湖町,さがみこまち
相模原市,さがみはらし
相良町,さがらちょう
左京区,さきょうく
佐久市,さくし
佐久穂町,さくほまち
佐久町,さくまち
佐久間町,さくまちょう
桜川市,さくらがわし
桜川村,さくらがわむら
桜区,さくらく
さくら市,さくらし
桜村,さくらむら
鮭川村,さけがわむら
笹神村,ささかみむら
猿島郡,さしまぐん
猿島町,さしままち
幸手市,さってし
幸手町,さってまち
札幌市,さっぽろし
佐渡郡,さどぐん
佐渡市,さどし
里美村,さとみむら
真田町,さなだまち
佐野市,さのし
鯖江市,さばえし
座間市,ざまし
様似町,さまにちょう
座間町,ざままち
三水村,さみずむら
寒川町,さむかわまち
鮫川村,さめがわむら
佐屋町,さやちょう
狭山市,さやまし
更級郡,さらしなぐん
更別村,さらべつむら
猿払村,さるふつむら
佐呂間町,さろまちょう
沢内村,さわうちむら
佐波郡,さわぐん
佐和田町,さわたまち
佐原市,さわらし
砂原町,さわらちょう
砂原村,さわらむら
三条市,さんじょうし
三島郡,さんとうぐん
山東町,さんとうちょう
山内村,さんないむら
三戸郡,さんのへぐん
三戸町,さんのへまち
山武郡,さんぶぐん
山武町,さんぶまち
山北町,さんぽくまち
山武市,さんむし
三陸町,さんりくちょう
三和町,さんわまち
三和村,さんわむら
市浦村,しうらむら
紫雲寺町,しうんじまち
塩竈市,しおがまし
塩川町,しおかわまち
塩沢町,しおざわまち
塩尻市,しおじりし
塩原町,しおばらまち
志雄町,しおまち
塩谷郡,しおやぐん
塩谷町,しおやまち
鹿追町,しかおいちょう
滋賀郡,しがぐん
滋賀県,しがけん
滋賀県郡部,しがけんぐんぶ
滋賀県市部,しがけんしぶ
志賀町,しがちょう
師勝町,しかつちょう
鹿部町,しかべちょう
鹿部村,しかべむら
志賀町,しかまち
色麻町,しかまちょう
色麻村,しかまむら
四賀村,しがむら
信楽町,しがらきちょう
志木市,しきし
敷島町,しきしままち
四国地方,しこくちほう
色丹村,しこたんむら
酒々井町,しすいまち
静岡県,しずおかけん
静岡市,しずおかし
静内町,しずないちょう
志田郡,しだぐん
下田村,しただむら
設楽町,したらちょう
七ヶ浜町,しちがはままち
七戸町,しちのへまち
志津川町,しづがわちょう
七宝町,しっぽうちょう
品川区,しながわく
信濃町,しなのまち
芝川町,しばかわちょう
柴田郡,しばたぐん
新発田市,しばたし
柴田町,しばたまち
芝山町,しばやままち
渋川市,しぶかわし
渋谷区,しぶやく
標茶町,しべちゃちょう
士別市,しべつし
標津町,しべつちょう
蘂取村,しべとろむら
士幌町,しほろちょう
島ヶ原村,しまがはらむら
志摩郡,しまぐん
志摩市,しまし
島田市,しまだし
志摩町,しまちょう
島牧村,しままきむら
清水区,しみずく
清水市,しみずし
清水町,しみずちょう
占冠村,しむかっぷむら
下伊那郡,しもいなぐん
下川町,しもかわちょう
下北郡,しもきたぐん
下京区,しもぎょうく
甚目寺町,じもくじちょう
下郷町,しもごうまち
下條村,しもじょうむら
下諏訪町,しもすわまち
下高井郡,しもたかいぐん
下田市,しもだし
下館市,しもだてし
下田町,しもだまち
下都賀郡,しもつがぐん
下野市,しもつけし
下妻市,しもつまし
下仁田町,しもにたまち
下総町,しもふさまち
下閉伊郡,しもへいぐん
下部町,しもべちょう
下水内郡,しもみのちぐん
下村,しもむら
下山村,しもやまむら
積丹町,しゃこたんちょう
紗那村,しゃなむら
車力村,しゃりきむら
斜里町,しゃりちょう
十王町,じゅうおうまち
周智郡,しゅうちぐん
修善寺町,しゅぜんじちょう
上越市,じょうえつし
庄川町,しょうがわまち
荘川村,しょうかわむら
常総市,じょうそうし
庄内町,しょうないまち
沼南町,しょうなんまち
城端町,じょうはなまち
菖蒲町,しょうぶまち
常北町,じょうほくまち
城陽市,じょうようし
城陽町,じょうようちょう
昭和区,しょうわく
昭和町,しょうわちょう
昭和町,しょうわまち
昭和村,しょうわむら
白老町,しらおいちょう
白岡市,しらおかし
白岡町,しらおかまち
白河市,しらかわし
白川町,しらかわちょう
白川村,しらかわむら
白子町,しらこまち
白沢村,しらさわむら
白鷹町,しらたかまち
白滝村,しらたきむら
白糠町,しらぬかちょう
白根町,しらねまち
白浜町,しらはままち
白峰村,しらみねむら
知内町,しりうちちょう
白井市,しろいし
白石区,しろいしく
白石市,しろいしし
白井町,しろいまち
城里町,しろさとまち
白鳥町,しろとりちょう
白根市,しろねし
城山町,しろやままち
紫波郡,しわぐん
紫波町,しわちょう
志波姫町,しわひめちょう
新川町,しんかわちょう
新郷村,しんごうむら
新篠津村,しんしのつむら
新宿区,しんじゅくく
新庄市,しんじょうし
新城市,しんしろし
真正町,しんせいちょう
新地町,しんちまち
新地村,しんちむら
榛東村,しんとうむら
新得町,しんとくちょう
新利根町,しんとねまち
新利根村,しんとねむら
新町,しんまち
新湊市,しんみなとし
水原町,すいばらまち
水府村,すいふむら
須賀川市,すかがわし
杉戸町,すぎとまち
杉並区,すぎなみく
須坂市,すざかし
逗子市,ずしし
鈴鹿郡,すずかぐん
鈴鹿市,すずかし
珠洲郡,すずぐん
珠洲市,すずし
裾野市,すそのし
裾野町,すそのちょう
須玉町,すたまちょう
須玉町,すだまちょう
寿都町,すっつちょう
砂川市,すながわし
巣南町,すなみちょう
墨俣町,すのまたちょう
墨田区,すみだく
住田町,すみたちょう
守門村,すもんむら
駿河区,するがく
諏訪郡,すわぐん
諏訪市,すわし
駿東郡,すんとうぐん
清内路村,せいないじむら
聖籠町,せいろうまち
聖籠村,せいろうむら
清和村,せいわむら
関川村,せきかわむら
関市,せきし
関城町,せきじょうまち
関町,せきちょう
関宿町,せきやどまち
世田谷区,せたがやく
勢多郡,せたぐん
瀬棚町,せたなちょう
瀬戸市,せとし
瀬峰町,せみねちょう
瀬谷区,せやく
仙台市,せんだいし
仙南村,せんなんむら
千畑町,せんはたまち
千畑村,せんはたむら
仙北郡,せんぼくぐん
仙北市,せんぼくし
仙北町,せんぼくまち
仙北村,せんぼくむら
千厩町,せんまやちょう
草加市,そうかし
匝瑳郡,そうさぐん
匝瑳市,そうさし
壮瞥町,そうべつちょう
相馬郡,そうまぐん
相馬市,そうまし
相馬村,そうまむら
宗谷支庁,そうやしちょう
総和町,そうわまち
袖ケ浦市,そでがうらし
袖ケ浦町,そでがうらまち
外ヶ浜町,そとがはままち
祖父江町,そぶえちょう
空知支庁,そらちしちょう
大安町,だいあんちょう
大栄町,たいえいまち
大王町,だいおうちょう
大樹町,たいきちょう
大子町,だいごまち
大信村,たいしんむら
大成町,たいせいちょう
大仙市,だいせんし
台東区,たいとうく
大東町,だいとうちょう
胎内市,たいないし
太白区,たいはくく
大門町,だいもんまち
大雄村,たいゆうむら
大洋村,たいようむら
平舘村,たいらだてむら
平村,たいらむら
大和町,たいわちょう
高岡市,たかおかし
喬木村,たかぎむら
多賀郡,たがぐん
高崎市,たかさきし
高郷村,たかさとむら
高島郡,たかしまぐん
高島市,たかしまし
高島町,たかしまちょう
高清水町,たかしみずまち
多賀城市,たがじょうし
多賀城町,たがじょうまち
鷹栖町,たかすちょう
高鷲村,たかすむら
田方郡,たがたぐん
高田市,たかだし
多賀町,たがちょう
高月町,たかつきちょう
高津区,たかつく
高遠町,たかとおまち
高富町,たかとみちょう
高根沢町,たかねざわまち
高根町,たかねちょう
高根村,たかねむら
鷹巣町,たかのすまち
高萩市,たかはぎし
高畠町,たかはたまち
高浜市,たかはまし
高浜町,たかはまちょう
高浜町,たかはままち
高松町,たかまつまち
田上町,たがみまち
田上村,たがみむら
高森町,たかもりまち
高柳町,たかやなぎまち
高山市,たかやまし
高山村,たかやまむら
滝川市,たきかわし
多気郡,たきぐん
滝沢市,たきざわし
滝沢村,たきざわむら
多気町,たきちょう
滝根町,たきねまち
武石村,たけしむら
武豊町,たけとよちょう
武生市,たけふし
多古町,たこまち
田沢湖町,たざわこまち
田島町,たじままち
多治見市,たじみし
田尻町,たじりちょう
田代町,たしろまち
只見町,ただみまち
立川市,たちかわし
立川町,たちかわまち
橘町,たちばなまち
田子町,たっこまち
立田村,たつたむら
辰口町,たつのくちまち
辰野町,たつのまち
龍山村,たつやまむら
田鶴浜町,たつるはままち
舘岩村,たていわむら
伊達郡,だてぐん
伊達市,だてし
立科町,たてしなまち
伊達町,だてちょう
館林市,たてばやしし
伊達町,だてまち
館山市,たてやまし
立山町,たてやままち
多度町,たどちょう
田富町,たとみちょう
棚倉町,たなぐらまち
田無市,たなしし
田辺町,たなべちょう
谷汲村,たにぐみむら
田沼町,たぬままち
種市町,たねいちまち
多野郡,たのぐん
田野畑村,たのはたむら
丹波山村,たばやまむら
田原市,たはらし
田原町,たはらちょう
玉川村,たまかわむら
玉川村,たまがわむら
玉城町,たまきちょう
多摩区,たまく
多摩市,たまし
玉造郡,たまつくりぐん
玉造町,たまつくりまち
玉穂町,たまほちょう
玉穂村,たまほむら
多摩町,たままち
玉村町,たまむらまち
玉山村,たまやまむら
玉里村,たまりむら
田村郡,たむらぐん
田村市,たむらし
垂井町,たるいちょう
田老町,たろうちょう
端野町,たんのちょう
小県郡,ちいさがたぐん
茅ヶ崎市,ちがさきし
千種区,ちくさく
筑西市,ちくせいし
筑北村,ちくほくむら
千曲市,ちくまし
千倉町,ちくらまち
知多郡,ちたぐん
知多市,ちたし
知多町,ちたちょう
秩父郡,ちちぶぐん
秩父市,ちちぶし
千歳市,ちとせし
茅野市,ちのし
千葉県,ちばけん
千葉県郡部,ちばけんぐんぶ
千葉県市部,ちばけんしぶ
千葉市,ちばし
中央区,ちゅうおうく
中央市,ちゅうおうし
中主町,ちゅうずちょう
忠類村,ちゅうるいむら
鳥海町,ちょうかいまち
鳥海村,ちょうかいむら
銚子市,ちょうしし
長生郡,ちょうせいぐん
長生村,ちょうせいむら
長南町,ちょうなんまち
調布市,ちょうふし
千代川村,ちよかわむら
千代田区,ちよだく
千代田町,ちよだまち
千代田村,ちよだむら
知立市,ちりゅうし
知立町,ちりゅうちょう
都賀町,つがまち
つがる市,つがるし
津川町,つがわまち
月形町,つきがたちょう
月潟村,つきがたむら
築館町,つきだてちょう
月舘町,つきだてまち
月夜野町,つきよのまち
津久井郡,つくいぐん
津久井町,つくいまち
作手村,つくでむら
筑波郡,つくばぐん
つくば市,つくばし
筑波町,つくばまち
つくばみらい市,つくばみらいし
津具村,つぐむら
付知町,つけちちょう
津市,つし
津島市,つしまし
土浦市,つちうらし
土山町,つちやまちょう
都筑区,つづきく
綴喜郡,つづきぐん
津南町,つなんまち
常澄村,つねずみむら
津幡町,つばたまち
燕市,つばめし
津別町,つべつちょう
嬬恋村,つまごいむら
津山町,つやまちょう
鶴居村,つるいむら
鶴岡市,つるおかし
敦賀市,つるがし
鶴ヶ島市,つるがしまし
鶴来町,つるぎまち
都留市,つるし
鶴田町,つるたまち
鶴見区,つるみく
手稲区,ていねく
天塩町,てしおちょう
弟子屈町,てしかがちょう
出島村,でじまむら
寺井町,てらいまち
寺泊町,てらどまりまち
天栄村,てんえいむら
天童市,てんどうし
天王町,てんのうまち
天白区,てんぱくく
天竜区,てんりゅうく
天竜市,てんりゅうし
天龍村,てんりゅうむら
戸井町,といちょう
東員町,とういんちょう
東栄町,とうえいちょう
東海市,とうかいし
東海地方,とうかいちほう
東海村,とうかいむら
東金市,とうがねし
東京都,とうきょうと
東郷町,とうごうちょう
道志村,どうしむら
東部町,とうぶまち
当別町,とうべつちょう
東北地方,とうほくちほう
東北町,とうほくまち
当麻町,とうまちょう
東御市,とうみし
洞爺湖町,とうやこちょう
洞爺村,とうやむら
東和町,とうわちょう
東和町,とうわまち
十日町市,とおかまちし
遠田郡,とおだぐん
遠野市,とおのし
戸隠村,とがくしむら
十勝支庁,とかちしちょう
利賀村,とがむら
ときがわ町,ときがわまち
都幾川村,ときがわむら
土岐郡,ときぐん
土岐市,ときし
富来町,とぎまち
常葉町,ときわまち
常盤村,ときわむら
特別区部,とくべつくぶ
徳山村,とくやまむら
戸倉町,とぐらまち
常滑市,とこなめし
所沢市,ところざわし
常呂町,ところちょう
戸沢村,とざわむら
豊島区,としまく
利島村,としまむら
戸田市,とだし
栃尾市,とちおし
栃木県,とちぎけん
栃木県市部,とちぎけんしぶ
栃木市,とちぎし
戸塚区,とつかく
椴法華村,とどほっけむら
砺波市,となみし
都南村,となんむら
利根郡,とねぐん
利根町,とねまち
利根村,とねむら
鳥羽市,とばし
飛島村,とびしまむら
苫小牧市,とまこまいし
苫前町,とままえちょう
泊村,とまりむら
富浦町,とみうらまち
富岡市,とみおかし
富岡町,とみおかまち
富加町,とみかちょう
富加村,とみかむら
富里市,とみさとし
富里町,とみさとまち
富里村,とみさとむら
富沢町,とみざわちょう
富谷市,とみやし
富谷町,とみやまち
富山町,とみやままち
富山村,とみやまむら
登米郡,とめぐん
登米市,とめし
友部町,ともべまち
富山県,とやまけん
富山県市部,とやまけんしぶ
富山市,とやまし
豊明市,とよあけし
豊明町,とよあけちょう
豊浦町,とようらちょう
豊浦町,とようらまち
豊浦村,とようらむら
豊丘村,とよおかむら
豊川市,とよかわし
豊頃町,とよころちょう
豊栄市,とよさかし
豊栄町,とよさかまち
豊里町,とよさとちょう
豊里町,とよさとまち
豊里村,とよさとむら
豊科町,とよしなまち
豊田市,とよたし
豊田町,とよだちょう
豊田村,とよたむら
豊田村,とよだむら
豊富町,とよとみちょう
豊富村,とよとみむら
豊根村,とよねむら
豊野町,とよのまち
豊橋市,とよはしし
豊平区,とよひらく
登米町,とよままち
豊山町,とよやまちょう
豊山村,とよやまむら
虎姫町,とらひめちょう
鳥越村,とりごえむら
取手市,とりでし
取手町,とりでまち
鳥屋町,とりやまち
十和田湖町,とわだこまち
十和田市,とわだし
十和田町,とわだまち
奈井江町,ないえちょう
直江津市,なおえつし
長井市,ながいし
中伊豆町,なかいずちょう
中井町,なかいまち
長岡市,ながおかし
長岡町,ながおかちょう
中川区,なかがわく
中川町,なかがわちょう
那珂川町,なかがわまち
中川村,なかがわむら
中京区,なかぎょうく
中区,なかく
長久手市,ながくてし
長久手町,ながくてちょう
長久手村,ながくてむら
中頸城郡,なかくびきぐん
那珂郡,なかぐん
名賀郡,ながぐん
中郷村,なかごうむら
中巨摩郡,なかこまぐん
長坂町,ながさかちょう
中里町,なかさとまち
中里村,なかさとむら
長狭町,ながさまち
那珂市,なかし
中島郡,なかしまぐん
長島町,ながしまちょう
中島町,なかじままち
中島村,なかじまむら
中条町,なかじょうまち
中条村,なかじょうむら
中仙町,なかせんまち
中田町,なかだちょう
中津軽郡,なかつがるぐん
中津川市,なかつがわし
長門町,ながとまち
中泊町,なかどまりまち
中富町,なかとみちょう
長瀞町,ながとろまち
中新田町,なかにいだまち
長沼町,ながぬまちょう
長沼町,ながぬままち
中野区,なかのく
中之口村,なかのくちむら
長野県,ながのけん
長野県市部,ながのけんしぶ
中野市,なかのし
長野市,ながのし
中之島町,なかのしままち
中之島村,なかのしまむら
中能登町,なかのとまち
長野原町,ながのはらまち
長浜市,ながはまし
中原区,なかはらく
那珂町,なかまち
中道町,なかみちまち
那珂湊市,なかみなとし
中村区,なかむらく
中山町,なかやままち
長柄町,ながらまち
流山市,ながれやまし
名川町,ながわまち
奈川村,ながわむら
南木曽町,なぎそまち
名栗村,なぐりむら
名古屋市,なごやし
那須郡,なすぐん
那須塩原市,なすしおばらし
那須町,なすまち
名田庄村,なたしょうむら
名立町,なだちまち
名取郡,なとりぐん
名取市,なとりし
七飯町,ななえちょう
七尾市,ななおし
七会村,ななかいむら
七塚町,ななつかまち
名張市,なばりし
浪合村,なみあいむら
浪江町,なみえまち
浪岡町,なみおかまち
行方郡,なめがたぐん
行方市,なめがたし
滑川町,なめがわまち
滑川村,なめがわむら
滑川市,なめりかわし
名寄市,なよろし
楢川村,ならかわむら
習志野市,ならしのし
楢葉町,ならはまち
成田市,なりたし
鳴子町,なるこちょう
鳴沢村,なるさわむら
鳴瀬町,なるせちょう
成東町,なるとうまち
南外村,なんがいむら
南郷町,なんごうちょう
南郷村,なんごうむら
南条郡,なんじょうぐん
南条町,なんじょうちょう
南勢町,なんせいちょう
南丹市,なんたんし
南島町,なんとうちょう
南砺市,なんとし
南濃町,なんのうちょう
南部町,なんぶちょう
南部町,なんぶまち
南幌町,なんぽろちょう
南牧村,なんもくむら
南陽市,なんようし
新潟県,にいがたけん
新潟市,にいがたし
新座市,にいざし
新里村,にいさとむら
新座町,にいざまち
新島村,にいじまむら
新津市,にいつし
新鶴村,にいつるむら
新治郡,にいはりぐん
新治村,にいはりむら
新治村,にいはるむら
新穂村,にいぼむら
にかほ市,にかほし
仁賀保町,にかほまち
仁木町,にきちょう
西会津町,にしあいづまち
西浅井村,にしあざいむら
西伊豆町,にしいずちょう
西磐井郡,にしいわいぐん
西尾市,にしおし
西方町,にしかたまち
西方村,にしかたむら
西加茂郡,にしかもぐん
西川町,にしかわまち
西蒲区,にしかんく
西木村,にしきむら
西京区,にしきょうく
西区,にしく
西頸城郡,にしくびきぐん
西郷村,にしごうむら
西田川郡,にしたがわぐん
西谷村,にしたにむら
西多摩郡,にしたまぐん
西津軽郡,にしつがるぐん
西礪波郡,にしとなみぐん
西那須野町,にしなすのまち
西根町,にしねちょう
西春町,にしはるちょう
西目町,にしめまち
西目村,にしめむら
西目屋村,にしめやむら
西山町,にしやままち
西和賀町,にしわがまち
ニセコ町,にせこちょう
日光市,にっこうし
日進市,にっしんし
日進町,にっしんちょう
新田郡,にったぐん
新田町,にったまち
二戸郡,にのへぐん
二戸市,にのへし
二宮町,にのみやまち
二本松市,にほんまつし
丹生川村,にゅうかわむら
丹生郡,にゅうぐん
入善町,にゅうぜんまち
韮崎市,にらさきし
韮山町,にらやまちょう
丹羽郡,にわぐん
額田郡,ぬかたぐん
額田町,ぬかたちょう
沼田市,ぬまたし
沼田町,ぬまたちょう
沼津市,ぬまづし
根上町,ねあがりまち
婦負郡,ねいぐん
根尾村,ねおむら
根羽村,ねばむら
根室市,ねむろし
根室支庁,ねむろしちょう
練馬区,ねりまく
能生町,のうまち
野上町,のがみまち
野木町,のぎまち
野栄町,のさかまち
能代市,のしろし
野田市,のだし
野田村,のだむら
能登川町,のとがわちょう
能登島町,のとじままち
能登町,のとちょう
能都町,のとまち
野々市市,ののいちし
野々市町,ののいちまち
野辺地町,のへじまち
登別市,のぼりべつし
能美郡,のみぐん
能美市,のみし
榛原郡,はいばらぐん
榛原町,はいばらちょう
芳賀郡,はがぐん
芳賀町,はがまち
萩原町,はぎわらちょう
羽咋郡,はくいぐん
羽咋市,はくいし
白山市,はくさんし
白山町,はくさんちょう
白州町,はくしゅうまち
白馬村,はくばむら
葉栗郡,はぐりぐん
羽黒町,はぐろまち
函館市,はこだてし
箱根町,はこねまち
波崎町,はさきまち
迫町,はさまちょう
階上町,はしかみちょう
階上村,はしかみむら
羽島郡,はしまぐん
羽島市,はしまし
幡豆郡,はずぐん
蓮田市,はすだし
蓮田町,はすだまち
幡豆町,はずちょう
蓮沼村,はすぬまむら
長谷村,はせむら
秦荘町,はたしょうちょう
秦野市,はだのし
畑野町,はたのまち
波田町,はたまち
波田村,はたむら
八王子市,はちおうじし
八開村,はちかいむら
八丈町,はちじょうまち
八戸市,はちのへし
八幡平市,はちまんたいし
八幡町,はちまんちょう
八森町,はちもりまち
八竜町,はちりゅうまち
八田村,はったむら
八峰町,はっぽうちょう
馬頭町,ばとうまち
鳩ケ谷市,はとがやし
鳩山町,はとやままち
鳩山村,はとやまむら
花泉町,はないずみまち
花園町,はなぞのまち
花園村,はなぞのむら
花巻市,はなまきし
花見川区,はなみがわく
花山村,はなやまむら
花輪町,はなわまち
埴科郡,はにしなぐん
羽生市,はにゅうし
羽幌町,はぼろちょう
浜岡町,はまおかちょう
浜北区,はまきたく
浜北市,はまきたし
浜島町,はまじまちょう
浜中町,はまなかちょう
浜名区,はまなく
浜名郡,はまなぐん
浜益村,はまますむら
浜松市,はままつし
羽村市,はむらし
羽村町,はむらまち
羽茂町,はもちまち
早川町,はやかわちょう
早来町,はやきたちょう
葉山町,はやままち
原町市,はらまちし
原村,はらむら
春江町,はるえちょう
榛名町,はるなまち
春野町,はるのちょう
春日町,はるひちょう
春日村,はるひむら
磐梯町,ばんだいまち
半田市,はんだし
坂東市,ばんどうし
飯能市,はんのうし
美瑛町,びえいちょう
稗貫郡,ひえぬきぐん
東近江市,ひがしおうみし
東加茂郡,ひがしかもぐん
東区,ひがしく
東久留米市,ひがしくるめし
東根市,ひがしねし
東村,ひがしむら
東山区,ひがしやまく
東大和市,ひがしやまとし
東由利町,ひがしゆりまち
東由利村,ひがしゆりむら
干潟町,ひかたまち
光町,ひかりまち
比企郡,ひきぐん
彦根市,ひこねし
久居市,ひさいし
尾西市,びさいし
久居町,ひさいちょう
日高市,ひだかし
日高支庁,ひだかしちょう
日高町,ひだかちょう
日高町,ひだかまち
飛騨市,ひだし
常陸太田市,ひたちおおたし
日立市,ひたちし
ひたちなか市,ひたちなかし
七宗町,ひちそうちょう
七宗村,ひちそうむら
比布町,ぴっぷちょう
比内町,ひないまち
檜枝岐村,ひのえまたむら
日野市,ひのし
日野町,ひのちょう
日の出町,ひのでまち
日の出村,ひのでむら
檜原村,ひのはらむら
美唄市,びばいし
美深町,びふかちょう
美幌町,びほろちょう
氷見市,ひみし
檜山支庁,ひやましちょう
日義村,ひよしむら
平鹿郡,ひらかぐん
平賀町,ひらかまち
平川市,ひらかわし
平川町,ひらかわまち
平田町,ひらたちょう
平田町,ひらたまち
平田村,ひらたむら
平塚市,ひらつかし
平取町,びらとりちょう
平内町,ひらないまち
平谷村,ひらやむら
蛭川村,ひるかわむら
広尾町,ひろおちょう
広神村,ひろかみむら
弘前市,ひろさきし
広島町,ひろしまちょう
洋野町,ひろのちょう
広野町,ひろのまち
びわ町,びわちょう
びわ村,びわむら
風連町,ふうれんちょう
笛吹市,ふえふきし
深浦町,ふかうらまち
深川市,ふかがわし
深谷市,ふかやし
吹上町,ふきあげまち
福井県,ふくいけん
福井県市部,ふくいけんしぶ
福井市,ふくいし
福岡町,ふくおかちょう
福岡町,ふくおかまち
福島県,ふくしまけん
福島市,ふくしまし
福島町,ふくしまちょう
富来田町,ふくたまち
福地村,ふくちむら
福知山市,ふくちやまし
福田町,ふくでちょう
福野町,ふくのまち
福光町,ふくみつまち
袋井市,ふくろいし
鳳至郡,ふげしぐん
藤枝市,ふじえだし
藤岡市,ふじおかし
藤岡町,ふじおかちょう
藤岡町,ふじおかまち
藤岡村,ふじおかむら
富士川町,ふじかわちょう
富士郡,ふじぐん
藤崎町,ふじさきまち
藤里町,ふじさとまち
藤沢市,ふじさわし
藤沢町,ふじさわちょう
富士市,ふじし
藤島町,ふじしままち
藤代町,ふじしろまち
藤野町,ふじのまち
富士宮市,ふじのみやし
藤橋村,ふじはしむら
藤原町,ふじはらまち
伏見区,ふしみく
富士見市,ふじみし
ふじみ野市,ふじみのし
富士見町,ふじみまち
富士見村,ふじみむら
富士吉田市,ふじよしだし
藤原町,ふじわらちょう
扶桑町,ふそうちょう
普代村,ふだいむら
二ツ井町,ふたついまち
双葉郡,ふたばぐん
双葉町,ふたばちょう
双葉町,ふたばまち
二見町,ふたみちょう
府中市,ふちゅうし
婦中町,ふちゅうまち
福生市,ふっさし
福生町,ふっさまち
富津市,ふっつし
富津町,ふっつまち
舟形町,ふながたまち
船橋市,ふなばしし
舟橋村,ふなはしむら
船引町,ふねひきまち
富良野市,ふらのし
古川市,ふるかわし
古川町,ふるかわちょう
古殿町,ふるどのまち
古平町,ふるびらちょう
不破郡,ふわぐん
文京区,ぶんきょうく
分水町,ぶんすいまち
平和町,へいわちょう
碧海郡,へきかいぐん
碧南市,へきなんし
戸田村,へだむら
別海町,べつかいちょう
別海村,べっかいむら
宝飯郡,ほいぐん
鳳珠郡,ほうすぐん
保谷市,ほうやし
鳳来町,ほうらいちょう
北勢町,ほくせいちょう
北斗市,ほくとし
北陸地方,ほくりくちほう
北竜町,ほくりゅうちょう
鉾田市,ほこたし
鉾田町,ほこたまち
細入村,ほそいりむら
細江町,ほそえちょう
穂高町,ほたかまち
北海道,ほっかいどう
穂積町,ほづみちょう
保土ケ谷区,ほどがやく
保原町,ほばらまち
穂別町,ほべつちょう
洞戸村,ほらどむら
堀金村,ほりがねむら
堀之内町,ほりのうちまち
幌延町,ほろのべちょう
本郷町,ほんごうまち
本郷村,ほんごうむら
本荘市,ほんじょうし
本城村,ほんじょうむら
本納町,ほんのうまち
本別町,ほんべつちょう
舞阪町,まいさかちょう
舞鶴市,まいづるし
米原市,まいばらし
米原町,まいはらちょう
前沢町,まえさわちょう
前橋市,まえばしし
真壁郡,まかべぐん
真壁町,まかべまち
牧丘町,まきおかちょう
マキノ町,まきのちょう
牧之原市,まきのはらし
巻町,まきまち
牧村,まきむら
幕別町,まくべつちょう
増毛町,ましけちょう
益子町,ましこまち
益田郡,ましたぐん
増田町,ますだまち
増穂町,ますほちょう
馬瀬村,まぜむら
町田市,まちだし
松井田町,まついだまち
松岡町,まつおかちょう
松尾町,まつおまち
松尾村,まつおむら
真狩村,まっかりむら
松川町,まつかわまち
松川村,まつかわむら
松阪市,まつさかし
松崎町,まつざきちょう
松島町,まつしままち
松代町,まつだいまち
松田町,まつだまち
松任市,まっとうし
松任町,まつとうまち
松戸市,まつどし
松之山町,まつのやままち
松伏町,まつぶしまち
松前町,まつまえちょう
松本市,まつもとし
松山町,まつやままち
真鶴町,まなづるまち
真野町,まのまち
真室川町,まむろがわまち
丸岡町,まるおかちょう
丸子町,まるこまち
丸森町,まるもりまち
丸山町,まるやままち
万場町,まんばまち
美麻村,みあさむら
三浦郡,みうらぐん
三浦市,みうらし
三重郡,みえぐん
三重県,みえけん
三重県郡部,みえけんぐんぶ
三重県市部,みえけんしぶ
三笠市,みかさし
三方郡,みかたぐん
三方町,みかたちょう
三川町,みかわまち
三川村,みかわむら
三国町,みくにちょう
三雲町,みくもちょう
三雲村,みくもむら
御蔵島村,みくらじまむら
御坂町,みさかちょう
岬町,みさきまち
水窪町,みさくぼちょう
三郷市,みさとし
美郷町,みさとちょう
美里町,みさとまち
美里村,みさとむら
三沢市,みさわし
三島市,みしまし
三島町,みしままち
美杉村,みすぎむら
水沢市,みずさわし
瑞浪市,みずなみし
瑞穂区,みずほく
瑞穂市,みずほし
瑞穂町,みずほまち
御薗村,みそのむら
三鷹市,みたかし
御嵩町,みたけちょう
三岳村,みたけむら
三種町,みたねちょう
三珠町,みたまちょう
三石町,みついしちょう
水海道市,みつかいどうし
三ケ日町,みっかびちょう
見附市,みつけし
水戸市,みとし
御津町,みとちょう
三富村,みとみむら
緑区,みどりく
みどり市,みどりし
水上町,みなかみまち
水口町,みなくちちょう
皆瀬村,みなせむら
港区,みなとく
皆野町,みなのまち
南方町,みなみかたまち
南区,みなみく
南巨摩郡,みなみこまぐん
南佐久郡,みなみさくぐん
南相馬市,みなみそうまし
南多摩郡,みなみたまぐん
南都留郡,みなみつるぐん
南那須町,みなみなすまち
南那須村,みなみなすむら
南牧村,みなみまきむら
美並村,みなみむら
南牟婁郡,みなみむろぐん
見沼区,みぬまく
峰浜村,みねはまむら
美濃加茂市,みのかもし
美濃市,みのし
身延町,みのぶちょう
美野里町,みのりまち
箕輪町,みのわまち
美浜区,みはまく
美浜町,みはまちょう
三春町,みはるまち
壬生町,みぶまち
美浦村,みほむら
宮川村,みやがわむら
宮城郡,みやぎぐん
宮城県,みやぎけん
宮城県市部,みやぎけんしぶ
宮城野区,みやぎのく
宮城町,みやぎまち
宮城村,みやぎむら
三宅支庁,みやけしちょう
三宅村,みやけむら
宮古市,みやこし
都路村,みやこじむら
宮崎町,みやざきちょう
宮崎村,みやざきむら
宮代町,みやしろまち
宮田村,みやだむら
宮津市,みやづし
宮前区,みやまえく
美山町,みやまちょう
宮村,みやむら
宮守村,みやもりむら
明方村,みょうがたむら
妙義町,みょうぎまち
妙高市,みょうこうし
妙高村,みょうこうむら
みよし市,みよしし
三好町,みよしちょう
三芳町,みよしまち
三芳村,みよしむら
御代田町,みよたまち
美和町,みわちょう
美和村,みわむら
三厩村,みんまやむら
六日町,むいかまち
鵡川町,むかわちょう
武川村,むかわむら
武儀郡,むぎぐん
武儀町,むぎちょう
武儀村,むぎむら
武芸川町,むげがわちょう
向日市,むこうし
向日町,むこうまち
武蔵野市,むさしのし
睦沢町,むつざわまち
睦沢村,むつざわむら
むつ市,むつし
村上市,むらかみし
村田町,むらたまち
村松町,むらまつまち
村山市,むらやまし
村山町,むらやままち
牟礼村,むれむら
室根村,むろねむら
室蘭市,むろらんし
名東区,めいとうく
明宝村,めいほうむら
明和町,めいわちょう
明和町,めいわまち
明和村,めいわむら
目黒区,めぐろく
妻沼町,めぬままち
芽室町,めむろちょう
真岡市,もおかし
最上郡,もがみぐん
最上町,もがみまち
妹背牛町,もせうしちょう
望月町,もちづきまち
茂木町,もてぎまち
本巣郡,もとすぐん
本巣市,もとすし
本巣町,もとすちょう
本埜村,もとのむら
本宮市,もとみやし
本宮町,もとみやまち
本吉郡,もとよしぐん
本吉町,もとよしちょう
桃生郡,ものうぐん
桃生町,ものうちょう
茂原市,もばらし
百石町,ももいしまち
盛岡市,もりおかし
森田村,もりたむら
森町,もりまち
守谷市,もりやし
守山区,もりやまく
守山市,もりやまし
守谷町,もりやまち
守山町,もりやまちょう
森吉町,もりよしまち
毛呂山町,もろやままち
門前町,もんぜんまち
紋別市,もんべつし
門別町,もんべつちょう
矢板市,やいたし
焼津市,やいづし
八百津町,やおつちょう
八雲町,やくもちょう
八坂村,やさかむら
八郷町,やさとまち
八潮市,やしおし
八潮町,やしおまち
矢島町,やしままち
泰阜村,やすおかむら
野洲郡,やすぐん
野洲市,やすし
安田町,やすだまち
野洲町,やすちょう
安塚町,やすづかまち
谷田部町,やたべまち
八千穂村,やちほむら
八街市,やちまたし
八街町,やちまたまち
八千代市,やちよし
八千代町,やちよまち
八千代村,やちよむら
八尾町,やつおまち
八代町,やつしろちょう
弥富市,やとみし
弥富町,やとみちょう
柳津町,やないづちょう
柳津町,やないづまち
梁川町,やながわまち
柳田村,やなぎだむら
矢巾町,やはばちょう
弥彦村,やひこむら
矢吹町,やぶきまち
山岡町,やまおかちょう
山県郡,やまがたぐん
山形県,やまがたけん
山形市,やまがたし
山方町,やまがたまち
山形村,やまがたむら
山北町,やまきたまち
山口村,やまぐちむら
耶麻郡,やまぐん
山古志村,やまこしむら
山科区,やましなく
山田郡,やまだぐん
山田町,やまだまち
山田村,やまだむら
矢祭町,やまつりまち
大和市,やまとし
大和町,やまとちょう
山都町,やまとまち
大和村,やまとむら
山中湖村,やまなかこむら
山中町,やまなかまち
山梨県,やまなしけん
山梨市,やまなしし
山ノ内町,やまのうちまち
山辺町,やまのべまち
山本郡,やまもとぐん
山元町,やまもとちょう
山本町,やまもとまち
矢本町,やもとちょう
八幡市,やわたし
八幡町,やわたちょう
八幡町,やわたまち
谷和原村,やわらむら
由比町,ゆいちょう
結城郡,ゆうきぐん
結城市,ゆうきし
雄踏町,ゆうとうちょう
夕張市,ゆうばりし
湧別町,ゆうべつちょう
雄和町,ゆうわまち
雄和村,ゆうわむら
湯川村,ゆがわむら
湯河原町,ゆがわらまち
遊佐町,ゆざまち
湯沢市,ゆざわし
湯沢町,ゆざわまち
湯田町,ゆだまち
湯津上村,ゆづかみむら
由仁町,ゆにちょう
湯之谷村,ゆのたにむら
由利郡,ゆりぐん
由利町,ゆりまち
与板町,よいたまち
余市町,よいちちょう
八日市市,ようかいちし
八日市場市,ようかいちばし
養老郡,ようろうぐん
養老町,ようろうちょう
横越町,よこごしまち
横越村,よこごしむら
横芝町,よこしばまち
横須賀市,よこすかし
横瀬町,よこぜまち
横瀬村,よこぜむら
余呉町,よごちょう
横手市,よこてし
横浜市,よこはまし
横浜町,よこはままち
余呉村,よごむら
吉井町,よしいまち
吉岡町,よしおかまち
吉岡村,よしおかむら
吉川市,よしかわし
吉川町,よしかわまち
吉城郡,よしきぐん
吉田郡,よしだぐん
吉田町,よしだちょう
吉田町,よしだまち
吉野谷村,よしのだにむら
吉見町,よしみまち
吉見村,よしみむら
四日市市,よっかいちし
四街道市,よつかいどうし
米沢市,よねざわし
米山町,よねやまちょう
与野市,よのし
蓬田村,よもぎたむら
寄居町,よりいまち
羅臼町,らうすちょう
蘭越町,らんこしちょう
嵐山町,らんざんまち
陸別町,りくべつちょう
利尻町,りしりちょう
栗東市,りっとうし
栗東町,りっとうちょう
利府町,りふちょう
竜王町,りゅうおうちょう
龍ケ崎市,りゅうがさきし
竜洋町,りゅうようちょう
両神村,りょうかみむら
霊山町,りょうぜんまち
両津市,りょうつし
留寿都村,るすつむら
留辺蘂町,るべしべちょう
留別村,るべつむら
留萌市,るもいし
留萌支庁,るもいしちょう
留夜別村,るよべつむら
礼文町,れぶんちょう
六郷町,ろくごうちょう
六郷町,ろくごうまち
鹿西町,ろくせいまち
六戸町,ろくのへまち
六ヶ所村,ろっかしょむら
若草町,わかくさちょう
和賀郡,わがぐん
若狭町,わかさちょう
和賀町,わがちょう
若葉区,わかばく
若林区,わかばやしく
若美町,わかみまち
脇野沢村,わきのさわむら
涌谷町,わくやちょう
和光市,わこうし
輪島市,わじまし
和島村,わしまむら
鷲宮町,わしみやまち
和田町,わだまち
和田村,わだむら
度会郡,わたらいぐん
度会町,わたらいちょう
亘理郡,わたりぐん
亘理町,わたりちょう
稚内市,わっかないし
和寒町,わっさむちょう
輪之内町,わのうちちょう
蕨市,わらびし
和良村,わらむら
