アアヤ,ああや
アイ,あい
アイア,あいあ
アイカ,あいか
アイガ,あいが
アイキ,あいき
アイコ,あいこ
アイサ,あいさ
アイザクラ,あいざくら
アイシャ,あいしゃ
アイジュ,あいじゅ
アイジュン,あいじゅん
アイズ,あいず
アイセキ,あいせき
アイチ,あいち
アイナ,あいな
アイネ,あいね
アイノ,あいの
アイハ,あいは
アイヒ,あいひ
アイビ,あいび
アイヘイ,あいへい
アイミ,あいみ
アイム,あいむ
アイメ,あいめ
アイラ,あいら
アイリ,あいり
アイリン,あいりん
アイル,あいる
アイロウ,あいろう
アエ,あえ
アエカ,あえか
アエコ,あえこ
アエミ,あえみ
アエリ,あえり
アオ,あお
アオイ,あおい
アオウミ,あおうみ
アオエ,あおえ
アオカ,あおか
アオキ,あおき
アオギ,あおぎ
アオコ,あおこ
アオサ,あおさ
アオナ,あおな
アオノ,あおの
アオバ,あおば
アオヒ,あおひ
アオミ,あおみ
アオリ,あおり
アカエ,あかえ
アカキ,あかき
アカコ,あかこ
アガサ,あがさ
アカシ,あかし
アカセ,あかせ
アカツ,あかつ
アカツキ,あかつき
アカナ,あかな
アカネ,あかね
アカノ,あかの
アカヒコ,あかひこ
アカホ,あかほ
アカミ,あかみ
アカヨ,あかよ
アカリ,あかり
アカル,あかる
アキ,あき
アキア,あきあ
アキエ,あきえ
アキオ,あきお
アキカ,あきか
アキコ,あきこ
アキサ,あきさ
アキジ,あきじ
アキツ,あきつ
アキト,あきと
アキナ,あきな
アキネ,あきね
アキノ,あきの
アキハ,あきは
アキバ,あきば
アキヒ,あきひ
アキホ,あきほ
アキミ,あきみ
アキヨ,あきよ
アキラ,あきら
アキヲ,あきを
アクア,あくあ
アクラ,あくら
アクリ,あくり
アグリ,あぐり
アケオ,あけお
アケカ,あけか
アケコ,あけこ
アゲコ,あげこ
アケチ,あけち
アケノ,あけの
アケハ,あけは
アゲハ,あげは
アケビ,あけび
アケミ,あけみ
アケメ,あけめ
アケヨ,あけよ
アケリ,あけり
アコ,あこ
アコナ,あこな
アコミ,あこみ
アコヤ,あこや
アサ,あさ
アサイ,あさい
アサエ,あさえ
アサオ,あさお
アサカ,あさか
アサキ,あさき
アサギ,あさぎ
アサコ,あさこ
アサジ,あさじ
アサト,あさと
アサナ,あさな
アサノ,あさの
アサハ,あさは
アサヒ,あさひ
アサホ,あさほ
アサミ,あさみ
アサメ,あさめ
アサヤ,あさや
アサヨ,あさよ
アサラ,あさら
アサリ,あさり
アサヲ,あさを
アシ,あし
アシエ,あしえ
アシタ,あした
アズ,あず
アスエ,あすえ
アスカ,あすか
アスキ,あすき
アズキ,あずき
アスコ,あすこ
アズサ,あずさ
アスナ,あすな
アズナ,あずな
アスハ,あすは
アズハ,あずは
アスミ,あすみ
アズミ,あずみ
アスモ,あすも
アスヨ,あすよ
アスワ,あすわ
アセイ,あせい
アソミ,あそみ
アチコ,あちこ
アチミ,あちみ
アツ,あつ
アヅ,あづ
アツエ,あつえ
アツオ,あつお
アツカ,あつか
アヅカ,あづか
アツキ,あつき
アヅキ,あづき
アツケ,あつけ
アツコ,あつこ
アツサ,あつさ
アヅサ,あづさ
アヅチ,あづち
アツナ,あつな
アヅナ,あづな
アツネ,あつね
アツノ,あつの
アツホ,あつほ
アヅマ,あづま
アツミ,あつみ
アヅミ,あづみ
アツヨ,あつよ
アツリ,あつり
アヅル,あづる
アテナ,あてな
アテネ,あてね
アド,あど
アドカ,あどか
アトコ,あとこ
アトミ,あとみ
アトリ,あとり
アナ,あな
アナミ,あなみ
アネ,あね
アネカ,あねか
アノ,あの
アノリ,あのり
アビ,あび
アマ,あま
アマキ,あまき
アマナ,あまな
アマネ,あまね
アマビ,あまび
アマミ,あまみ
アマリ,あまり
アマレ,あまれ
アミ,あみ
アミカ,あみか
アミコ,あみこ
アミサ,あみさ
アミナ,あみな
アミネ,あみね
アミリ,あみり
アミル,あみる
アム,あむ
アムロ,あむろ
アモ,あも
アヤ,あや
アヤイ,あやい
アヤエ,あやえ
アヤオ,あやお
アヤカ,あやか
アヤキ,あやき
アヤギ,あやぎ
アヤコ,あやこ
アヤサ,あやさ
アヤシ,あやし
アヤジ,あやじ
アヤセ,あやせ
アヤナ,あやな
アヤニ,あやに
アヤネ,あやね
アヤノ,あやの
アヤハ,あやは
アヤホ,あやほ
アヤミ,あやみ
アヤム,あやむ
アヤメ,あやめ
アヤモ,あやも
アヤヤ,あやや
アヤヨ,あやよ
アヤリ,あやり
アヤワ,あやわ
アヤヲ,あやを
アユ,あゆ
アユイ,あゆい
アユウ,あゆう
アユカ,あゆか
アユキ,あゆき
アユコ,あゆこ
アユサ,あゆさ
アユチ,あゆち
アユナ,あゆな
アユネ,あゆね
アユノ,あゆの
アユハ,あゆは
アユホ,あゆほ
アユマ,あゆま
アユミ,あゆみ
アユミコ,あゆみこ
アユム,あゆむ
アユメ,あゆめ
アユリ,あゆり
アヨ,あよ
アヨコ,あよこ
アラ,あら
アラサ,あらさ
アラン,あらん
アリ,あり
アリア,ありあ
アリエ,ありえ
アリカ,ありか
アリキ,ありき
アリコ,ありこ
アリサ,ありさ
アリス,ありす
アリセ,ありせ
アリソン,ありそん
アリナ,ありな
アリハ,ありは
アリホ,ありほ
アリミ,ありみ
アリヨ,ありよ
アル,ある
アルナ,あるな
アルハ,あるは
アルホ,あるほ
アルミ,あるみ
アレ,あれ
アレイ,あれい
アレナ,あれな
アワ,あわ
アワカ,あわか
アン,あん
アンカ,あんか
アンシ,あんし
アンジュ,あんじゅ
アンズ,あんず
アンナ,あんな
アンヌ,あんぬ
アンノ,あんの
アンビ,あんび
アンリ,あんり
イア,いあ
イアリ,いあり
イアン,いあん
イエ,いえ
イエコ,いえこ
イオ,いお
イオコ,いおこ
イオナ,いおな
イオリ,いおり
イオン,いおん
イカ,いか
イカコ,いかこ
イカリ,いかり
イキ,いき
イキコ,いきこ
イキミ,いきみ
イク,いく
イクエ,いくえ
イクオ,いくお
イクカ,いくか
イクコ,いくこ
イクナ,いくな
イクノ,いくの
イクハ,いくは
イクホ,いくほ
イクミ,いくみ
イクモ,いくも
イクヨ,いくよ
イクリ,いくり
イコ,いこ
イサ,いさ
イサエ,いさえ
イサオ,いさお
イサコ,いさこ
イサト,いさと
イサナ,いさな
イサノ,いさの
イサホ,いさほ
イサミ,いさみ
イサヨ,いさよ
イシコ,いしこ
イシズ,いしず
イスズ,いすず
イズノ,いずの
イズハ,いずは
イズヒ,いずひ
イズホ,いずほ
イズミ,いずみ
イズミコ,いずみこ
イズモ,いずも
イセ,いせ
イセコ,いせこ
イセミ,いせみ
イセヨ,いせよ
イソエ,いそえ
イソカ,いそか
イソコ,いそこ
イソノ,いその
イソミ,いそみ
イチエ,いちえ
イチカ,いちか
イチコ,いちこ
イチゴ,いちご
イチズ,いちず
イチノ,いちの
イチハ,いちは
イチハナ,いちはな
イチホ,いちほ
イチミ,いちみ
イチヨ,いちよ
イチヨウ,いちよう
イチロ,いちろ
イツエ,いつえ
イツカ,いつか
イヅカ,いづか
イツキ,いつき
イツク,いつく
イツコ,いつこ
イツナ,いつな
イツノ,いつの
イツハ,いつは
イツホ,いつほ
イッポ,いっぽ
イヅホ,いづほ
イツミ,いつみ
イヅミ,いづみ
イツヨ,いつよ
イヅル,いづる
イツワ,いつわ
イト,いと
イトイ,いとい
イトエ,いとえ
イトカ,いとか
イトコ,いとこ
イトジ,いとじ
イトナ,いとな
イトネ,いとね
イトノ,いとの
イトハ,いとは
イトミ,いとみ
イトヨ,いとよ
イトワ,いとわ
イナ,いな
イナエ,いなえ
イナコ,いなこ
イナホ,いなほ
イナミ,いなみ
イナメ,いなめ
イナヨ,いなよ
イネカ,いねか
イネコ,いねこ
イネミ,いねみ
イノコ,いのこ
イノリ,いのり
イブ,いぶ
イブキ,いぶき
イフミ,いふみ
イホ,いほ
イホコ,いほこ
イホミ,いほみ
イマ,いま
イマコ,いまこ
イマヨ,いまよ
イマリ,いまり
イマル,いまる
イミ,いみ
イミコ,いみこ
イユ,いゆ
イユコ,いゆこ
イヨ,いよ
イヨコ,いよこ
イヨナ,いよな
イヨリ,いより
イリ,いり
イリア,いりあ
イリエ,いりえ
イリカ,いりか
イリコ,いりこ
イリス,いりす
イリナ,いりな
イルカ,いるか
イレン,いれん
イロハ,いろは
イロリ,いろり
イワ,いわ
イワオ,いわお
イワコ,いわこ
イワミ,いわみ
ウイ,うい
ウイカ,ういか
ウイコ,ういこ
ウイナ,ういな
ウイネ,ういね
ウイユ,ういゆ
ウカナ,うかな
ウキ,うき
ウキエ,うきえ
ウキコ,うきこ
ウサギ,うさぎ
ウサミ,うさみ
ウサリ,うさり
ウズキ,うずき
ウタ,うた
ウタイ,うたい
ウタエ,うたえ
ウタカ,うたか
ウタコ,うたこ
ウタナ,うたな
ウタネ,うたね
ウタノ,うたの
ウタハ,うたは
ウタミ,うたみ
ウタヨ,うたよ
ウチコ,うちこ
ウツキ,うつき
ウヅキ,うづき
ウツノ,うつの
ウツミ,うつみ
ウナイ,うない
ウネト,うねと
ウノ,うの
ウノエ,うのえ
ウブ,うぶ
ウブネ,うぶね
ウミ,うみ
ウミア,うみあ
ウミエ,うみえ
ウミカ,うみか
ウミコ,うみこ
ウミナ,うみな
ウミノ,うみの
ウミホ,うみほ
ウメ,うめ
ウメカ,うめか
ウメコ,うめこ
ウメノ,うめの
ウメミ,うめみ
ウメヨ,うめよ
ウユ,うゆ
ウラエ,うらえ
ウラコ,うらこ
ウラハ,うらは
ウララ,うらら
ウラン,うらん
ウリン,うりん
ウルア,うるあ
ウルウ,うるう
ウルカ,うるか
ウルネ,うるね
ウルミ,うるみ
ウレイ,うれい
ウレハ,うれは
ウレン,うれん
ウンミ,うんみ
エア,えあ
エアリ,えあり
エイ,えい
エイカ,えいか
エイコ,えいこ
エイジュ,えいじゅ
エイナ,えいな
エイヒ,えいひ
エイミ,えいみ
エイラン,えいらん
エイリ,えいり
エオリ,えおり
エカ,えか
エキ,えき
エキコ,えきこ
エクコ,えくこ
エクボ,えくぼ
エクミ,えくみ
エコ,えこ
エサエ,えさえ
エスコ,えすこ
エスミ,えすみ
エチカ,えちか
エチコ,えちこ
エツ,えつ
エツエ,えつえ
エツオ,えつお
エツカ,えつか
エヅキ,えづき
エツコ,えつこ
エツナ,えつな
エツノ,えつの
エツミ,えつみ
エツヨ,えつよ
エナ,えな
エナコ,えなこ
エナミ,えなみ
エニカ,えにか
エニコ,えにこ
エバ,えば
エホコ,えほこ
エマ,えま
エマオ,えまお
エマキ,えまき
エマコ,えまこ
エマリ,えまり
エミ,えみ
エミイ,えみい
エミエ,えみえ
エミカ,えみか
エミコ,えみこ
エミコイ,えみこい
エミナ,えみな
エミネ,えみね
エミノ,えみの
エミホ,えみほ
エミヤ,えみや
エミヨ,えみよ
エミリ,えみり
エミル,えみる
エム,えむ
エメ,えめ
エリ,えり
エリア,えりあ
エリイ,えりい
エリエ,えりえ
エリカ,えりか
エリコ,えりこ
エリサ,えりさ
エリザ,えりざ
エリス,えりす
エリセ,えりせ
エリナ,えりな
エリノ,えりの
エリハ,えりは
エリホ,えりほ
エリミ,えりみ
エリモ,えりも
エリヨ,えりよ
エリン,えりん
エル,える
エルア,えるあ
エルナ,えるな
エルマ,えるま
エルミ,えるみ
エルモ,えるも
エレ,えれ
エレイ,えれい
エレサ,えれさ
エレナ,えれな
エレン,えれん
エンミ,えんみ
エンリ,えんり
オウカ,おうか
オウコ,おうこ
オウサ,おうさ
オウナ,おうな
オウミ,おうみ
オウメ,おうめ
オウラ,おうら
オウリ,おうり
オオカ,おおか
オオコ,おおこ
オオミ,おおみ
オキコ,おきこ
オキナ,おきな
オキヨ,おきよ
オクナ,おくな
オサコ,おさこ
オサミ,おさみ
オセ,おせ
オト,おと
オトア,おとあ
オトエ,おとえ
オトカ,おとか
オトギ,おとぎ
オトネ,おとね
オトハ,おとは
オトミ,おとみ
オトメ,おとめ
オトヨ,おとよ
オドリ,おどり
オビコ,おびこ
オモイ,おもい
オモエ,おもえ
オモカ,おもか
オリイ,おりい
オリエ,おりえ
オリカ,おりか
オリコ,おりこ
オリサ,おりさ
オリナ,おりな
オリネ,おりね
オリハ,おりは
オリミ,おりみ
オリメ,おりめ
オリヨ,おりよ
オリン,おりん
オンカ,おんか
カアイ,かあい
カアコ,かあこ
カアサ,かあさ
カアナ,かあな
カアヤ,かあや
カイ,かい
カイナ,かいな
カイネ,かいね
カイノ,かいの
カイハ,かいは
カイホ,かいほ
カイリ,かいり
カエ,かえ
カエイ,かえい
カエコ,かえこ
カエデ,かえで
カエデコ,かえでこ
カエナ,かえな
カエミ,かえみ
カエリ,かえり
カエン,かえん
カオ,かお
カオイ,かおい
カオウ,かおう
カオク,かおく
カオコ,かおこ
カオト,かおと
カオナ,かおな
カオホ,かおほ
カオミ,かおみ
カオヨ,かおよ
カオリ,かおり
カオリコ,かおりこ
カオル,かおる
カオルコ,かおるこ
カオルヨ,かおるよ
カオン,かおん
カガエ,かがえ
カガコ,かがこ
カガミ,かがみ
カガリ,かがり
カキコ,かきこ
カキミ,かきみ
カギリ,かぎり
カクコ,かくこ
カグサ,かぐさ
カクミ,かくみ
カグミ,かぐみ
カグヤ,かぐや
カゲミ,かげみ
カゲロウ,かげろう
カコ,かこ
カザナ,かざな
カサネ,かさね
カザネ,かざね
カザハ,かざは
カザホ,かざほ
カサミ,かさみ
カザミ,かざみ
カザリ,かざり
カシエ,かしえ
カシコ,かしこ
カシノ,かしの
カシミ,かしみ
カシワ,かしわ
カズ,かず
カズイ,かずい
カズエ,かずえ
カズオ,かずお
カズカ,かずか
カズキ,かずき
カズコ,かずこ
カズサ,かずさ
カズチヨ,かずちよ
カズナ,かずな
カズネ,かずね
カズノ,かずの
カズハ,かずは
カズホ,かずほ
カスミ,かすみ
カズミ,かずみ
カズメ,かずめ
カスヨ,かすよ
カズヨ,かずよ
カスリ,かすり
カズリ,かずり
カゼ,かぜ
カゼノ,かぜの
カチコ,かちこ
カチヨ,かちよ
カヅ,かづ
カツエ,かつえ
カヅエ,かづえ
カツキ,かつき
カヅキ,かづき
カツコ,かつこ
カヅコ,かづこ
カツサ,かつさ
カヅサ,かづさ
カツチヨ,かつちよ
カツナ,かつな
カヅナ,かづな
カツノ,かつの
カヅノ,かづの
カヅハ,かづは
カツホ,かつほ
カヅホ,かづほ
カツミ,かつみ
カヅミ,かづみ
カヅメ,かづめ
カツヨ,かつよ
カヅヨ,かづよ
カツラ,かつら
カツラコ,かつらこ
カヅル,かづる
カテナ,かてな
カトコ,かとこ
カドナ,かどな
カドノ,かどの
カトミ,かとみ
カナ,かな
カナエ,かなえ
カナオ,かなお
カナカ,かなか
カナコ,かなこ
カナサ,かなさ
カナツ,かなつ
カナデ,かなで
カナノ,かなの
カナハ,かなは
カナホ,かなほ
カナミ,かなみ
カナメ,かなめ
カナヤワ,かなやわ
カナヨ,かなよ
カナリ,かなり
カナル,かなる
カナワ,かなわ
カナン,かなん
カニミ,かにみ
カネ,かね
カネイ,かねい
カネエ,かねえ
カネコ,かねこ
カネミ,かねみ
カネヨ,かねよ
カノ,かの
カノエ,かのえ
カノコ,かのこ
カノミ,かのみ
カノヨ,かのよ
カノン,かのん
カハル,かはる
カフユ,かふゆ
カホ,かほ
カホコ,かほこ
カホナ,かほな
カホミ,かほみ
カホヨ,かほよ
カホリ,かほり
カホル,かほる
カミ,かみ
カミエ,かみえ
カミコ,かみこ
カムナ,かむな
カモン,かもん
カヤ,かや
カヤコ,かやこ
カヤノ,かやの
カヤミ,かやみ
カヤリ,かやり
カユ,かゆ
カユウ,かゆう
カユキ,かゆき
カユコ,かゆこ
カユミ,かゆみ
カユメ,かゆめ
カユリ,かゆり
カヨ,かよ
カヨウ,かよう
ガヨウ,がよう
カヨエ,かよえ
カヨケ,かよけ
カヨコ,かよこ
カヨノ,かよの
カヨミ,かよみ
カヨリ,かより
カラン,からん
カリ,かり
カリエ,かりえ
カリナ,かりな
カリノ,かりの
カリヤ,かりや
カリン,かりん
カル,かる
カルナ,かるな
カルミ,かるみ
カレイ,かれい
カレナ,かれな
カレン,かれん
カワイ,かわい
カワナ,かわな
カヲリ,かをり
カヲル,かをる
カヲルコ,かをるこ
カンコ,かんこ
カンナ,かんな
カンネ,かんね
カンノ,かんの
カンラ,かんら
キイ,きい
キイコ,きいこ
キイチゴ,きいちご
キエ,きえ
キエイ,きえい
キエカ,きえか
キエコ,きえこ
キエミ,きえみ
キオ,きお
キオコ,きおこ
キオミ,きおみ
キオラ,きおら
キオリ,きおり
キオン,きおん
キカ,きか
キカコ,きかこ
キキ,きき
キキョウ,ききょう
キク,きく
キクエ,きくえ
キクカ,きくか
キクコ,きくこ
キクナ,きくな
キクノ,きくの
キクホ,きくほ
キクミ,きくみ
キクヨ,きくよ
キコ,きこ
キサ,きさ
キサエ,きさえ
キサキ,きさき
キサコ,きさこ
キサト,きさと
キサミ,きさみ
キサヤ,きさや
キサヨ,きさよ
キサラ,きさら
キサラギ,きさらぎ
キシエ,きしえ
キシカ,きしか
キシコ,きしこ
キシナ,きしな
キシノ,きしの
キズナ,きずな
キセ,きせ
キセコ,きせこ
キソコ,きそこ
キタコ,きたこ
キタホ,きたほ
キタミ,きたみ
キチコ,きちこ
キチヨ,きちよ
キッカ,きっか
キヅキ,きづき
キッコ,きっこ
キツコ,きつこ
キツミ,きつみ
キツヨ,きつよ
キトミ,きとみ
キナ,きな
キナエ,きなえ
キナカ,きなか
キナコ,きなこ
キナミ,きなみ
キヌ,きぬ
キヌエ,きぬえ
キヌカ,きぬか
キヌコ,きぬこ
キヌノ,きぬの
キヌハ,きぬは
キヌホ,きぬほ
キヌミ,きぬみ
キヌヨ,きぬよ
キヌヨコ,きぬよこ
キノ,きの
キノコ,きのこ
キノミ,きのみ
キノメ,きのめ
キハル,きはる
キヒロ,きひろ
キフミ,きふみ
キホ,きほ
キホウ,きほう
キボウ,きぼう
キホコ,きほこ
キホミ,きほみ
キマコ,きまこ
キミ,きみ
キミイ,きみい
キミウ,きみう
キミエ,きみえ
キミオ,きみお
キミカ,きみか
キミキ,きみき
キミコ,きみこ
キミジ,きみじ
キミノ,きみの
キミホ,きみほ
キミヨ,きみよ
キユ,きゆ
キュウコ,きゅうこ
キユコ,きゆこ
キユミ,きゆみ
キヨ,きよ
キョウ,きょう
キョウエ,きょうえ
キョウカ,きょうか
キョウコ,きょうこ
キヨウコ,きようこ
ギョウコ,ぎょうこ
キョウナ,きょうな
キョウミ,きょうみ
キヨエ,きよえ
キヨカ,きよか
キヨキ,きよき
キヨコ,きよこ
キヨナ,きよな
キヨネ,きよね
キヨノ,きよの
キヨハ,きよは
キヨミ,きよみ
キヨラ,きよら
キヨリ,きより
キラ,きら
キラカ,きらか
キラコ,きらこ
キララ,きらら
キラリ,きらり
キリ,きり
キリエ,きりえ
キリカ,きりか
キリコ,きりこ
キリノ,きりの
キリホ,きりほ
キリヨ,きりよ
キリン,きりん
キレイ,きれい
キワ,きわ
キワエ,きわえ
キワオ,きわお
キワコ,きわこ
キワノ,きわの
キワホ,きわほ
キワミ,きわみ
キン,きん
キンカ,きんか
キンコ,きんこ
ギンコ,ぎんこ
キンリ,きんり
クウカ,くうか
クウミ,くうみ
クエ,くえ
クオン,くおん
クキ,くき
クキコ,くきこ
ククミ,くくみ
ククリ,くくり
クスコ,くすこ
クスミ,くすみ
クチハ,くちは
クツミ,くつみ
クニエ,くにえ
クニカ,くにか
クニコ,くにこ
クニハ,くには
クニホ,くにほ
クニミ,くにみ
クニヨ,くによ
クヌエ,くぬえ
クマリ,くまり
クミ,くみ
クミエ,くみえ
クミカ,くみか
クミコ,くみこ
クミナ,くみな
クミノ,くみの
クミホ,くみほ
クミミ,くみみ
クミヨ,くみよ
クメコ,くめこ
クメヨ,くめよ
クユコ,くゆこ
クラカ,くらか
クララ,くらら
クラン,くらん
クリ,くり
クリア,くりあ
クリエ,くりえ
クリカ,くりか
クリコ,くりこ
クリサ,くりさ
クリス,くりす
クリナ,くりな
クリノ,くりの
クリマ,くりま
クリミ,くりみ
クリヨ,くりよ
クリン,くりん
クルミ,くるみ
クルメ,くるめ
クレア,くれあ
クレカ,くれか
クレナ,くれな
クレハ,くれは
クレホ,くれほ
クレミ,くれみ
クレユ,くれゆ
クワコ,くわこ
クンコ,くんこ
ケイ,けい
ケイカ,けいか
ケイコ,けいこ
ケイサ,けいさ
ケイト,けいと
ケイナ,けいな
ケイネ,けいね
ケイノ,けいの
ケイヒ,けいひ
ケイホ,けいほ
ケイミ,けいみ
ケイラ,けいら
ケイリ,けいり
ケサ,けさ
ケサエ,けさえ
ケシキ,けしき
ゲッカ,げっか
ケリイ,けりい
ケレナ,けれな
ケンミ,けんみ
コア,こあ
コアキ,こあき
コアサ,こあさ
コアン,こあん
コイ,こい
コイカ,こいか
コイコ,こいこ
コイト,こいと
コイナ,こいな
コイネ,こいね
コイハ,こいは
コイロ,こいろ
コウカ,こうか
コウコ,こうこ
コウサ,こうさ
コウナ,こうな
コウネ,こうね
コウミ,こうみ
コウメ,こうめ
コガモ,こがも
コギク,こぎく
ココ,ここ
ココア,ここあ
ココナ,ここな
ココネ,ここね
ココミ,ここみ
ココリ,ここり
ココロ,こころ
コサト,こさと
コジカ,こじか
コズエ,こずえ
コスズ,こすず
コスミ,こすみ
コズミ,こずみ
コズモ,こずも
コダマ,こだま
コチヅ,こちづ
コチヨ,こちよ
コヅエ,こづえ
コヅキ,こづき
コト,こと
コトイ,ことい
コトエ,ことえ
コトカ,ことか
コトキ,ことき
コトコ,ことこ
コトセ,ことせ
コトナ,ことな
コトネ,ことね
コトノ,ことの
コトハ,ことは
コトブキ,ことぶき
コトホ,ことほ
コトミ,ことみ
コトメ,ことめ
コトヨ,ことよ
コトリ,ことり
コトワ,ことわ
コナ,こな
コナツ,こなつ
コナミ,こなみ
コノカ,このか
コノハ,このは
コノミ,このみ
コハギ,こはぎ
コハク,こはく
コハツ,こはつ
コバト,こばと
コハナ,こはな
コハネ,こはね
コハル,こはる
コヒ,こひ
コフミ,こふみ
コフユ,こふゆ
コベニ,こべに
コマ,こま
コマキ,こまき
コマコ,こまこ
コマチ,こまち
コマヨ,こまよ
コマリ,こまり
コミチ,こみち
コミナ,こみな
コミネ,こみね
コムギ,こむぎ
コモモ,こもも
コモン,こもん
コユウ,こゆう
コユカ,こゆか
コユキ,こゆき
コユミ,こゆみ
コユリ,こゆり
コヨウ,こよう
コヨミ,こよみ
コリン,こりん
コロナ,ころな
サアキ,さあき
サアコ,さあこ
サアサ,さあさ
サアナ,さあな
サアノ,さあの
サアミ,さあみ
サアヤ,さあや
サアラ,さあら
サアリ,さあり
サイ,さい
サイカ,さいか
サイコ,さいこ
サイナ,さいな
サイハ,さいは
サイミ,さいみ
サイラ,さいら
サイリ,さいり
サウメ,さうめ
サエ,さえ
サエカ,さえか
サエコ,さえこ
サエナ,さえな
サエノ,さえの
サエミ,さえみ
サエラ,さえら
サエリ,さえり
サオ,さお
サオカ,さおか
サオキ,さおき
サオギ,さおぎ
サオコ,さおこ
サオミ,さおみ
サオラ,さおら
サオリ,さおり
サカエ,さかえ
サカコ,さかこ
サキ,さき
サキエ,さきえ
サキカ,さきか
サキコ,さきこ
サキト,さきと
サキナ,さきな
サキネ,さきね
サキノ,さきの
サキホ,さきほ
サキミ,さきみ
サキモ,さきも
サキヤ,さきや
サキヨ,さきよ
サキョウ,さきょう
サギリ,さぎり
サク,さく
サクア,さくあ
サクエ,さくえ
サクコ,さくこ
サクホ,さくほ
サクミ,さくみ
サクヤ,さくや
サクヨ,さくよ
サクラ,さくら
サクラコ,さくらこ
サクラナ,さくらな
サコ,さこ
ササ,ささ
ササコ,ささこ
ササトミ,ささとみ
サジュ,さじゅ
サスガ,さすが
サズク,さずく
サダエ,さだえ
サタコ,さたこ
サダコ,さだこ
サダノ,さだの
サダミ,さだみ
サダヨ,さだよ
サチ,さち
サチア,さちあ
サチイ,さちい
サチエ,さちえ
サチオ,さちお
サチカ,さちか
サチキ,さちき
サチコ,さちこ
サチナ,さちな
サチネ,さちね
サチノ,さちの
サチハ,さちは
サチホ,さちほ
サチミ,さちみ
サチメ,さちめ
サチヨ,さちよ
サチヲ,さちを
サツカ,さつか
サツキ,さつき
サヅキ,さづき
サツコ,さつこ
サツノ,さつの
サツミ,さつみ
サト,さと
サトイ,さとい
サトエ,さとえ
サトカ,さとか
サトコ,さとこ
サトナ,さとな
サトネ,さとね
サトノ,さとの
サトホ,さとほ
サトミ,さとみ
サトヤ,さとや
サトヨ,さとよ
サトリ,さとり
サトワ,さとわ
サナ,さな
サナエ,さなえ
サナコ,さなこ
サナミ,さなみ
サナヨ,さなよ
サナリ,さなり
サナヲ,さなを
サノ,さの
サノコ,さのこ
サハル,さはる
サヒロ,さひろ
サホ,さほ
サホコ,さほこ
サホミ,さほみ
サホリ,さほり
サミ,さみ
サミカ,さみか
サミコ,さみこ
サヤ,さや
サヤカ,さやか
サヤキ,さやき
サヤコ,さやこ
サヤナ,さやな
サヤノ,さやの
サヤハ,さやは
サヤホ,さやほ
サヤミ,さやみ
サユ,さゆ
サユカ,さゆか
サユキ,さゆき
サユコ,さゆこ
サユナ,さゆな
サユミ,さゆみ
サユメ,さゆめ
サユラ,さゆら
サユリ,さゆり
サユル,さゆる
サヨ,さよ
サヨイ,さよい
サヨウ,さよう
サヨエ,さよえ
サヨカ,さよか
サヨコ,さよこ
サヨミ,さよみ
サヨリ,さより
サラ,さら
サラサ,さらさ
サラン,さらん
サリ,さり
サリア,さりあ
サリイ,さりい
サリエ,さりえ
サリカ,さりか
サリコ,さりこ
サリナ,さりな
サワ,さわ
サワエ,さわえ
サワカ,さわか
サワキ,さわき
サワコ,さわこ
サワナ,さわな
サワノ,さわの
サワミ,さわみ
サワヨ,さわよ
サヲリ,さをり
サンゴ,さんご
サンハ,さんは
シア,しあ
シアリ,しあり
シアン,しあん
シイ,しい
シイカ,しいか
シイナ,しいな
シイネ,しいね
シイハ,しいは
シイマ,しいま
シイラ,しいら
シエ,しえ
シエコ,しえこ
シエナ,しえな
シエラ,しえら
シエリ,しえり
シエル,しえる
シエン,しえん
シオ,しお
シオイ,しおい
シオカ,しおか
シオコ,しおこ
シオジ,しおじ
シオナ,しおな
シオネ,しおね
シオヒ,しおひ
シオミ,しおみ
シオリ,しおり
シオン,しおん
シカ,しか
シカコ,しかこ
シキ,しき
シキコ,しきこ
シキナ,しきな
シキネ,しきね
シキノ,しきの
シキホ,しきほ
シゲコ,しげこ
シゲノ,しげの
シゲミ,しげみ
ジゲミ,じげみ
シゲヨ,しげよ
シサコ,しさこ
シサノ,しさの
シサヨ,しさよ
シズ,しず
シズエ,しずえ
シズカ,しずか
シズキ,しずき
シズク,しずく
シズコ,しずこ
シズサ,しずさ
シズナ,しずな
シズネ,しずね
シズノ,しずの
シズハ,しずは
シズホ,しずほ
シズミ,しずみ
シズヨ,しずよ
シズル,しずる
シセ,しせ
シセコ,しせこ
シチホ,しちほ
シヅ,しづ
シヅエ,しづえ
シツカ,しつか
シヅカ,しづか
シツキ,しつき
シヅキ,しづき
シツコ,しつこ
シヅコ,しづこ
ジツコ,じつこ
シヅナ,しづな
シヅノ,しづの
シヅハ,しづは
シヅホ,しづほ
シヅヨ,しづよ
シヅル,しづる
シト,しと
シトカ,しとか
シトミ,しとみ
シナ,しな
シナエ,しなえ
シナコ,しなこ
シナノ,しなの
シナミ,しなみ
シナヨ,しなよ
シノ,しの
シノエ,しのえ
シノカ,しのか
シノコ,しのこ
シノブ,しのぶ
シノミ,しのみ
シノン,しのん
シハ,しは
シハル,しはる
シホ,しほ
シホカ,しほか
シホコ,しほこ
シホナ,しほな
シホネ,しほね
シホノ,しほの
シホミ,しほみ
シホリ,しほり
シマ,しま
シマエ,しまえ
シマコ,しまこ
シミコ,しみこ
シミズ,しみず
シャリ,しゃり
シャレン,しゃれん
シユ,しゆ
シュウカ,しゅうか
シュウコ,しゅうこ
ジュエリ,じゅえり
シュオリ,しゅおり
シュカ,しゅか
ジュカ,じゅか
シュナ,しゅな
ジュナ,じゅな
ジュネ,じゅね
シュマリ,しゅまり
ジュラ,じゅら
シュリ,しゅり
ジュリ,じゅり
ジュリア,じゅりあ
ジュリアン,じゅりあん
ジュリエ,じゅりえ
ジュリカ,じゅりか
シュリナ,しゅりな
ジュリナ,じゅりな
ジュレ,じゅれ
ジュン,じゅん
ジュンカ,じゅんか
ジュンキ,じゅんき
ジュンコ,じゅんこ
ジュンナ,じゅんな
ジュンノ,じゅんの
ジュンミ,じゅんみ
ジュンリ,じゅんり
シヨ,しよ
ショウカ,しょうか
ショウコ,しょうこ
ショウミ,しょうみ
シヨカ,しよか
シヨリ,しより
シヲリ,しをり
シン,しん
シンカ,しんか
シンコ,しんこ
ジンコ,じんこ
シンミ,しんみ
シンメ,しんめ
シンリ,しんり
スアン,すあん
スイカ,すいか
スイコ,すいこ
スイス,すいす
スイハ,すいは
スイホ,すいほ
スイレン,すいれん
スウナ,すうな
スエ,すえ
スエカ,すえか
スエコ,すえこ
スエミ,すえみ
スガコ,すがこ
スガネ,すがね
スガノ,すがの
スガミ,すがみ
スガヨ,すがよ
スギエ,すぎえ
スキナ,すきな
スギナ,すぎな
スギネ,すぎね
スギノ,すぎの
スギミ,すぎみ
スギヨ,すぎよ
スグミ,すぐみ
スグリ,すぐり
スサナ,すさな
スズ,すず
スズエ,すずえ
スズカ,すずか
スズコ,すずこ
スズサ,すずさ
スズナ,すずな
スズネ,すずね
スズノ,すずの
スズハ,すずは
スズホ,すずほ
スズミ,すずみ
スズヨ,すずよ
スズラン,すずらん
スズリ,すずり
スズリン,すずりん
スナコ,すなこ
スナホ,すなほ
スナミ,すなみ
スマ,すま
スマコ,すまこ
スミ,すみ
スミエ,すみえ
スミカ,すみか
スミコ,すみこ
スミナ,すみな
スミネ,すみね
スミノ,すみの
スミハ,すみは
スミホ,すみほ
スミヨ,すみよ
スミレ,すみれ
スモモ,すもも
スヤコ,すやこ
スワ,すわ
スワコ,すわこ
セアラ,せあら
セアリ,せあり
セイア,せいあ
セイカ,せいか
セイコ,せいこ
セイサ,せいさ
セイザ,せいざ
セイソ,せいそ
セイナ,せいな
セイネ,せいね
セイノ,せいの
セイホ,せいほ
セイミ,せいみ
セイヤ,せいや
セイラ,せいら
セイラン,せいらん
セエコ,せえこ
セオリ,せおり
セオン,せおん
セキナ,せきな
セサミ,せさみ
セシル,せしる
セセラ,せせら
セセリ,せせり
セツ,せつ
セツエ,せつえ
セツカ,せつか
セツキ,せつき
セツコ,せつこ
セツナ,せつな
セツミ,せつみ
セツヨ,せつよ
セナ,せな
セナミ,せなみ
セノ,せの
セラ,せら
セリ,せり
セリア,せりあ
セリイ,せりい
セリエ,せりえ
セリカ,せりか
セリコ,せりこ
セリス,せりす
セリナ,せりな
セリノ,せりの
セルミ,せるみ
セレサ,せれさ
セレス,せれす
セレナ,せれな
セレン,せれん
セロナ,せろな
センカ,せんか
センコ,せんこ
センナ,せんな
センリ,せんり
ソアラ,そあら
ソウ,そう
ソウア,そうあ
ソウカ,そうか
ソウコ,そうこ
ソウナ,そうな
ソウネ,そうね
ソウミ,そうみ
ソウル,そうる
ソエカ,そえか
ソエル,そえる
ソナ,そな
ソナタ,そなた
ソニア,そにあ
ソニン,そにん
ソノエ,そのえ
ソノカ,そのか
ソノコ,そのこ
ソノハ,そのは
ソノミ,そのみ
ソノヨ,そのよ
ソマリ,そまり
ソメカ,そめか
ソユ,そゆ
ソユキ,そゆき
ソヨカ,そよか
ソラ,そら
ソラカ,そらか
ソラナ,そらな
ソラネ,そらね
ソラミ,そらみ
ソラン,そらん
ソリア,そりあ
タイカ,たいか
タイコ,たいこ
ダイコ,だいこ
タイリ,たいり
タエ,たえ
タエカ,たえか
タエキ,たえき
タエコ,たえこ
タエナ,たえな
タエネ,たえね
タエノ,たえの
タエミ,たえみ
タエヨ,たえよ
タエリ,たえり
タオ,たお
タオコ,たおこ
タカ,たか
タカエ,たかえ
タカコ,たかこ
タカセ,たかせ
タカナ,たかな
タカネ,たかね
タカノ,たかの
タカホ,たかほ
タカミ,たかみ
タカヨ,たかよ
タキ,たき
タキエ,たきえ
タキコ,たきこ
タキミ,たきみ
タクコ,たくこ
タクホ,たくほ
タクミ,たくみ
タケコ,たけこ
タケミ,たけみ
タケヨ,たけよ
タズ,たず
タズエ,たずえ
タズコ,たずこ
タズミ,たずみ
タズヨ,たずよ
タダコ,ただこ
タヅ,たづ
タツエ,たつえ
タヅエ,たづえ
タツキ,たつき
タツコ,たつこ
タヅコ,たづこ
タツノ,たつの
タヅノ,たづの
タツミ,たつみ
タヅミ,たづみ
タツヨ,たつよ
タヅヨ,たづよ
タヅル,たづる
タテハ,たては
タテミ,たてみ
タナ,たな
タナエ,たなえ
タナミ,たなみ
タニミ,たにみ
タネミ,たねみ
タバサ,たばさ
タホコ,たほこ
タホミ,たほみ
タマ,たま
タマイ,たまい
タマエ,たまえ
タマオ,たまお
タマオウ,たまおう
タマカ,たまか
タマキ,たまき
タマコ,たまこ
タマサ,たまさ
タマナ,たまな
タマネ,たまね
タマノ,たまの
タマハ,たまは
タマホ,たまほ
タマミ,たまみ
タマモ,たまも
タマヨ,たまよ
タミ,たみ
タミエ,たみえ
タミカ,たみか
タミコ,たみこ
タミヨ,たみよ
タヤコ,たやこ
タユ,たゆ
タユコ,たゆこ
タユナ,たゆな
タユノ,たゆの
タユミ,たゆみ
タユリ,たゆり
タユル,たゆる
タヨ,たよ
タヨコ,たよこ
タヨミ,たよみ
ダリア,だりあ
タンミ,たんみ
チア,ちあ
チアイ,ちあい
チアキ,ちあき
チアコ,ちあこ
チアサ,ちあさ
チアミ,ちあみ
チアヤ,ちあや
チアリ,ちあり
チイ,ちい
チイコ,ちいこ
チエ,ちえ
チエカ,ちえか
チェコ,ちぇこ
チエコ,ちえこ
チエナ,ちえな
チエノ,ちえの
チエミ,ちえみ
チエヨ,ちえよ
チエリ,ちえり
チオ,ちお
チオコ,ちおこ
チオリ,ちおり
チカ,ちか
チカイ,ちかい
チカエ,ちかえ
チカケ,ちかけ
チカゲ,ちかげ
チカコ,ちかこ
チガコ,ちがこ
チカサ,ちかさ
チカセ,ちかせ
チカゼ,ちかぜ
チカナ,ちかな
チカネ,ちかね
チカノ,ちかの
チカホ,ちかほ
チカミ,ちかみ
チカヨ,ちかよ
チグサ,ちぐさ
チクハ,ちくは
チコ,ちこ
チコト,ちこと
チサ,ちさ
チサエ,ちさえ
チサキ,ちさき
チサコ,ちさこ
チサシ,ちさし
チサト,ちさと
チサノ,ちさの
チサミ,ちさみ
チサヤ,ちさや
チサヨ,ちさよ
チシオ,ちしお
チズ,ちず
チズエ,ちずえ
チズカ,ちずか
チズコ,ちずこ
チズサ,ちずさ
チスズ,ちすず
チズノ,ちずの
チスミ,ちすみ
チズミ,ちずみ
チズヨ,ちずよ
チズル,ちずる
チセ,ちせ
チセコ,ちせこ
チソノ,ちその
チタル,ちたる
チヅ,ちづ
チヅエ,ちづえ
チヅカ,ちづか
チヅコ,ちづこ
チヅナ,ちづな
チヅノ,ちづの
チッブン,ちっぶん
チヅホ,ちづほ
チヅミ,ちづみ
チヅヨ,ちづよ
チヅル,ちづる
チト,ちと
チドウ,ちどう
チトエ,ちとえ
チトセ,ちとせ
チトミ,ちとみ
チトモ,ちとも
チドリ,ちどり
チナ,ちな
チナエ,ちなえ
チナオ,ちなお
チナコ,ちなこ
チナツ,ちなつ
チナミ,ちなみ
チナヨ,ちなよ
チネミ,ちねみ
チノ,ちの
チハ,ちは
チハエ,ちはえ
チハナ,ちはな
チハヤ,ちはや
チハル,ちはる
チヒサ,ちひさ
チヒデ,ちひで
チヒロ,ちひろ
チフミ,ちふみ
チブミ,ちぶみ
チフユ,ちふゆ
チホ,ちほ
チホカ,ちほか
チホコ,ちほこ
チホナ,ちほな
チホノ,ちほの
チホミ,ちほみ
チホヨ,ちほよ
チホリ,ちほり
チマ,ちま
チマキ,ちまき
チマコ,ちまこ
チマミ,ちまみ
チマリ,ちまり
チミヨ,ちみよ
チモ,ちも
チモコ,ちもこ
チヤ,ちや
チヤエ,ちやえ
チヤキ,ちやき
チャコ,ちゃこ
チヤコ,ちやこ
チャミ,ちゃみ
チユキ,ちゆき
チユコ,ちゆこ
チユミ,ちゆみ
チュラミ,ちゅらみ
チユリ,ちゆり
チヨ,ちよ
チョウ,ちょう
チヨエ,ちよえ
チヨカ,ちよか
チヨコ,ちよこ
チヨシ,ちよし
チヨノ,ちよの
チヨミ,ちよみ
チヨメ,ちよめ
チヨリ,ちより
チリ,ちり
チリカ,ちりか
チリコ,ちりこ
チレイ,ちれい
チワカ,ちわか
チワコ,ちわこ
チワヨ,ちわよ
ツカサ,つかさ
ツグミ,つぐみ
ツバキ,つばき
テイコ,ていこ
テイナ,ていな
テイラ,ていら
テオリ,ており
テコナ,てこな
テツコ,てつこ
テツミ,てつみ
テツヨ,てつよ
テナ,てな
テマリ,てまり
テラ,てら
テリハ,てりは
テル,てる
テルエ,てるえ
テルカ,てるか
テルコ,てるこ
テルサ,てるさ
テルナ,てるな
テルノ,てるの
テルハ,てるは
テルホ,てるほ
テルミ,てるみ
テルヨ,てるよ
テレサ,てれさ
テンカ,てんか
テンシ,てんし
テンネ,てんね
テンリ,てんり
トア,とあ
トアキ,とあき
トイキ,といき
トイロ,といろ
トウア,とうあ
トウカ,とうか
トウコ,とうこ
ドウコ,どうこ
トウノ,とうの
トウハ,とうは
トウミ,とうみ
ドウル,どうる
トエコ,とえこ
トオコ,とおこ
トオミ,とおみ
トオン,とおん
トカ,とか
トキ,とき
トキエ,ときえ
トキオ,ときお
トキコ,ときこ
トキサ,ときさ
トキナ,ときな
トキネ,ときね
トキハ,ときは
トキミ,ときみ
トキヨ,ときよ
トキワ,ときわ
トクエ,とくえ
トクコ,とくこ
トクミ,とくみ
トクヨ,とくよ
トコ,とこ
トシエ,としえ
トシカ,としか
トシコ,としこ
トシノ,としの
トシハ,としは
トシホ,としほ
トシミ,としみ
トシヨ,としよ
トト,とと
トトコ,ととこ
トトリ,ととり
トナミ,となみ
トネコ,とねこ
トネミ,とねみ
トビコ,とびこ
トホコ,とほこ
トマコ,とまこ
トマリ,とまり
トミ,とみ
トミエ,とみえ
トミカ,とみか
トミコ,とみこ
トミヨ,とみよ
トメコ,とめこ
トメヨ,とめよ
トモ,とも
トモエ,ともえ
トモカ,ともか
トモコ,ともこ
トモナ,ともな
トモネ,ともね
トモノ,ともの
トモハ,ともは
トモホ,ともほ
トモミ,ともみ
トモヨ,ともよ
トモリ,ともり
トユ,とゆ
トユキ,とゆき
トヨ,とよ
トヨエ,とよえ
トヨカ,とよか
トヨコ,とよこ
トヨナ,とよな
トヨミ,とよみ
トラン,とらん
トリコ,とりこ
トリミ,とりみ
トレノ,とれの
ドレミ,どれみ
トワ,とわ
トワコ,とわこ
トワナ,とわな
トワネ,とわね
トワミ,とわみ
ナアス,なあす
ナアナ,なあな
ナアミ,なあみ
ナアヤ,なあや
ナイア,ないあ
ナイキ,ないき
ナイミ,ないみ
ナイロ,ないろ
ナエ,なえ
ナエコ,なえこ
ナエミ,なえみ
ナオ,なお
ナオエ,なおえ
ナオオ,なおお
ナオカ,なおか
ナオコ,なおこ
ナオノ,なおの
ナオハ,なおは
ナオミ,なおみ
ナオヨ,なおよ
ナオリ,なおり
ナカ,なか
ナカコ,なかこ
ナガコ,ながこ
ナカハ,なかは
ナカバ,なかば
ナカミ,なかみ
ナギコ,なぎこ
ナギサ,なぎさ
ナグミ,なぐみ
ナコ,なこ
ナゴミ,なごみ
ナサ,なさ
ナサミ,なさみ
ナサリ,なさり
ナスカ,なすか
ナスミ,なすみ
ナズミ,なずみ
ナタミ,なたみ
ナチ,なち
ナチカ,なちか
ナチコ,なちこ
ナチヨ,なちよ
ナツ,なつ
ナツイ,なつい
ナツエ,なつえ
ナツオ,なつお
ナツカ,なつか
ナツキ,なつき
ナヅキ,なづき
ナツコ,なつこ
ナツナ,なつな
ナツネ,なつね
ナツノ,なつの
ナツハ,なつは
ナツホ,なつほ
ナツミ,なつみ
ナツメ,なつめ
ナツヤ,なつや
ナツヨ,なつよ
ナトセ,なとせ
ナナ,なな
ナナエ,ななえ
ナナオ,ななお
ナナカ,ななか
ナナコ,ななこ
ナナサ,ななさ
ナナセ,ななせ
ナナツ,ななつ
ナナハ,ななは
ナナホ,ななほ
ナナミ,ななみ
ナナヨ,ななよ
ナナヲ,ななを
ナナン,ななん
ナノ,なの
ナノカ,なのか
ナノコ,なのこ
ナノミ,なのみ
ナフミ,なふみ
ナホ,なほ
ナホエ,なほえ
ナホカ,なほか
ナホキ,なほき
ナホコ,なほこ
ナホノ,なほの
ナホミ,なほみ
ナミ,なみ
ナミエ,なみえ
ナミカ,なみか
ナミキ,なみき
ナミコ,なみこ
ナミノ,なみの
ナミホ,なみほ
ナミヨ,なみよ
ナミリ,なみり
ナム,なむ
ナヤ,なや
ナヤコ,なやこ
ナユ,なゆ
ナユカ,なゆか
ナユキ,なゆき
ナユコ,なゆこ
ナユホ,なゆほ
ナユミ,なゆみ
ナヨ,なよ
ナヨコ,なよこ
ナヨミ,なよみ
ナリ,なり
ナリコ,なりこ
ナリサ,なりさ
ナリミ,なりみ
ナル,なる
ナルエ,なるえ
ナルカ,なるか
ナルハ,なるは
ナルミ,なるみ
ナンナ,なんな
ナンリ,なんり
ニイカ,にいか
ニイコ,にいこ
ニイザ,にいざ
ニイナ,にいな
ニイノ,にいの
ニイホ,にいほ
ニイミ,にいみ
ニイメ,にいめ
ニイモ,にいも
ニオ,にお
ニオミ,におみ
ニカ,にか
ニカコ,にかこ
ニキコ,にきこ
ニコ,にこ
ニコリ,にこり
ニサ,にさ
ニジエ,にじえ
ニジカ,にじか
ニシキ,にしき
ニジコ,にじこ
ニジネ,にじね
ニジハ,にじは
ニシホ,にしほ
ニチカ,にちか
ニチコ,にちこ
ニナ,にな
ニナコ,になこ
ニナツ,になつ
ニニヨ,にによ
ニノ,にの
ニホ,にほ
ニホコ,にほこ
ニユウ,にゆう
ニライ,にらい
ニレ,にれ
ニレナ,にれな
ニワカ,にわか
ヌイ,ぬい
ヌイコ,ぬいこ
ヌイネ,ぬいね
ヌイミ,ぬいみ
ヌクミ,ぬくみ
ヌノエ,ぬのえ
ヌノカ,ぬのか
ネイ,ねい
ネイカ,ねいか
ネイコ,ねいこ
ネイサ,ねいさ
ネイナ,ねいな
ネイネ,ねいね
ネイマ,ねいま
ネイル,ねいる
ネイロ,ねいろ
ネオ,ねお
ネオリ,ねおり
ネオン,ねおん
ネコ,ねこ
ネコト,ねこと
ネジコ,ねじこ
ネナ,ねな
ネネ,ねね
ネネカ,ねねか
ネネコ,ねねこ
ネネハ,ねねは
ネミ,ねみ
ネミイ,ねみい
ネミコ,ねみこ
ネム,ねむ
ネムコ,ねむこ
ネムミ,ねむみ
ネモ,ねも
ネモカ,ねもか
ネユキ,ねゆき
ネリ,ねり
ネリア,ねりあ
ネリナ,ねりな
ネリン,ねりん
ノア,のあ
ノアキ,のあき
ノアコ,のあこ
ノアナ,のあな
ノアミ,のあみ
ノアン,のあん
ノイ,のい
ノイチゴ,のいちご
ノウコ,のうこ
ノウナ,のうな
ノエ,のえ
ノエカ,のえか
ノエコ,のえこ
ノエミ,のえみ
ノエル,のえる
ノカ,のか
ノギク,のぎく
ノキコ,のきこ
ノコ,のこ
ノジコ,のじこ
ノズエ,のずえ
ノゾエ,のぞえ
ノゾカ,のぞか
ノゾミ,のぞみ
ノドカ,のどか
ノナ,のな
ノナツ,のなつ
ノネ,のね
ノノ,のの
ノノア,ののあ
ノノエ,ののえ
ノノカ,ののか
ノノコ,ののこ
ノノミ,ののみ
ノビコ,のびこ
ノブエ,のぶえ
ノブカ,のぶか
ノブコ,のぶこ
ノブホ,のぶほ
ノブミ,のぶみ
ノブヨ,のぶよ
ノホ,のほ
ノミチ,のみち
ノモ,のも
ノモエ,のもえ
ノモネ,のもね
ノモミ,のもみ
ノユキ,のゆき
ノユミ,のゆみ
ノユリ,のゆり
ノリエ,のりえ
ノリカ,のりか
ノリコ,のりこ
ノリナ,のりな
ノリノ,のりの
ノリヒ,のりひ
ノリホ,のりほ
ノリミ,のりみ
ノリヨ,のりよ
ノワ,のわ
ノン,のん
ノンノ,のんの
ハアト,はあと
ハアブ,はあぶ
ハイカ,はいか
ハイジ,はいじ
ハイネ,はいね
ハイリ,はいり
ハオト,はおと
ハオリ,はおり
ハギ,はぎ
ハギエ,はぎえ
ハギノ,はぎの
ハクア,はくあ
ハクネ,はくね
ハコ,はこ
ハスカ,はすか
ハズキ,はずき
ハスコ,はすこ
ハスナ,はすな
ハスミ,はすみ
ハズミ,はずみ
パセリ,ぱせり
ハツ,はつ
ハツエ,はつえ
ハツカ,はつか
ハツキ,はつき
ハヅキ,はづき
ハツコ,はつこ
ハツセ,はつせ
ハツナ,はつな
ハヅナ,はづな
ハツネ,はつね
ハツノ,はつの
ハツヒ,はつひ
ハツホ,はつほ
ハツミ,はつみ
ハヅミ,はづみ
ハツメ,はつめ
ハツヨ,はつよ
ハツリ,はつり
ハトエ,はとえ
ハナ,はな
ハナイ,はない
ハナエ,はなえ
ハナオ,はなお
ハナカ,はなか
ハナキ,はなき
ハナコ,はなこ
ハナノ,はなの
ハナホ,はなほ
ハナミ,はなみ
ハナヨ,はなよ
ハネカ,はねか
ハネミ,はねみ
ハマ,はま
ハマエ,はまえ
ハマコ,はまこ
ハマヨ,はまよ
ハミ,はみ
ハヤカ,はやか
ハヤコ,はやこ
ハヤセ,はやせ
ハヤナ,はやな
ハヤノ,はやの
ハヤミ,はやみ
ハユ,はゆ
ハユキ,はゆき
ハユコ,はゆこ
ハユミ,はゆみ
ハユリ,はゆり
ハユル,はゆる
ハル,はる
ハルエ,はるえ
ハルオ,はるお
ハルカ,はるか
ハルコ,はるこ
ハルサ,はるさ
ハルナ,はるな
ハルネ,はるね
ハルノ,はるの
ハルヒ,はるひ
ハルホ,はるほ
ハルミ,はるみ
ハルモ,はるも
ハルヨ,はるよ
ハレイ,はれい
ハレヨ,はれよ
ハンナ,はんな
ハンノ,はんの
ヒイ,ひい
ヒイナ,ひいな
ヒイロ,ひいろ
ヒオリ,ひおり
ヒカネ,ひかね
ヒカリ,ひかり
ヒカル,ひかる
ヒキコ,ひきこ
ヒグサ,ひぐさ
ヒグレ,ひぐれ
ヒサ,ひさ
ヒサイ,ひさい
ヒサエ,ひさえ
ヒサキ,ひさき
ヒサコ,ひさこ
ヒサナ,ひさな
ヒサノ,ひさの
ヒサミ,ひさみ
ヒサヨ,ひさよ
ヒジキ,ひじき
ヒシノ,ひしの
ヒジリ,ひじり
ヒスイ,ひすい
ヒソカ,ひそか
ヒソラ,ひそら
ヒヅキ,ひづき
ヒヅル,ひづる
ヒデカ,ひでか
ヒデコ,ひでこ
ヒデミ,ひでみ
ヒトエ,ひとえ
ヒトカ,ひとか
ヒトコ,ひとこ
ヒトナ,ひとな
ヒトハ,ひとは
ヒトミ,ひとみ
ヒナ,ひな
ヒナエ,ひなえ
ヒナコ,ひなこ
ヒナツ,ひなつ
ヒナノ,ひなの
ヒナミ,ひなみ
ヒナヨ,ひなよ
ビバリ,びばり
ヒビキ,ひびき
ヒフナ,ひふな
ヒフミ,ひふみ
ヒフヨ,ひふよ
ヒミ,ひみ
ヒミエ,ひみえ
ヒミカ,ひみか
ヒミコ,ひみこ
ヒメ,ひめ
ヒメカ,ひめか
ヒメコ,ひめこ
ヒメナ,ひめな
ヒメノ,ひめの
ヒメミ,ひめみ
ヒメヨ,ひめよ
ヒヨリ,ひより
ヒロエ,ひろえ
ヒロカ,ひろか
ヒロコ,ひろこ
ヒロナ,ひろな
ヒロネ,ひろね
ヒロノ,ひろの
ヒロハ,ひろは
ヒロホ,ひろほ
ヒロミ,ひろみ
ヒロヨ,ひろよ
フアリ,ふあり
フイカ,ふいか
フウカ,ふうか
フウキ,ふうき
フウコ,ふうこ
フウナ,ふうな
フウネ,ふうね
フウハ,ふうは
フウミ,ふうみ
フウリ,ふうり
フエ,ふえ
フエコ,ふえこ
フエネ,ふえね
フエノ,ふえの
フエミ,ふえみ
フキ,ふき
フキエ,ふきえ
フキコ,ふきこ
フキミ,ふきみ
フキヨ,ふきよ
フクエ,ふくえ
フクカ,ふくか
フクコ,ふくこ
フクナ,ふくな
フクミ,ふくみ
フクヨ,ふくよ
フサエ,ふさえ
フサコ,ふさこ
フサノ,ふさの
フサミ,ふさみ
フサヨ,ふさよ
フジエ,ふじえ
フジカ,ふじか
フジコ,ふじこ
フジノ,ふじの
フジホ,ふじほ
フジミ,ふじみ
フジヨ,ふじよ
フタバ,ふたば
フヅキ,ふづき
フブキ,ふぶき
フミ,ふみ
フミエ,ふみえ
フミカ,ふみか
フミコ,ふみこ
フミナ,ふみな
フミネ,ふみね
フミノ,ふみの
フミハ,ふみは
フミヨ,ふみよ
フミヲ,ふみを
フモト,ふもと
フユ,ふゆ
フユエ,ふゆえ
フユカ,ふゆか
フユキ,ふゆき
フユコ,ふゆこ
フユナ,ふゆな
フユネ,ふゆね
フユノ,ふゆの
フユヒ,ふゆひ
フユミ,ふゆみ
フユメ,ふゆめ
フラン,ふらん
フレア,ふれあ
フワ,ふわ
フワリ,ふわり
ヘイワ,へいわ
ヘキナ,へきな
ヘキル,へきる
ベニオ,べにお
ベニカ,べにか
ベニコ,べにこ
ベニハ,べには
ヘレン,へれん
ホアヤ,ほあや
ホウカ,ほうか
ホウラン,ほうらん
ホエミ,ほえみ
ホカゼ,ほかぜ
ホサナ,ほさな
ホシ,ほし
ホシエ,ほしえ
ホシカ,ほしか
ホシコ,ほしこ
ホシナ,ほしな
ホシネ,ほしね
ホシノ,ほしの
ホシミ,ほしみ
ホシヨ,ほしよ
ホズミ,ほずみ
ホタル,ほたる
ボタン,ぼたん
ホヅエ,ほづえ
ホヅキ,ほづき
ホナ,ほな
ホナツ,ほなつ
ホナミ,ほなみ
ホノ,ほの
ホノカ,ほのか
ホノミ,ほのみ
ホホネ,ほほね
ホホミ,ほほみ
ホマ,ほま
ホマレ,ほまれ
ホユキ,ほゆき
ホユミ,ほゆみ
マア,まあ
マアコ,まあこ
マアサ,まあさ
マアシャ,まあしゃ
マアミ,まあみ
マアヤ,まあや
マアラ,まあら
マアレ,まあれ
マイ,まい
マイカ,まいか
マイコ,まいこ
マイサ,まいさ
マイナ,まいな
マイネ,まいね
マイノ,まいの
マイハ,まいは
マイホ,まいほ
マイミ,まいみ
マイラ,まいら
マエコ,まえこ
マエミ,まえみ
マオ,まお
マオコ,まおこ
マオミ,まおみ
マオリ,まおり
マカコ,まかこ
マカナ,まかな
マキ,まき
マキエ,まきえ
マキコ,まきこ
マキナ,まきな
マキノ,まきの
マキホ,まきほ
マキミ,まきみ
マキヨ,まきよ
マコ,まこ
マゴカ,まごか
マコト,まこと
マサ,まさ
マサエ,まさえ
マサキ,まさき
マサコ,まさこ
マサナ,まさな
マサネ,まさね
マサノ,まさの
マサホ,まさほ
マサミ,まさみ
マサヨ,まさよ
マサリ,まさり
マジュ,まじゅ
マスエ,ますえ
マスコ,ますこ
マスズ,ますず
マスホ,ますほ
マスミ,ますみ
マスヨ,ますよ
マチ,まち
マチエ,まちえ
マチカ,まちか
マチコ,まちこ
マチノ,まちの
マチホ,まちほ
マチミ,まちみ
マチヨ,まちよ
マツ,まつ
マツコ,まつこ
マツバ,まつば
マツミ,まつみ
マツヨ,まつよ
マド,まど
マドカ,まどか
マドナ,まどな
マドベ,まどべ
マドミ,まどみ
マドラ,まどら
マトリ,まとり
マドリ,まどり
マナ,まな
マナエ,まなえ
マナカ,まなか
マナコ,まなこ
マナツ,まなつ
マナホ,まなほ
マナミ,まなみ
マネ,まね
マノ,まの
マヒロ,まひろ
マフミ,まふみ
マフユ,まふゆ
マホ,まほ
マホカ,まほか
マホコ,まほこ
マホノ,まほの
マホミ,まほみ
マホリ,まほり
マミ,まみ
マミエ,まみえ
マミオ,まみお
マミカ,まみか
マミコ,まみこ
マミナ,まみな
マミミ,まみみ
マミヨ,まみよ
マヤ,まや
マヤカ,まやか
マヤコ,まやこ
マヤナ,まやな
マヤノ,まやの
マヤミ,まやみ
マユ,まゆ
マユウ,まゆう
マユエ,まゆえ
マユカ,まゆか
マユキ,まゆき
マユコ,まゆこ
マユナ,まゆな
マユノ,まゆの
マユホ,まゆほ
マユミ,まゆみ
マヨ,まよ
マヨコ,まよこ
マヨミ,まよみ
マリ,まり
マリア,まりあ
マリアン,まりあん
マリイ,まりい
マリエ,まりえ
マリカ,まりか
マリコ,まりこ
マリサ,まりさ
マリナ,まりな
マリネ,まりね
マリノ,まりの
マリホ,まりほ
マリミ,まりみ
マリモ,まりも
マリヨ,まりよ
マリリン,まりりん
マリン,まりん
マルエ,まるえ
マルコ,まるこ
マルナ,まるな
マルミ,まるみ
マルモ,まるも
マレア,まれあ
マレイ,まれい
マレミ,まれみ
ミア,みあ
ミアイ,みあい
ミイ,みい
ミイク,みいく
ミイコ,みいこ
ミイナ,みいな
ミウ,みう
ミウコ,みうこ
ミエ,みえ
ミエイ,みえい
ミエコ,みえこ
ミエハル,みえはる
ミエル,みえる
ミオ,みお
ミオウ,みおう
ミオカ,みおか
ミオコ,みおこ
ミオナ,みおな
ミオノ,みおの
ミオリ,みおり
ミオン,みおん
ミカ,みか
ミカエ,みかえ
ミカオ,みかお
ミカゲ,みかげ
ミカコ,みかこ
ミカサ,みかさ
ミカゼ,みかぜ
ミカホ,みかほ
ミカヨ,みかよ
ミカリ,みかり
ミカン,みかん
ミキ,みき
ミキエ,みきえ
ミキコ,みきこ
ミキナ,みきな
ミキノ,みきの
ミキホ,みきほ
ミキヨ,みきよ
ミギワ,みぎわ
ミク,みく
ミクモ,みくも
ミコ,みこ
ミコト,みこと
ミサ,みさ
ミサエ,みさえ
ミサオ,みさお
ミサキ,みさき
ミサギ,みさぎ
ミサコ,みさこ
ミサト,みさと
ミサホ,みさほ
ミサヨ,みさよ
ミズエ,みずえ
ミズオ,みずお
ミズカ,みずか
ミズキ,みずき
ミスズ,みすず
ミズナ,みずな
ミズネ,みずね
ミズノ,みずの
ミズホ,みずほ
ミズモ,みずも
ミズリ,みずり
ミソノ,みその
ミソラ,みそら
ミタビ,みたび
ミチ,みち
ミチエ,みちえ
ミチカ,みちか
ミチコ,みちこ
ミチネ,みちね
ミチノ,みちの
ミチヨ,みちよ
ミチル,みちる
ミツ,みつ
ミツエ,みつえ
ミヅエ,みづえ
ミツカ,みつか
ミヅカ,みづか
ミツキ,みつき
ミヅキ,みづき
ミツコ,みつこ
ミツセ,みつせ
ミツノ,みつの
ミツハ,みつは
ミツホ,みつほ
ミヅホ,みづほ
ミツミ,みつみ
ミツヨ,みつよ
ミツル,みつる
ミト,みと
ミドリ,みどり
ミドリコ,みどりこ
ミナ,みな
ミナエ,みなえ
ミナオ,みなお
ミナキ,みなき
ミナコ,みなこ
ミナツ,みなつ
ミナト,みなと
ミナホ,みなほ
ミナミ,みなみ
ミナヨ,みなよ
ミニイ,みにい
ミニュウ,みにゅう
ミネ,みね
ミネコ,みねこ
ミノ,みの
ミノリ,みのり
ミハル,みはる
ミヒロ,みひろ
ミフエ,みふえ
ミフネ,みふね
ミフユ,みふゆ
ミホ,みほ
ミホカ,みほか
ミホコ,みほこ
ミホシ,みほし
ミホナ,みほな
ミホヨ,みほよ
ミホリ,みほり
ミホロ,みほろ
ミマリ,みまり
ミミ,みみ
ミメイ,みめい
ミモ,みも
ミモザ,みもざ
ミモリ,みもり
ミヤ,みや
ミヤカ,みやか
ミヤコ,みやこ
ミヤビ,みやび
ミユ,みゆ
ミユウ,みゆう
ミユキ,みゆき
ミユコ,みゆこ
ミユナ,みゆな
ミユリ,みゆり
ミヨ,みよ
ミヨウ,みよう
ミヨカ,みよか
ミヨコ,みよこ
ミラ,みら
ミライ,みらい
ミラノ,みらの
ミラン,みらん
ミリ,みり
ミリエ,みりえ
ミリカ,みりか
ミリコ,みりこ
ミリナ,みりな
ミリュウ,みりゅう
ミル,みる
ミルイ,みるい
ミルム,みるむ
ミレイ,みれい
ミレナ,みれな
ミロ,みろ
ミワ,みわ
ミワコ,みわこ
ミント,みんと
ムウア,むうあ
ムエン,むえん
ムギコ,むぎこ
ムギホ,むぎほ
ムク,むく
ムクミ,むくみ
ムジカ,むじか
ムスメ,むすめ
ムツエ,むつえ
ムツキ,むつき
ムツコ,むつこ
ムツナ,むつな
ムツノ,むつの
ムツホ,むつほ
ムツミ,むつみ
ムツヨ,むつよ
ムネ,むね
ムネコ,むねこ
ムネヨ,むねよ
ムミ,むみ
ムユウ,むゆう
メアリ,めあり
メイ,めい
メイア,めいあ
メイカ,めいか
メイク,めいく
メイサ,めいさ
メイナ,めいな
メイラ,めいら
メイラン,めいらん
メイル,めいる
メキ,めき
メグ,めぐ
メグミ,めぐみ
メバエ,めばえ
メブキ,めぶき
メミ,めみ
メモリ,めもり
メユ,めゆ
メユル,めゆる
メリ,めり
メリイ,めりい
メリサ,めりさ
メル,める
メルモ,めるも
メンカ,めんか
モア,もあ
モイ,もい
モエ,もえ
モエカ,もえか
モエギ,もえぎ
モエコ,もえこ
モエナ,もえな
モエノ,もえの
モエミ,もえみ
モエリ,もえり
モカ,もか
モコ,もこ
モト,もと
モトカ,もとか
モトコ,もとこ
モトノ,もとの
モトミ,もとみ
モトヨ,もとよ
モナ,もな
モナコ,もなこ
モナミ,もなみ
モニカ,もにか
モネ,もね
モミ,もみ
モミジ,もみじ
モモ,もも
モモエ,ももえ
モモカ,ももか
モモコ,ももこ
モモナ,ももな
モモネ,ももね
モモノ,ももの
モモハ,ももは
モモミ,ももみ
モモヨ,ももよ
モヨコ,もよこ
モリ,もり
モリエ,もりえ
モリノ,もりの
モリミ,もりみ
モワ,もわ
モンカ,もんか
ヤアヤ,やあや
ヤイサ,やいさ
ヤエ,やえ
ヤエカ,やえか
ヤエコ,やえこ
ヤエナ,やえな
ヤエノ,やえの
ヤエミ,やえみ
ヤオネ,やおね
ヤオリ,やおり
ヤコ,やこ
ヤサ,やさ
ヤスエ,やすえ
ヤスカ,やすか
ヤスコ,やすこ
ヤスナ,やすな
ヤスノ,やすの
ヤスハ,やすは
ヤスホ,やすほ
ヤスミ,やすみ
ヤスヨ,やすよ
ヤチエ,やちえ
ヤチオ,やちお
ヤチカ,やちか
ヤチコ,やちこ
ヤチホ,やちほ
ヤチミ,やちみ
ヤチヨ,やちよ
ヤツキ,やつき
ヤツコ,やつこ
ヤツミ,やつみ
ヤナ,やな
ヤナエ,やなえ
ヤナギ,やなぎ
ヤナコ,やなこ
ヤナセ,やなせ
ヤナミ,やなみ
ヤヒロ,やひろ
ヤホコ,やほこ
ヤマネ,やまね
ヤヤ,やや
ヤヤコ,ややこ
ヤユ,やゆ
ヤユミ,やゆみ
ヤユリ,やゆり
ヤヨイ,やよい
ヤヨリ,やより
ユア,ゆあ
ユアイ,ゆあい
ユアサ,ゆあさ
ユアナ,ゆあな
ユアン,ゆあん
ユイ,ゆい
ユイエ,ゆいえ
ユイカ,ゆいか
ユイコ,ゆいこ
ユイナ,ゆいな
ユイネ,ゆいね
ユイノ,ゆいの
ユイホ,ゆいほ
ユイミ,ゆいみ
ユイリ,ゆいり
ユウ,ゆう
ユウア,ゆうあ
ユウカ,ゆうか
ユウキ,ゆうき
ユウコ,ゆうこ
ユウナ,ゆうな
ユウノ,ゆうの
ユウハ,ゆうは
ユウヒ,ゆうひ
ユウホ,ゆうほ
ユウミ,ゆうみ
ユウメ,ゆうめ
ユウユ,ゆうゆ
ユウユウ,ゆうゆう
ユウラ,ゆうら
ユウリ,ゆうり
ユエ,ゆえ
ユカ,ゆか
ユカエ,ゆかえ
ユカコ,ゆかこ
ユカナ,ゆかな
ユカノ,ゆかの
ユカホ,ゆかほ
ユカミ,ゆかみ
ユカヨ,ゆかよ
ユカリ,ゆかり
ユキ,ゆき
ユキエ,ゆきえ
ユキオ,ゆきお
ユキカ,ゆきか
ユキコ,ゆきこ
ユキジ,ゆきじ
ユキナ,ゆきな
ユキネ,ゆきね
ユキノ,ゆきの
ユキホ,ゆきほ
ユキミ,ゆきみ
ユキヨ,ゆきよ
ユクミ,ゆくみ
ユコ,ゆこ
ユズ,ゆず
ユズカ,ゆずか
ユズナ,ゆずな
ユズハ,ゆずは
ユズホ,ゆずほ
ユズミ,ゆずみ
ユヅキ,ゆづき
ユトリ,ゆとり
ユナ,ゆな
ユノ,ゆの
ユフ,ゆふ
ユホ,ゆほ
ユマ,ゆま
ユミ,ゆみ
ユミエ,ゆみえ
ユミカ,ゆみか
ユミコ,ゆみこ
ユミサ,ゆみさ
ユミナ,ゆみな
ユミネ,ゆみね
ユミノ,ゆみの
ユミハ,ゆみは
ユミホ,ゆみほ
ユミヤ,ゆみや
ユミヨ,ゆみよ
ユメ,ゆめ
ユメカ,ゆめか
ユメキ,ゆめき
ユメコ,ゆめこ
ユメジ,ゆめじ
ユメナ,ゆめな
ユメノ,ゆめの
ユメホ,ゆめほ
ユメミ,ゆめみ
ユラ,ゆら
ユリ,ゆり
ユリア,ゆりあ
ユリエ,ゆりえ
ユリカ,ゆりか
ユリキ,ゆりき
ユリコ,ゆりこ
ユリサ,ゆりさ
ユリナ,ゆりな
ユリノ,ゆりの
ユリハ,ゆりは
ユリホ,ゆりほ
ユリミ,ゆりみ
ユリヨ,ゆりよ
ユワコ,ゆわこ
ユンナ,ゆんな
ヨウ,よう
ヨウカ,ようか
ヨウコ,ようこ
ヨウネ,ようね
ヨウハ,ようは
ヨウヒ,ようひ
ヨシエ,よしえ
ヨシカ,よしか
ヨシコ,よしこ
ヨシナ,よしな
ヨシネ,よしね
ヨシノ,よしの
ヨシハ,よしは
ヨシホ,よしほ
ヨシミ,よしみ
ヨゾラ,よぞら
ヨツバ,よつば
ヨヅル,よづる
ヨド,よど
ヨネカ,よねか
ヨネコ,よねこ
ヨネミ,よねみ
ヨハネ,よはね
ヨモギ,よもぎ
ヨリエ,よりえ
ヨリカ,よりか
ヨリコ,よりこ
ヨリナ,よりな
ヨリホ,よりほ
ヨリミ,よりみ
ライカ,らいか
ライナ,らいな
ライム,らいむ
ライラ,らいら
ラキ,らき
ラク,らく
ラクミ,らくみ
ラスカ,らすか
ラナ,らな
ラブ,らぶ
ラミ,らみ
ラム,らむ
ラムネ,らむね
ラモ,らも
ララ,らら
ララカ,ららか
ラン,らん
ランカ,らんか
ランコ,らんこ
ランナ,らんな
ランラン,らんらん
リア,りあ
リアス,りあす
リアネ,りあね
リアン,りあん
リイ,りい
リイコ,りいこ
リイサ,りいさ
リイナ,りいな
リウル,りうる
リエ,りえ
リエカ,りえか
リエコ,りえこ
リエナ,りえな
リエミ,りえみ
リオ,りお
リオカ,りおか
リオコ,りおこ
リオナ,りおな
リオネ,りおね
リオン,りおん
リカ,りか
リカエ,りかえ
リカコ,りかこ
リカナ,りかな
リキコ,りきこ
リクミ,りくみ
リコ,りこ
リコナ,りこな
リサ,りさ
リサエ,りさえ
リサコ,りさこ
リサノ,りさの
リサホ,りさほ
リス,りす
リズ,りず
リズム,りずむ
リセラ,りせら
リツ,りつ
リヅ,りづ
リツエ,りつえ
リツキ,りつき
リツコ,りつこ
リツノ,りつの
リツホ,りつほ
リツミ,りつみ
リツヨ,りつよ
リト,りと
リナ,りな
リナコ,りなこ
リノ,りの
リノカ,りのか
リブ,りぶ
リホ,りほ
リホコ,りほこ
リマ,りま
リマコ,りまこ
リミ,りみ
リミカ,りみか
リミコ,りみこ
リモネ,りもね
リヤコ,りやこ
リュウカ,りゅうか
リヨ,りよ
リョウ,りょう
リョウコ,りょうこ
リヨコ,りよこ
リラ,りら
リリ,りり
リリイ,りりい
リリエ,りりえ
リリカ,りりか
リリコ,りりこ
リリナ,りりな
リル,りる
リン,りん
リンイチ,りんいち
リンカ,りんか
リンコ,りんこ
リンゴ,りんご
リンス,りんす
リンダ,りんだ
リンナ,りんな
リンネ,りんね
リンリン,りんりん
ルア,るあ
ルイ,るい
ルイカ,るいか
ルイコ,るいこ
ルイサ,るいさ
ルイナ,るいな
ルイネ,るいね
ルウシ,るうし
ルカ,るか
ルカコ,るかこ
ルク,るく
ルコ,るこ
ルサ,るさ
ルシア,るしあ
ルチア,るちあ
ルナ,るな
ルネ,るね
ルノア,るのあ
ルビ,るび
ルミ,るみ
ルミエ,るみえ
ルミカ,るみか
ルミコ,るみこ
ルミナ,るみな
ルミネ,るみね
ルリ,るり
ルリア,るりあ
ルリエ,るりえ
ルリカ,るりか
ルリコ,るりこ
ルリナ,るりな
ルリハ,るりは
ルル,るる
ルルナ,るるな
レア,れあ
レイ,れい
レイア,れいあ
レイエ,れいえ
レイカ,れいか
レイコ,れいこ
レイサ,れいさ
レイス,れいす
レイナ,れいな
レイネ,れいね
レイノ,れいの
レイホ,れいほ
レイミ,れいみ
レイラ,れいら
レイリ,れいり
レイリン,れいりん
レオナ,れおな
レナ,れな
レノ,れの
レミ,れみ
レミカ,れみか
レミナ,れみな
レモン,れもん
レラン,れらん
レン,れん
レンカ,れんか
レンリ,れんり
ロアナ,ろあな
ロウサ,ろうさ
ロウナ,ろうな
ロウラ,ろうら
ロオサ,ろおさ
ロカ,ろか
ロコ,ろこ
ロサ,ろさ
ロナ,ろな
ロミ,ろみ
ロミカ,ろみか
ロミコ,ろみこ
ロワ,ろわ
ワエ,わえ
ワエミ,わえみ
ワオ,わお
ワオン,わおん
ワカ,わか
ワカエ,わかえ
ワカコ,わかこ
ワカサ,わかさ
ワカナ,わかな
ワカネ,わかね
ワカノ,わかの
ワカバ,わかば
ワカホ,わかほ
ワカミ,わかみ
ワカメ,わかめ
ワカヨ,わかよ
ワキコ,わきこ
ワクミ,わくみ
ワクリ,わくり
ワコ,わこ
ワサ,わさ
ワタコ,わたこ
ワタミ,わたみ
ワツ,わつ
ワツキ,わつき
ワユウ,わゆう
ワラビ,わらび
