アイカワ,あいかわ
アイザワ,あいざわ
アイダ,あいだ
アイハラ,あいはら
アオイ,あおい
アオキ,あおき
アオシマ,あおしま
アオタ,あおた
アオノ,あおの
アオヤギ,あおやぎ
アオヤマ,あおやま
アカイ,あかい
アカイケ,あかいけ
アカイシ,あかいし
アカオ,あかお
アカガワ,あかがわ
アカギ,あかぎ
アカサカ,あかさか
アカザワ,あかざわ
アカシ,あかし
アカツカ,あかつか
アガツマ,あがつま
アカバネ,あかばね
アカボシ,あかぼし
アカホリ,あかほり
アカマ,あかま
アカマツ,あかまつ
アカミネ,あかみね
アキタ,あきた
アキバ,あきば
アキモト,あきもと
アキヤマ,あきやま
アキヨシ,あきよし
アクツ,あくつ
アサイ,あさい
アサオカ,あさおか
アサカワ,あさかわ
アサクラ,あさくら
アサダ,あさだ
アサヌマ,あさぬま
アサノ,あさの
アサヒ,あさひ
アサヒナ,あさひな
アサリ,あさり
アシザワ,あしざわ
アシダ,あしだ
アソウ,あそう
アダチ,あだち
アツミ,あつみ
アナン,あなん
アベ,あべ
アマノ,あまの
アマミヤ,あまみや
アヤベ,あやべ
アライ,あらい
アラガキ,あらがき
アラカワ,あらかわ
アラキ,あらき
アラタ,あらた
アラマキ,あらまき
アラヤ,あらや
アリ,あり
アリガ,ありが
アリカワ,ありかわ
アリダ,ありだ
アリマ,ありま
アリムラ,ありむら
アリモト,ありもと
アリヨシ,ありよし
アレ,あれ
アワノ,あわの
アンザイ,あんざい
アンドウ,あんどう
アンポ,あんぽ
イイオ,いいお
イイジマ,いいじま
イイダ,いいだ
イイヅカ,いいづか
イイヌマ,いいぬま
イイムラ,いいむら
イイヤマ,いいやま
イウチ,いうち
イガ,いが
イガラシ,いがらし
イカリ,いかり
イガワ,いがわ
イクタ,いくた
イグチ,いぐち
イケウチ,いけうち
イケガミ,いけがみ
イケダ,いけだ
イケナガ,いけなが
イケノ,いけの
イケハラ,いけはら
イケモト,いけもと
イケヤ,いけや
イコマ,いこま
イサ,いさ
イサカ,いさか
イザワ,いざわ
イシイ,いしい
イシオカ,いしおか
イシガキ,いしがき
イシガミ,いしがみ
イシカワ,いしかわ
イシクラ,いしくら
イシグロ,いしぐろ
イシゲ,いしげ
イシザカ,いしざか
イシザキ,いしざき
イシザワ,いしざわ
イシジマ,いしじま
イシダ,いしだ
イシタニ,いしたに
イシツ,いしつ
イシツカ,いしつか
イシノ,いしの
イシバシ,いしばし
イシハラ,いしはら
イシマル,いしまる
イシムラ,いしむら
イシモト,いしもと
イシモリ,いしもり
イシヤマ,いしやま
イシワタ,いしわた
イズミ,いずみ
イズミダ,いずみだ
イズミヤ,いずみや
イセ,いせ
イセキ,いせき
イソ,いそ
イソガイ,いそがい
イソザキ,いそざき
イソダ,いそだ
イソノ,いその
イソベ,いそべ
イソムラ,いそむら
イダ,いだ
イタガキ,いたがき
イタクラ,いたくら
イタバシ,いたばし
イタミ,いたみ
イタヤ,いたや
イチカワ,いちかわ
イチダ,いちだ
イチノ,いちの
イチノセ,いちのせ
イチハシ,いちはし
イチハラ,いちはら
イチムラ,いちむら
イッコ,いっこ
イッショク,いっしょく
イデ,いで
イド,いど
イトイ,いとい
イトウ,いとう
イナガキ,いながき
イナガワ,いながわ
イナダ,いなだ
イナバ,いなば
イナミ,いなみ
イナムラ,いなむら
イヌイ,いぬい
イヌカイ,いぬかい
イヌヅカ,いぬづか
イノ,いの
イノウエ,いのうえ
イノセ,いのせ
イノマタ,いのまた
イハラ,いはら
イバラキ,いばらき
イフジ,いふじ
イマ,いま
イマイ,いまい
イマイズミ,いまいずみ
イマエダ,いまえだ
イマオカ,いまおか
イマガワ,いまがわ
イマゼキ,いまぜき
イマダ,いまだ
イマツ,いまつ
イマニシ,いまにし
イマムラ,いまむら
イムラ,いむら
イモト,いもと
イリエ,いりえ
イワイ,いわい
イワオ,いわお
イワガミ,いわがみ
イワカワ,いわかわ
イワキ,いわき
イワキリ,いわきり
イワクラ,いわくら
イワサ,いわさ
イワサキ,いわさき
イワサワ,いわさわ
イワシタ,いわした
イワセ,いわせ
イワタ,いわた
イワタニ,いわたに
イワナガ,いわなが
イワノ,いわの
イワハシ,いわはし
イワブチ,いわぶち
イワマ,いわま
イワミ,いわみ
イワムラ,いわむら
イワモト,いわもと
ウイ,うい
ウエキ,うえき
ウエジマ,うえじま
ウエスギ,うえすぎ
ウエダ,うえだ
ウエタケ,うえたけ
ウエニシ,うえにし
ウエノ,うえの
ウエハラ,うえはら
ウエマツ,うえまつ
ウエムラ,うえむら
ウオズミ,うおずみ
ウカイ,うかい
ウサミ,うさみ
ウザワ,うざわ
ウジイエ,うじいえ
ウシオ,うしお
ウシジマ,うしじま
ウシダ,うしだ
ウシヤマ,うしやま
ウスイ,うすい
ウスダ,うすだ
ウダ,うだ
ウダガワ,うだがわ
ウチウミ,うちうみ
ウチカワ,うちかわ
ウチダ,うちだ
ウチボリ,うちぼり
ウチムラ,うちむら
ウチヤマ,うちやま
ウツギ,うつぎ
ウツノミヤ,うつのみや
ウノ,うの
ウミノ,うみの
ウメキ,うめき
ウメザキ,うめざき
ウメザワ,うめざわ
ウメダ,うめだ
ウメツ,うめつ
ウメノ,うめの
ウメハラ,うめはら
ウメムラ,うめむら
ウメモト,うめもと
ウラ,うら
ウラガミ,うらがみ
ウラカワ,うらかわ
ウラタ,うらた
ウラノ,うらの
ウラヤマ,うらやま
ウリウ,うりう
ウルシバラ,うるしばら
エガシラ,えがしら
エガワ,えがわ
エグチ,えぐち
エザキ,えざき
エジマ,えじま
エジリ,えじり
エダ,えだ
エツカワ,えつかわ
エトウ,えとう
エノキ,えのき
エノモト,えのもと
エハラ,えはら
エビサワ,えびさわ
エビハラ,えびはら
エモト,えもと
エンザン,えんざん
エンデン,えんでん
エンドウ,えんどう
オイカワ,おいかわ
オオイ,おおい
オオイケ,おおいけ
オオイシ,おおいし
オオイズミ,おおいずみ
オオイデ,おおいで
オオイワ,おおいわ
オオウチ,おおうち
オオウラ,おおうら
オオオカ,おおおか
オオガキ,おおがき
オオガミ,おおがみ
オオカワ,おおかわ
オオカワラ,おおかわら
オオグシ,おおぐし
オオクボ,おおくぼ
オオクマ,おおくま
オオクラ,おおくら
オオコウチ,おおこうち
オオコシ,おおこし
オオサカ,おおさか
オオサキ,おおさき
オオサコ,おおさこ
オオサト,おおさと
オオサワ,おおさわ
オオシタ,おおした
オオシマ,おおしま
オオシロ,おおしろ
オオスガ,おおすが
オオスギ,おおすぎ
オオスミ,おおすみ
オオゼキ,おおぜき
オオタ,おおた
オオタカ,おおたか
オオタキ,おおたき
オオタケ,おおたけ
オオタニ,おおたに
オオツ,おおつ
オオツカ,おおつか
オオツキ,おおつき
オオツボ,おおつぼ
オオトモ,おおとも
オオニシ,おおにし
オオヌキ,おおぬき
オオヌマ,おおぬま
オオノ,おおの
オオバ,おおば
オオハシ,おおはし
オオハタ,おおはた
オオハマ,おおはま
オオバヤシ,おおばやし
オオハラ,おおはら
オオヒラ,おおひら
オオフジ,おおふじ
オオホリ,おおほり
オオマチ,おおまち
オオミ,おおみ
オオミヤ,おおみや
オオムラ,おおむら
オオモト,おおもと
オオモリ,おおもり
オオヤ,おおや
オオヤマ,おおやま
オオワキ,おおわき
オオワダ,おおわだ
オカ,おか
オカザキ,おかざき
オガサワラ,おがさわら
オカジマ,おかじま
オカダ,おかだ
オガタ,おがた
オカノ,おかの
オカバヤシ,おかばやし
オカベ,おかべ
オカムラ,おかむら
オカモト,おかもと
オカヤス,おかやす
オカヤマ,おかやま
オガワ,おがわ
オキ,おき
オギソ,おぎそ
オキタ,おきた
オキノ,おきの
オギノ,おぎの
オキモト,おきもと
オギワラ,おぎわら
オク,おく
オクイ,おくい
オクダ,おくだ
オクダイラ,おくだいら
オクタニ,おくたに
オクノ,おくの
オクハラ,おくはら
オクムラ,おくむら
オクモト,おくもと
オクヤマ,おくやま
オグラ,おぐら
オザキ,おざき
オサダ,おさだ
オサナイ,おさない
オザワ,おざわ
オシダ,おしだ
オゼキ,おぜき
オダ,おだ
オダカ,おだか
オダギリ,おだぎり
オダジマ,おだじま
オダワラ,おだわら
オチ,おち
オチアイ,おちあい
オニズカ,おにずか
オヌキ,おぬき
オノ,おの
オノエ,おのえ
オノザワ,おのざわ
オノダ,おのだ
オノヅカ,おのづか
オノデラ,おのでら
オバタ,おばた
オバマ,おばま
オハラ,おはら
オマタ,おまた
オヤマダ,おやまだ
オリタ,おりた
オリハラ,おりはら
オンダ,おんだ
カイ,かい
カガ,かが
カガヤ,かがや
カガワ,かがわ
カキウチ,かきうち
カキザキ,かきざき
カキヌマ,かきぬま
カキハラ,かきはら
カキモト,かきもと
カク,かく
カゲヤマ,かげやま
カコウ,かこう
カサイ,かさい
カサハラ,かさはら
カザマ,かざま
カサマツ,かさまつ
カジ,かじ
カジカワ,かじかわ
カジタ,かじた
カジタニ,かじたに
カシマ,かしま
カジモト,かじもと
カジヤマ,かじやま
カシワ,かしわ
カシワギ,かしわぎ
カシワザキ,かしわざき
カシワラ,かしわら
カジワラ,かじわら
カスヤ,かすや
カセ,かせ
カタオカ,かたおか
カタギリ,かたぎり
カタクラ,かたくら
カタノ,かたの
カタヒラ,かたひら
カタヤマ,かたやま
カチ,かち
カツキ,かつき
カツタ,かつた
カツノ,かつの
カツベ,かつべ
カツマタ,かつまた
カツヤマ,かつやま
カツラ,かつら
カド,かど
カトウ,かとう
カドタ,かどた
カトリ,かとり
カドワキ,かどわき
カナイ,かない
カナサキ,かなさき
カナザワ,かなざわ
カナモト,かなもと
カナモリ,かなもり
カナヤ,かなや
カネ,かね
カネカワ,かねかわ
カネコ,かねこ
カネダ,かねだ
カネノ,かねの
カネマル,かねまる
カネミツ,かねみつ
カノ,かの
カノウ,かのう
カマクラ,かまくら
カマタ,かまた
カミ,かみ
カミオ,かみお
カミオカ,かみおか
カミカワ,かみかわ
カミサカ,かみさか
カミジョウ,かみじょう
カミヤ,かみや
カミヤマ,かみやま
カメイ,かめい
カメオカ,かめおか
カメダ,かめだ
カメヤ,かめや
カメヤマ,かめやま
カモ,かも
カラサワ,からさわ
カリノ,かりの
カワイ,かわい
カワウチ,かわうち
カワカミ,かわかみ
カワギシ,かわぎし
カワキタ,かわきた
カワグチ,かわぐち
カワクボ,かわくぼ
カワゴシ,かわごし
カワサキ,かわさき
カワシマ,かわしま
カワジリ,かわじり
カワセ,かわせ
カワゾエ,かわぞえ
カワタ,かわた
カワダ,かわだ
カワチ,かわち
カワツ,かわつ
カワナ,かわな
カワニシ,かわにし
カワノ,かわの
カワハタ,かわはた
カワバタ,かわばた
カワベ,かわべ
カワマタ,かわまた
カワムラ,かわむら
カワモト,かわもと
カワラ,かわら
カンザキ,かんざき
カンダ,かんだ
カンバヤシ,かんばやし
カンバラ,かんばら
キウチ,きうち
キクガワ,きくがわ
キクタ,きくた
キクチ,きくち
キグチ,きぐち
キザキ,きざき
キシ,きし
キシカワ,きしかわ
キシダ,きしだ
キシノ,きしの
キジマ,きじま
キシモト,きしもと
キタ,きた
キダ,きだ
キタイ,きたい
キタウラ,きたうら
キタオ,きたお
キタオカ,きたおか
キタガワ,きたがわ
キタグチ,きたぐち
キタザワ,きたざわ
キタジマ,きたじま
キタダ,きただ
キダニ,きだに
キタノ,きたの
キタバヤシ,きたばやし
キタハラ,きたはら
キタムラ,きたむら
キタモト,きたもと
キタヤマ,きたやま
キド,きど
キトウ,きとう
キノ,きの
キノシタ,きのした
キバ,きば
キハタ,きはた
キハラ,きはら
キミジマ,きみじま
キムラ,きむら
キモト,きもと
キヤマ,きやま
キヨカワ,きよかわ
キヨタ,きよた
キヨハラ,きよはら
キヨミヤ,きよみや
キラ,きら
キリハラ,きりはら
キリヤマ,きりやま
キリュウ,きりゅう
キンザン,きんざん
キンジョウ,きんじょう
キンス,きんす
キンバラ,きんばら
クガ,くが
クサカ,くさか
クサカベ,くさかべ
クサノ,くさの
クサマ,くさま
グシカタ,ぐしかた
クシダ,くしだ
クスダ,くすだ
クスノキ,くすのき
クスモト,くすもと
クドウ,くどう
クニイ,くにい
クニヨシ,くによし
クノ,くの
クボ,くぼ
クボタ,くぼた
クマガイ,くまがい
クマキ,くまき
クマクラ,くまくら
クマザキ,くまざき
クマサワ,くまさわ
クマダ,くまだ
クマノ,くまの
クマモト,くまもと
クメ,くめ
クラシマ,くらしま
クラタ,くらた
クラハシ,くらはし
クラモチ,くらもち
クラモト,くらもと
クリタ,くりた
クリバヤシ,くりばやし
クリハラ,くりはら
クリモト,くりもと
クリヤマ,くりやま
クルス,くるす
クロイワ,くろいわ
クロカワ,くろかわ
クロキ,くろき
クロサキ,くろさき
クロサワ,くろさわ
クロス,くろす
クロセ,くろせ
クロダ,くろだ
クワナ,くわな
クワノ,くわの
クワバラ,くわばら
クワヤマ,くわやま
グンシ,ぐんし
ゲザン,げざん
ゲヤ,げや
ゲンヤ,げんや
コイケ,こいけ
コイズミ,こいずみ
コイデ,こいで
コウ,こう
コウゲン,こうげん
コウゴ,こうご
コウザン,こうざん
コウジョウ,こうじょう
コウソン,こうそん
コウタ,こうた
コウダ,こうだ
ゴウダ,ごうだ
コウノ,こうの
コウベ,こうべ
コウムラ,こうむら
コウモト,こうもと
コウヤ,こうや
コウヤマ,こうやま
コガ,こが
コグチ,こぐち
コクブ,こくぶ
コクボ,こくぼ
コクホン,こくほん
コグマ,こぐま
コグレ,こぐれ
コグロ,こぐろ
コサカ,こさか
コシバ,こしば
コジマ,こじま
コスギ,こすぎ
コスゲ,こすげ
コセ,こせ
コセキ,こせき
コダイラ,こだいら
コタキ,こたき
コタケ,こたけ
コタニ,こたに
コダマ,こだま
コヅカ,こづか
コデラ,こでら
ゴトウ,ごとう
コニシ,こにし
コヌマ,こぬま
コバシ,こばし
コバヤカワ,こばやかわ
コバヤシ,こばやし
コボク,こぼく
コボリ,こぼり
コマイ,こまい
コマキ,こまき
コマダ,こまだ
コマツ,こまつ
コマツザキ,こまつざき
コマツバラ,こまつばら
ゴミ,ごみ
コミネ,こみね
コミヤ,こみや
コミヤマ,こみやま
コムラ,こむら
コムロ,こむろ
コモリ,こもり
コヤナギ,こやなぎ
コヤノ,こやの
コヤマ,こやま
ゴンダ,ごんだ
コンドウ,こんどう
ゴンドウ,ごんどう
コンノ,こんの
コンポン,こんぽん
サイキ,さいき
サイケン,さいけん
サイトウ,さいとう
サエキ,さえき
サカ,さか
サガ,さが
サカイ,さかい
サカウチ,さかうち
サカガミ,さかがみ
サカキ,さかき
サカキバラ,さかきばら
サカグチ,さかぐち
サカクラ,さかくら
サカシタ,さかした
サカタ,さかた
サカネ,さかね
サカノ,さかの
サカベ,さかべ
サカマキ,さかまき
サカモト,さかもと
サガラ,さがら
サガワ,さがわ
サキヤマ,さきやま
サクタ,さくた
サクマ,さくま
サクライ,さくらい
サクラギ,さくらぎ
サクラダ,さくらだ
サクラバ,さくらば
サコ,さこ
サコダ,さこだ
ササ,ささ
ササイ,ささい
ササオカ,ささおか
ササガワ,ささがわ
ササキ,ささき
ササグリ,ささぐり
ササダ,ささだ
ササモト,ささもと
ササヤマ,ささやま
ササワラ,ささわら
サセ,させ
サタ,さた
サタケ,さたけ
サトウ,さとう
サトミ,さとみ
サナダ,さなだ
サノ,さの
サハラ,さはら
サメジマ,さめじま
サヤマ,さやま
サルワタリ,さるわたり
サワ,さわ
サワイ,さわい
サワグチ,さわぐち
サワダ,さわだ
サワノ,さわの
サワムラ,さわむら
サンカク,さんかく
サンコク,さんこく
サンジョウ,さんじょう
サンソン,さんそん
サンチ,さんち
サンチュウ,さんちゅう
サントウ,さんとう
サンビン,さんびん
サンヤ,さんや
サンリン,さんりん
シイナ,しいな
シイバ,しいば
シオカワ,しおかわ
シオザキ,しおざき
シオザワ,しおざわ
シオノ,しおの
シオハラ,しおはら
シオミ,しおみ
シオヤ,しおや
シガ,しが
シゲタ,しげた
シゲマツ,しげまつ
シシド,ししど
シダ,しだ
シタジ,したじ
シダラ,しだら
ジナイ,じない
シナガワ,しながわ
シナダ,しなだ
シノザキ,しのざき
シノダ,しのだ
シノヅカ,しのづか
シノハラ,しのはら
シバ,しば
シバザキ,しばざき
シバタ,しばた
シバハラ,しばはら
シバヤマ,しばやま
シブヤ,しぶや
シホウ,しほう
シマ,しま
シマザキ,しまざき
シマズ,しまず
シマタ,しまた
シマダ,しまだ
シマノ,しまの
シマブクロ,しまぶくろ
シマムラ,しまむら
シマモト,しまもと
シミズ,しみず
シムラ,しむら
シモカワ,しもかわ
シモダ,しもだ
シモダイラ,しもだいら
シモムラ,しもむら
ジモン,じもん
シュウゾウ,しゅうぞう
シュドウ,しゅどう
シュンジツ,しゅんじつ
ショウジ,しょうじ
ショウダ,しょうだ
ジョウチ,じょうち
シライ,しらい
シラカワ,しらかわ
シラキ,しらき
シラサキ,しらさき
シラツチ,しらつち
シラハマ,しらはま
シロ,しろ
シロイシ,しろいし
シロイワ,しろいわ
シロタ,しろた
シロマ,しろま
シロミズ,しろみず
シン,しん
シンカイ,しんかい
シンカワ,しんかわ
シンキョ,しんきょ
シンケ,しんけ
シンザン,しんざん
シンジョウ,しんじょう
シンセイ,しんせい
シンタニ,しんたに
シンデン,しんでん
シンドウ,しんどう
ジンノ,じんの
シンボ,しんぼ
ジンボ,じんぼ
シンボリ,しんぼり
シンヤマ,しんやま
スイジョウ,すいじょう
スイタク,すいたく
スイデン,すいでん
スエキチ,すえきち
スエツグ,すえつぐ
スエナガ,すえなが
スエヒロ,すえひろ
スエマツ,すえまつ
スガ,すが
スガイ,すがい
スガヌマ,すがぬま
スガノ,すがの
スガヤ,すがや
スガワラ,すがわら
スギ,すぎ
スギウラ,すぎうら
スギエ,すぎえ
スギオカ,すぎおか
スギサキ,すぎさき
スギタ,すぎた
スギタニ,すぎたに
スギノ,すぎの
スギハラ,すぎはら
スギムラ,すぎむら
スギモト,すぎもと
スギモリ,すぎもり
スギヤマ,すぎやま
スゲ,すげ
スケガワ,すけがわ
スゲタ,すげた
スザキ,すざき
スズキ,すずき
スズムラ,すずむら
スダ,すだ
スドウ,すどう
スナガ,すなが
スナガワ,すながわ
スナダ,すなだ
スミ,すみ
スミタ,すみた
スミダ,すみだ
スミノ,すみの
スミヨシ,すみよし
スヤマ,すやま
スワ,すわ
セイケ,せいけ
セイノ,せいの
セオ,せお
セガワ,せがわ
セキ,せき
セキカワ,せきかわ
セキグチ,せきぐち
セキド,せきど
セキネ,せきね
セキノ,せきの
セキモト,せきもと
セキヤ,せきや
セト,せと
セトグチ,せとぐち
セリザワ,せりざわ
センケン,せんけん
センダ,せんだ
センナミ,せんなみ
ソウダ,そうだ
ソウデン,そうでん
ソウマ,そうま
ソエジマ,そえじま
ソエダ,そえだ
ソガ,そが
ソガベ,そがべ
ソネ,そね
ソノダ,そのだ
ソノベ,そのべ
ソメヤ,そめや
タイ,たい
タイカ,たいか
タイガ,たいが
ダイコウ,だいこう
ダイコク,だいこく
ダイトウ,だいとう
ダイドウ,だいどう
タイボク,たいぼく
ダイモン,だいもん
タイラ,たいら
タガ,たが
タカイ,たかい
タカイシ,たかいし
タカオ,たかお
タカオカ,たかおか
タカガキ,たかがき
タカギ,たかぎ
タカク,たかく
タカクラ,たかくら
タカクワ,たかくわ
タカサカ,たかさか
タカサキ,たかさき
タカサワ,たかさわ
タカシマ,たかしま
タガシラ,たがしら
タカス,たかす
タカスギ,たかすぎ
タカセ,たかせ
タカダ,たかだ
タカツ,たかつ
タカツカ,たかつか
タカナシ,たかなし
タカハシ,たかはし
タカハタ,たかはた
タカハマ,たかはま
タカバヤシ,たかばやし
タカマツ,たかまつ
タカミ,たかみ
タガミ,たがみ
タカミヤ,たかみや
タカモリ,たかもり
タカヤ,たかや
タカヤス,たかやす
タカヤナギ,たかやなぎ
タカラ,たから
タガワ,たがわ
タキ,たき
タキガワ,たきがわ
タキグチ,たきぐち
タキザワ,たきざわ
タキタ,たきた
タキモト,たきもと
タグチ,たぐち
タケイ,たけい
タケイシ,たけいし
タケウチ,たけうち
タケガワ,たけがわ
タケザワ,たけざわ
タケシタ,たけした
タケシマ,たけしま
タケダ,たけだ
タケチ,たけち
タケナカ,たけなか
タケノ,たけの
タケノウチ,たけのうち
タケハラ,たけはら
タケムラ,たけむら
タケモト,たけもと
タケモリ,たけもり
タケヤ,たけや
タケヤマ,たけやま
タサカ,たさか
タザキ,たざき
タザワ,たざわ
タジマ,たじま
タシリ,たしり
タシロ,たしろ
タダ,ただ
タチカワ,たちかわ
タチバナ,たちばな
タツミ,たつみ
ダテ,だて
タテイシ,たていし
タテノ,たての
タテヤマ,たてやま
タドコロ,たどころ
タナカ,たなか
タナハシ,たなはし
タナベ,たなべ
タニ,たに
タニウチ,たにうち
タニオカ,たにおか
タニガワ,たにがわ
タニグチ,たにぐち
タニザキ,たにざき
タニダ,たにだ
タニノ,たにの
タニムラ,たにむら
タニモト,たにもと
タニヤマ,たにやま
タヌマ,たぬま
タハタ,たはた
タバタ,たばた
タブチ,たぶち
タベ,たべ
タベイ,たべい
タマイ,たまい
タマオキ,たまおき
タマカワ,たまかわ
タマキ,たまき
タマダ,たまだ
タマル,たまる
タミヤ,たみや
タムラ,たむら
タヤマ,たやま
タワラ,たわら
タンゲ,たんげ
タンジ,たんじ
タンノ,たんの
チクリン,ちくりん
チネン,ちねん
チノ,ちの
チバ,ちば
チハラ,ちはら
チュウゲン,ちゅうげん
チュウジョウ,ちゅうじょう
チュウドウ,ちゅうどう
チョウ,ちょう
ツカコシ,つかこし
ツカダ,つかだ
ツカハラ,つかはら
ツカモト,つかもと
ツガワ,つがわ
ツクイ,つくい
ツクダ,つくだ
ツゲ,つげ
ツジ,つじ
ツジダ,つじだ
ツジノ,つじの
ツシマ,つしま
ツジムラ,つじむら
ツジモト,つじもと
ツダ,つだ
ツヂイ,つぢい
ツチダ,つちだ
ツチヤ,つちや
ツツイ,つつい
ツヅキ,つづき
ツツミ,つつみ
ツノ,つの
ツノダ,つのだ
ツノタニ,つのたに
ツバキ,つばき
ツボイ,つぼい
ツボウチ,つぼうち
ツボタ,つぼた
ツムラ,つむら
ツユキ,つゆき
ツルオカ,つるおか
ツルタ,つるた
ツルミ,つるみ
デグチ,でぐち
テシマ,てしま
テヅカ,てづか
テライ,てらい
テラオ,てらお
テラオカ,てらおか
テラカワ,てらかわ
テラサキ,てらさき
テラサワ,てらさわ
テラシマ,てらしま
テラダ,てらだ
テラニシ,てらにし
テラムラ,てらむら
テラモト,てらもと
テラヤマ,てらやま
テルイ,てるい
テルヤ,てるや
デンヤ,でんや
トイ,とい
ドイ,どい
ドウカ,どうか
トウゴウ,とうごう
トウジョウ,とうじょう
トウノ,とうの
トウホン,とうほん
トガシ,とがし
ドカタ,どかた
トガワ,とがわ
トキ,とき
トキタ,ときた
トキワ,ときわ
トクダ,とくだ
トクナガ,とくなが
トクマル,とくまる
トクヤマ,とくやま
トコロ,ところ
トシマ,としま
トダ,とだ
トツカ,とつか
トバ,とば
ドバシ,どばし
トビタ,とびた
トミオカ,とみおか
トミサワ,とみさわ
トミタ,とみた
トミナガ,とみなが
トミヤマ,とみやま
トムラ,とむら
トモ,とも
トモダ,ともだ
トヤ,とや
トヤマ,とやま
トヨオカ,とよおか
トヨダ,とよだ
トリイ,とりい
トリウミ,とりうみ
トリゴエ,とりごえ
トリヤマ,とりやま
ナイトウ,ないとう
ナイヤ,ないや
ナオイ,なおい
ナカ,なか
ナカイ,なかい
ナガイ,ながい
ナカエ,なかえ
ナガエ,ながえ
ナカオ,なかお
ナガオ,ながお
ナカオカ,なかおか
ナガオカ,ながおか
ナカガキ,なかがき
ナカガミ,なかがみ
ナカガワ,なかがわ
ナカゴミ,なかごみ
ナガサカ,ながさか
ナカザキ,なかざき
ナガサキ,ながさき
ナカザト,なかざと
ナカザワ,なかざわ
ナガサワ,ながさわ
ナカジマ,なかじま
ナガシマ,ながしま
ナカジョウ,なかじょう
ナカセ,なかせ
ナガセ,ながせ
ナカソネ,なかそね
ナカゾノ,なかぞの
ナカダ,なかだ
ナガタ,ながた
ナガタニ,ながたに
ナカツ,なかつ
ナカツカ,なかつか
ナカツジ,なかつじ
ナガトモ,ながとも
ナカニシ,なかにし
ナガヌマ,ながぬま
ナカネ,なかね
ナカノ,なかの
ナガノ,ながの
ナカハシ,なかはし
ナカハタ,なかはた
ナガハマ,ながはま
ナカバヤシ,なかばやし
ナカハラ,なかはら
ナガハラ,ながはら
ナカヒラ,なかひら
ナカマ,なかま
ナガマツ,ながまつ
ナガミネ,ながみね
ナカムラ,なかむら
ナカモト,なかもと
ナカモリ,なかもり
ナカヤ,なかや
ナガヤ,ながや
ナカヤマ,なかやま
ナガヤマ,ながやま
ナガヨシ,ながよし
ナグモ,なぐも
ナクラ,なくら
ナス,なす
ナツメ,なつめ
ナトリ,なとり
ナベシマ,なべしま
ナミキ,なみき
ナラ,なら
ナリサワ,なりさわ
ナリタ,なりた
ナルセ,なるせ
ナルミ,なるみ
ナンバ,なんば
ナンブ,なんぶ
ニイクラ,にいくら
ニイサト,にいさと
ニイヅマ,にいづま
ニイノ,にいの
ニイミ,にいみ
ニイムラ,にいむら
ニカイドウ,にかいどう
ニキ,にき
ニシ,にし
ニシイ,にしい
ニシウチ,にしうち
ニシウラ,にしうら
ニシオ,にしお
ニシオカ,にしおか
ニシオリ,にしおり
ニシガキ,にしがき
ニシカワ,にしかわ
ニシグチ,にしぐち
ニシザキ,にしざき
ニシザワ,にしざわ
ニシジマ,にしじま
ニシダ,にしだ
ニシタニ,にしたに
ニシデ,にしで
ニシナ,にしな
ニシノ,にしの
ニシハラ,にしはら
ニシムラ,にしむら
ニシモト,にしもと
ニシモリ,にしもり
ニシヤマ,にしやま
ニシワキ,にしわき
ニソン,にそん
ニノミヤ,にのみや
ニヒラ,にひら
ニワ,にわ
ヌマタ,ぬまた
ネギシ,ねぎし
ネズ,ねず
ノガミ,のがみ
ノグチ,のぐち
ノサカ,のさか
ノザキ,のざき
ノザワ,のざわ
ノジ,のじ
ノジマ,のじま
ノジリ,のじり
ノセ,のせ
ノダ,のだ
ノト,のと
ノナカ,のなか
ノノムラ,ののむら
ノハラ,のはら
ノマ,のま
ノムラ,のむら
ノモト,のもと
ノロ,のろ
ハガ,はが
ハカマダ,はかまだ
ハギノ,はぎの
ハギワラ,はぎわら
ハクチョウ,はくちょう
ハサマ,はさま
ハシグチ,はしぐち
ハシダ,はしだ
ハシヅメ,はしづめ
ハシバ,はしば
ハシモト,はしもと
ハスミ,はすみ
ハセ,はせ
ハセガワ,はせがわ
ハセベ,はせべ
ハタケ,はたけ
ハタケヤマ,はたけやま
ハタナカ,はたなか
ハタノ,はたの
ハチダイ,はちだい
ハチタニ,はちたに
ハチマン,はちまん
ハッカン,はっかん
ハッタ,はった
ハットリ,はっとり
ハトリ,はとり
ハナイ,はない
ハナオカ,はなおか
ハナダ,はなだ
ハナブサ,はなぶさ
ハナワ,はなわ
ハニュウ,はにゅう
ハネダ,はねだ
ババ,ばば
ハマ,はま
ハマグチ,はまぐち
ハマザキ,はまざき
ハマシマ,はましま
ハマダ,はまだ
ハマナカ,はまなか
ハマノ,はまの
ハマムラ,はまむら
ハマモト,はまもと
ハヤカワ,はやかわ
ハヤサカ,はやさか
ハヤシ,はやし
ハヤシダ,はやしだ
ハヤセ,はやせ
ハヤノ,はやの
ハヤミ,はやみ
ハラ,はら
ハラグチ,はらぐち
ハラシマ,はらしま
ハラダ,はらだ
ハルキ,はるき
ハルタ,はるた
ハルナ,はるな
ハルヤマ,はるやま
ハンザワ,はんざわ
ハンダ,はんだ
バンドウ,ばんどう
ヒオキ,ひおき
ヒガ,ひが
ヒガシ,ひがし
ヒガシダ,ひがしだ
ヒガシダニ,ひがしだに
ヒガシヤマ,ひがしやま
ヒキタ,ひきた
ヒキチ,ひきち
ヒグチ,ひぐち
ヒゴ,ひご
ヒコサカ,ひこさか
ヒサダ,ひさだ
ヒサマツ,ひさまつ
ヒシダ,ひしだ
ヒシヌマ,ひしぬま
ヒタ,ひた
ヒダカ,ひだか
ヒナタ,ひなた
ヒノ,ひの
ヒビ,ひび
ヒビノ,ひびの
ヒメノ,ひめの
ヒヤマ,ひやま
ヒョウドウ,ひょうどう
ヒヨシ,ひよし
ヒラ,ひら
ヒライ,ひらい
ヒライシ,ひらいし
ヒライデ,ひらいで
ヒライワ,ひらいわ
ヒラオ,ひらお
ヒラオカ,ひらおか
ヒラガ,ひらが
ヒラカワ,ひらかわ
ヒラキ,ひらき
ヒラサワ,ひらさわ
ヒラシマ,ひらしま
ヒラタ,ひらた
ヒラツカ,ひらつか
ヒラヌマ,ひらぬま
ヒラバヤシ,ひらばやし
ヒラマ,ひらま
ヒラマツ,ひらまつ
ヒラモト,ひらもと
ヒラヤマ,ひらやま
ヒルタ,ひるた
ヒルマ,ひるま
ヒロイ,ひろい
ヒロオカ,ひろおか
ヒロカワ,ひろかわ
ヒロサワ,ひろさわ
ヒロセ,ひろせ
ヒロタ,ひろた
ヒワタリ,ひわたり
フカガワ,ふかがわ
フカザワ,ふかざわ
フカセ,ふかせ
フカダ,ふかだ
フカツ,ふかつ
フカノ,ふかの
フカマチ,ふかまち
フカミ,ふかみ
フカヤ,ふかや
フカワ,ふかわ
フクイ,ふくい
フクオカ,ふくおか
フクサキ,ふくさき
フクザワ,ふくざわ
フクシ,ふくし
フクシマ,ふくしま
フクダ,ふくだ
フクチ,ふくち
フクドメ,ふくどめ
フクナガ,ふくなが
フクハラ,ふくはら
フクムラ,ふくむら
フクモト,ふくもと
フクヤマ,ふくやま
フジ,ふじ
フジイ,ふじい
フジエ,ふじえ
フジエダ,ふじえだ
フジオ,ふじお
フジオカ,ふじおか
フジカワ,ふじかわ
フジキ,ふじき
フジクラ,ふじくら
フジサキ,ふじさき
フジサワ,ふじさわ
フジシマ,ふじしま
フジシロ,ふじしろ
フジタ,ふじた
フジタニ,ふじたに
フジナガ,ふじなが
フジノ,ふじの
フジヒラ,ふじひら
フジマ,ふじま
フジマキ,ふじまき
フシミ,ふしみ
フジムラ,ふじむら
フジモリ,ふじもり
フジヤマ,ふじやま
フジワラ,ふじわら
フセ,ふせ
フタビン,ふたびん
フタミ,ふたみ
フチガミ,ふちがみ
フナキ,ふなき
フナコシ,ふなこし
フナダ,ふなだ
フナツ,ふなつ
フナハシ,ふなはし
フナバシ,ふなばし
フナヤマ,ふなやま
フルイチ,ふるいち
フルカワ,ふるかわ
フルサワ,ふるさわ
フルタ,ふるた
フルノ,ふるの
フルハシ,ふるはし
フルホン,ふるほん
フルヤ,ふるや
フルヤマ,ふるやま
ヘイゲン,へいげん
ヘイヤ,へいや
ベッショ,べっしょ
ベップ,べっぷ
ヘミ,へみ
ホウジョウ,ほうじょう
ボクヤ,ぼくや
ホサカ,ほさか
ホシ,ほし
ホシカワ,ほしかわ
ホシナ,ほしな
ホシノ,ほしの
ホソイ,ほそい
ホソカワ,ほそかわ
ホソダ,ほそだ
ホソノ,ほその
ホソヤ,ほそや
ホッタ,ほった
ホヅミ,ほづみ
ホリ,ほり
ホリイ,ほりい
ホリウチ,ほりうち
ホリエ,ほりえ
ホリオ,ほりお
ホリカワ,ほりかわ
ホリグチ,ほりぐち
ホリコシ,ほりこし
ホリノウチ,ほりのうち
ホリベ,ほりべ
ホリモト,ほりもと
ホンゴウ,ほんごう
ホンザン,ほんざん
ホンジョウ,ほんじょう
ホンダ,ほんだ
ホンマ,ほんま
マエ,まえ
マエカワ,まえかわ
マエザワ,まえざわ
マエジマ,まえじま
マエダ,まえだ
マエノ,まえの
マエハラ,まえはら
マカベ,まかべ
マキ,まき
マキタ,まきた
マサキ,まさき
マシコ,ましこ
マシタ,ました
マジマ,まじま
マスイ,ますい
マスコ,ますこ
マスダ,ますだ
マスモト,ますもと
マスヤマ,ますやま
マセ,ませ
マタヨシ,またよし
マチダ,まちだ
マツイ,まつい
マツウラ,まつうら
マツオ,まつお
マツオカ,まつおか
マツカワ,まつかわ
マツキ,まつき
マツクラ,まつくら
マツザカ,まつざか
マツザキ,まつざき
マツザワ,まつざわ
マツシタ,まつした
マツシマ,まつしま
マツダ,まつだ
マツダイラ,まつだいら
マツナガ,まつなが
マツノ,まつの
マツバ,まつば
マツハシ,まつはし
マツバヤシ,まつばやし
マツバラ,まつばら
マツフジ,まつふじ
マツマル,まつまる
マツミヤ,まつみや
マツムラ,まつむら
マツモト,まつもと
マツヤ,まつや
マツヤマ,まつやま
マトバ,まとば
マナベ,まなべ
マノ,まの
マブチ,まぶち
マミヤ,まみや
マルオ,まるお
マルオカ,まるおか
マルタ,まるた
マルヤ,まるや
マルヤマ,まるやま
ミウラ,みうら
ミエダ,みえだ
ミカミ,みかみ
ミキ,みき
ミサワ,みさわ
ミシマ,みしま
ミズオチ,みずおち
ミズグチ,みずぐち
ミズコシ,みずこし
ミズシマ,みずしま
ミズタニ,みずたに
ミズノ,みずの
ミズムラ,みずむら
ミズモト,みずもと
ミゾカミ,みぞかみ
ミゾグチ,みぞぐち
ミタ,みた
ミタニ,みたに
ミタムラ,みたむら
ミツイ,みつい
ミツハシ,みつはし
ミツモリ,みつもり
ミト,みと
ミドリガワ,みどりがわ
ミナガワ,みながわ
ミナト,みなと
ミナミ,みなみ
ミナミノ,みなみの
ミネ,みね
ミネギシ,みねぎし
ミノ,みの
ミノワ,みのわ
ミハラ,みはら
ミヤ,みや
ミヤイ,みやい
ミヤウチ,みやうち
ミヤオ,みやお
ミヤオカ,みやおか
ミヤガワ,みやがわ
ミヤキ,みやき
ミヤギ,みやぎ
ミヤグチ,みやぐち
ミヤケ,みやけ
ミヤサカ,みやさか
ミヤザキ,みやざき
ミヤザト,みやざと
ミヤザワ,みやざわ
ミヤジ,みやじ
ミヤシタ,みやした
ミヤジマ,みやじま
ミヤタ,みやた
ミヤタケ,みやたけ
ミヤナガ,みやなが
ミヤノ,みやの
ミヤハラ,みやはら
ミヤベ,みやべ
ミヤマエ,みやまえ
ミヤムラ,みやむら
ミヤモト,みやもと
ミヤワキ,みやわき
ミヨシ,みよし
ムカイ,むかい
ムコウダ,むこうだ
ムタ,むた
ムトウ,むとう
ムライ,むらい
ムラオ,むらお
ムラオカ,むらおか
ムラカミ,むらかみ
ムラカワ,むらかわ
ムラキ,むらき
ムラコシ,むらこし
ムラジュウ,むらじゅう
ムラセ,むらせ
ムラタ,むらた
ムラノ,むらの
ムラマツ,むらまつ
ムラモト,むらもと
ムラヤマ,むらやま
ムロイ,むろい
ムロタ,むろた
メグロ,めぐろ
モウリ,もうり
モギ,もぎ
モクホン,もくほん
モチダ,もちだ
モチヅキ,もちづき
モトキ,もとき
モトハシ,もとはし
モトムラ,もとむら
モモセ,ももせ
モリ,もり
モリイ,もりい
モリオカ,もりおか
モリカワ,もりかわ
モリグチ,もりぐち
モリサキ,もりさき
モリシタ,もりした
モリシマ,もりしま
モリタ,もりた
モリナイ,もりない
モリナガ,もりなが
モリノ,もりの
モリモト,もりもと
モリヤ,もりや
モリヤマ,もりやま
モリワキ,もりわき
モロオカ,もろおか
モロハシ,もろはし
モロボシ,もろぼし
モンマ,もんま
ヤエガシ,やえがし
ヤカタ,やかた
ヤギ,やぎ
ヤギヌマ,やぎぬま
ヤギュウ,やぎゅう
ヤグチ,やぐち
ヤザキ,やざき
ヤザワ,やざわ
ヤシマ,やしま
ヤジマ,やじま
ヤスイ,やすい
ヤスエ,やすえ
ヤスオカ,やすおか
ヤスカワ,やすかわ
ヤスダ,やすだ
ヤスタケ,やすたけ
ヤスナガ,やすなが
ヤスノ,やすの
ヤスハラ,やすはら
ヤスムラ,やすむら
ヤスモト,やすもと
ヤダ,やだ
ヤツ,やつ
ヤナイ,やない
ヤナカ,やなか
ヤナガワ,やながわ
ヤナギ,やなぎ
ヤナギサワ,やなぎさわ
ヤナギシタ,やなぎした
ヤナギダ,やなぎだ
ヤナギハラ,やなぎはら
ヤナギモト,やなぎもと
ヤナギヤ,やなぎや
ヤナセ,やなせ
ヤノ,やの
ヤハギ,やはぎ
ヤブキ,やぶき
ヤベ,やべ
ヤマウチ,やまうち
ヤマウラ,やまうら
ヤマオカ,やまおか
ヤマガタ,やまがた
ヤマカワ,やまかわ
ヤマキ,やまき
ヤマギシ,やまぎし
ヤマギワ,やまぎわ
ヤマグチ,やまぐち
ヤマゴエ,やまごえ
ヤマザキ,やまざき
ヤマジ,やまじ
ヤマシタ,やました
ヤマシロ,やましろ
ヤマゾエ,やまぞえ
ヤマダ,やまだ
ヤマト,やまと
ヤマナ,やまな
ヤマニシ,やまにし
ヤマネ,やまね
ヤマノウチ,やまのうち
ヤマベ,やまべ
ヤマムロ,やまむろ
ヤマモト,やまもと
ヤマモリ,やまもり
ヤマワキ,やまわき
ユアサ,ゆあさ
ユウキ,ゆうき
ユカワ,ゆかわ
ユギ,ゆぎ
ユサ,ゆさ
ユザワ,ゆざわ
ユダ,ゆだ
ユモト,ゆもと
ヨガワ,よがわ
ヨコイ,よこい
ヨコウチ,よこうち
ヨコオ,よこお
ヨコザワ,よこざわ
ヨコタ,よこた
ヨコミゾ,よこみぞ
ヨコヤマ,よこやま
ヨシイ,よしい
ヨシオカ,よしおか
ヨシカワ,よしかわ
ヨシザキ,よしざき
ヨシザワ,よしざわ
ヨシズミ,よしずみ
ヨシダ,よしだ
ヨシタケ,よしたけ
ヨシトミ,よしとみ
ヨシナガ,よしなが
ヨシナリ,よしなり
ヨシノ,よしの
ヨシマツ,よしまつ
ヨシミ,よしみ
ヨシムラ,よしむら
ヨシモト,よしもと
ヨシヤマ,よしやま
ヨシワラ,よしわら
ヨダ,よだ
ヨナミネ,よなみね
ヨネカワ,よねかわ
ヨネクラ,よねくら
ヨネザワ,よねざわ
ヨネダ,よねだ
ヨネムラ,よねむら
ヨネモト,よねもと
ヨネヤ,よねや
ヨネヤマ,よねやま
リッカ,りっか
ワカイ,わかい
ワカサ,わかさ
ワカスギ,わかすぎ
ワカツキ,わかつき
ワカバヤシ,わかばやし
ワカマツ,わかまつ
ワカヤマ,わかやま
ワキ,わき
ワキザカ,わきざか
ワキタ,わきた
ワキモト,わきもと
ワクイ,わくい
ワシオ,わしお
ワダ,わだ
ワタナベ,わたなべ
ワタヌキ,わたぬき
ワタビキ,わたびき
ワタベ,わたべ
