アアス,ああす
アアト,ああと
アイ,あい
アイイチ,あいいち
アイイチロウ,あいいちろう
アイガ,あいが
アイキチ,あいきち
アイサク,あいさく
アイシ,あいし
アイジ,あいじ
アイジロウ,あいじろう
アイスイ,あいすい
アイスケ,あいすけ
アイセイ,あいせい
アイゾウ,あいぞう
アイタツ,あいたつ
アイタロウ,あいたろう
アイチロウ,あいちろう
アイト,あいと
アイドウ,あいどう
アイナリ,あいなり
アイノスケ,あいのすけ
アイヒコ,あいひこ
アイヒサ,あいひさ
アイヒツ,あいひつ
アイム,あいむ
アイヤ,あいや
アイユキ,あいゆき
アイロウ,あいろう
アオキ,あおき
アオク,あおく
アオグ,あおぐ
アオシ,あおし
アオゾラ,あおぞら
アオト,あおと
アオヒロ,あおひろ
アオマツ,あおまつ
アオヤ,あおや
アカギ,あかぎ
アカシ,あかし
アガタ,あがた
アカツキ,あかつき
アガト,あがと
アカヒコ,あかひこ
アカヒト,あかひと
アガム,あがむ
アカル,あかる
アキイ,あきい
アキイサ,あきいさ
アキイチ,あきいち
アキウミ,あきうみ
アキオ,あきお
アキオウ,あきおう
アキオミ,あきおみ
アキオリ,あきおり
アキカズ,あきかず
アキカタ,あきかた
アキカツ,あきかつ
アキキヨ,あききよ
アキクニ,あきくに
アキサダ,あきさだ
アキサト,あきさと
アキシ,あきし
アキジ,あきじ
アキシゲ,あきしげ
アキジュ,あきじゅ
アキショウ,あきしょう
アキシロ,あきしろ
アキジロウ,あきじろう
アキスケ,あきすけ
アキスミ,あきすみ
アキズミ,あきずみ
アキゾウ,あきぞう
アキゾラ,あきぞら
アキタカ,あきたか
アキタケ,あきたけ
アキタダ,あきただ
アキタツ,あきたつ
アキチ,あきち
アキチカ,あきちか
アキツ,あきつ
アキツグ,あきつぐ
アキツナ,あきつな
アキツネ,あきつね
アキテツ,あきてつ
アキテル,あきてる
アキト,あきと
アキトキ,あきとき
アキトシ,あきとし
アキトミ,あきとみ
アキトモ,あきとも
アキトヨ,あきとよ
アキナオ,あきなお
アキナガ,あきなが
アキナリ,あきなり
アキナル,あきなる
アキノスケ,あきのすけ
アキノブ,あきのぶ
アキノリ,あきのり
アキハ,あきは
アキハル,あきはる
アキヒ,あきひ
アキヒコ,あきひこ
アキヒサ,あきひさ
アキヒデ,あきひで
アキヒト,あきひと
アキヒラ,あきひら
アキヒロ,あきひろ
アキフサ,あきふさ
アキフミ,あきふみ
アキマ,あきま
アキマサ,あきまさ
アキマロ,あきまろ
アキミ,あきみ
アキミチ,あきみち
アキミツ,あきみつ
アキミネ,あきみね
アキム,あきむ
アキムネ,あきむね
アキムラ,あきむら
アキモト,あきもと
アキモリ,あきもり
アキヤ,あきや
アキヤス,あきやす
アキユキ,あきゆき
アキヨシ,あきよし
アキヨリ,あきより
アキラ,あきら
アキロウ,あきろう
アキヲ,あきを
アクト,あくと
アクリ,あくり
アグリ,あぐり
アグル,あぐる
アケオ,あけお
アケクニ,あけくに
アケシ,あけし
アケジロウ,あけじろう
アケト,あけと
アケノブ,あけのぶ
アケヒコ,あけひこ
アケヒサ,あけひさ
アケヒデ,あけひで
アケヒロ,あけひろ
アケミツ,あけみつ
アケユキ,あけゆき
アケヨシ,あけよし
アケル,あける
アサイチ,あさいち
アサオ,あさお
アサカズ,あさかず
アサキ,あさき
アサキチ,あさきち
アサシ,あさし
アサジ,あさじ
アサタ,あさた
アサタロウ,あさたろう
アサテル,あさてる
アサト,あさと
アサトシ,あさとし
アサナオ,あさなお
アサナリ,あさなり
アサノブ,あさのぶ
アサノリ,あさのり
アサハル,あさはる
アサヒ,あさひ
アサヒコ,あさひこ
アサヒト,あさひと
アサヒロ,あさひろ
アサフミ,あさふみ
アサム,あさむ
アサヤ,あさや
アシオ,あしお
アシタ,あした
アスオ,あすお
アスキ,あすき
アズサ,あずさ
アスタ,あすた
アスト,あすと
アスナリ,あすなり
アスフミ,あすふみ
アスマ,あすま
アズマ,あずま
アセイ,あせい
アタウ,あたう
アタカ,あたか
アタル,あたる
アダン,あだん
アツアキ,あつあき
アツイチ,あついち
アツエ,あつえ
アツオ,あつお
アツオキ,あつおき
アツオミ,あつおみ
アツカ,あつか
アツキ,あつき
アツキユ,あつきゆ
アツクニ,あつくに
アツゴ,あつご
アツシ,あつし
アツジ,あつじ
アツシゲ,あつしげ
アツジロウ,あつじろう
アツタ,あつた
アツタカ,あつたか
アツタダ,あつただ
アツタミ,あつたみ
アツタロウ,あつたろう
アツツネ,あつつね
アツテル,あつてる
アツト,あつと
アツトシ,あつとし
アツトモ,あつとも
アツナオ,あつなお
アツナガ,あつなが
アツナリ,あつなり
アツノ,あつの
アツノブ,あつのぶ
アツノリ,あつのり
アツハル,あつはる
アツヒコ,あつひこ
アツヒサ,あつひさ
アツヒデ,あつひで
アツヒト,あつひと
アツヒロ,あつひろ
アツフミ,あつふみ
アツブミ,あつぶみ
アツマ,あつま
アツマサ,あつまさ
アツマロ,あつまろ
アツミ,あつみ
アヅミ,あづみ
アツミチ,あつみち
アツム,あつむ
アツムネ,あつむね
アツモリ,あつもり
アツヤ,あつや
アツヤス,あつやす
アツユキ,あつゆき
アツヨシ,あつよし
アツヨリ,あつより
アツロウ,あつろう
アド,あど
アトキ,あとき
アトム,あとむ
アトル,あとる
アニタ,あにた
アハト,あはと
アヒキロ,あひきろ
アヒコ,あひこ
アヒト,あひと
アブ,あぶ
アマト,あまと
アマネ,あまね
アマヒコ,あまひこ
アムト,あむと
アモン,あもん
アヤイチロウ,あやいちろう
アヤオ,あやお
アヤカズ,あやかず
アヤキ,あやき
アヤシ,あやし
アヤシロウ,あやしろう
アヤタ,あやた
アヤタカ,あやたか
アヤタネ,あやたね
アヤタロウ,あやたろう
アヤト,あやと
アヤナオ,あやなお
アヤノリ,あやのり
アヤヒコ,あやひこ
アヤヒサ,あやひさ
アヤヒト,あやひと
アヤヒロ,あやひろ
アヤフミ,あやふみ
アユオ,あゆお
アユシ,あゆし
アユタ,あゆた
アユチ,あゆち
アユト,あゆと
アユヒコ,あゆひこ
アユフミ,あゆふみ
アユマ,あゆま
アユミ,あゆみ
アユム,あゆむ
アユロウ,あゆろう
アラオ,あらお
アラキ,あらき
アラシ,あらし
アラタ,あらた
アラチ,あらち
アラト,あらと
アラヒト,あらひと
アラヤ,あらや
アラン,あらん
アリアキ,ありあき
アリアツ,ありあつ
アリオ,ありお
アリカツ,ありかつ
アリクニ,ありくに
アリシゲ,ありしげ
アリズミ,ありずみ
アリタカ,ありたか
アリタツ,ありたつ
アリチカ,ありちか
アリツネ,ありつね
アリト,ありと
アリトシ,ありとし
アリトモ,ありとも
アリノブ,ありのぶ
アリノリ,ありのり
アリヒコ,ありひこ
アリヒデ,ありひで
アリヒト,ありひと
アリヒロ,ありひろ
アリフミ,ありふみ
アリホ,ありほ
アリマ,ありま
アリマサ,ありまさ
アリミ,ありみ
アリミチ,ありみち
アリミツ,ありみつ
アリモチ,ありもち
アリモト,ありもと
アリヤス,ありやす
アリユキ,ありゆき
アリヨシ,ありよし
アルテ,あるて
アルト,あると
アルヒロ,あるひろ
アルマ,あるま
アワシ,あわし
アンゴ,あんご
アンジ,あんじ
アンヤ,あんや
イイチ,いいち
イイチロウ,いいちろう
イエアキ,いえあき
イエオ,いえお
イエシゲ,いえしげ
イエタダ,いえただ
イエナガ,いえなが
イエノリ,いえのり
イエヒサ,いえひさ
イエヒト,いえひと
イエヒロ,いえひろ
イエマサ,いえまさ
イエヤス,いえやす
イオジ,いおじ
イオスケ,いおすけ
イオト,いおと
イオミ,いおみ
イオリ,いおり
イオン,いおん
イキオ,いきお
イク,いく
イクエイ,いくえい
イクオ,いくお
イクガ,いくが
イクシ,いくし
イクジ,いくじ
イクシゲ,いくしげ
イクスケ,いくすけ
イクゾウ,いくぞう
イクタ,いくた
イクダイ,いくだい
イクタカ,いくたか
イクタケ,いくたけ
イクタダ,いくただ
イクタロウ,いくたろう
イクツグ,いくつぐ
イクテル,いくてる
イクト,いくと
イクトシ,いくとし
イクトモ,いくとも
イクノスケ,いくのすけ
イクノブ,いくのぶ
イクノリ,いくのり
イクハル,いくはる
イクヒコ,いくひこ
イクヒサ,いくひさ
イクヒデ,いくひで
イクヒト,いくひと
イクヒロ,いくひろ
イクフミ,いくふみ
イクヘイ,いくへい
イクホ,いくほ
イクマ,いくま
イクマサ,いくまさ
イクマロ,いくまろ
イクミ,いくみ
イクミツ,いくみつ
イクム,いくむ
イクヤ,いくや
イクヤス,いくやす
イクヨシ,いくよし
イクラ,いくら
イクリ,いくり
イクル,いくる
イクロウ,いくろう
イクヲ,いくを
イケゴロウ,いけごろう
イゴウ,いごう
イサ,いさ
イサオ,いさお
イサキ,いさき
イサク,いさく
イサシ,いさし
イサジ,いさじ
イサト,いさと
イサナ,いさな
イサナリ,いさなり
イサノブ,いさのぶ
イサヒコ,いさひこ
イサブロウ,いさぶろう
イサミ,いさみ
イサミツ,いさみつ
イサム,いさむ
イサヤ,いさや
イザヤ,いざや
イサヨシ,いさよし
イサヲ,いさを
イシゾウ,いしぞう
イシン,いしん
イスケ,いすけ
イズホ,いずほ
イズミ,いずみ
イズル,いずる
イセイ,いせい
イセオ,いせお
イセジ,いせじ
イセゾウ,いせぞう
イゼン,いぜん
イゾウ,いぞう
イソオ,いそお
イソカズ,いそかず
イソキチ,いそきち
イソジ,いそじ
イソジロウ,いそじろう
イソタ,いそた
イソヒロ,いそひろ
イソヘイ,いそへい
イソミチ,いそみち
イソヤ,いそや
イソヨ,いそよ
イソロク,いそろく
イタリ,いたり
イタル,いたる
イチ,いち
イチアキ,いちあき
イチイ,いちい
イチウ,いちう
イチエ,いちえ
イチオ,いちお
イチキ,いちき
イチギ,いちぎ
イチゴ,いちご
イチサブロウ,いちさぶろう
イチジ,いちじ
イチジュ,いちじゅ
イチスケ,いちすけ
イチゾウ,いちぞう
イチタ,いちた
イチタカ,いちたか
イチタロウ,いちたろう
イチツラ,いちつら
イチナリ,いちなり
イチノシン,いちのしん
イチハル,いちはる
イチヒコ,いちひこ
イチヒロ,いちひろ
イチマツ,いちまつ
イチヤ,いちや
イチユウ,いちゆう
イチロウ,いちろう
イチロウタ,いちろうた
イツオ,いつお
イツオミ,いつおみ
イッカン,いっかん
イッキ,いっき
イツキ,いつき
イヅキ,いづき
イッケイ,いっけい
イッコウ,いっこう
イツコウ,いつこう
イッコー,いっこー
イッコク,いっこく
イッサク,いっさく
イツサブロウ,いつさぶろう
イツシ,いつし
イツジ,いつじ
イッシュウ,いっしゅう
イッショウ,いっしょう
イツスケ,いつすけ
イッセイ,いっせい
イツセイ,いつせい
イッセキ,いっせき
イッソウ,いっそう
イツゾウ,いつぞう
イッタ,いった
イッテツ,いってつ
イツト,いつと
イットウ,いっとう
イットク,いっとく
イツナリ,いつなり
イツノブ,いつのぶ
イツヒコ,いつひこ
イツヒデ,いつひで
イヅヒト,いづひと
イツヒロ,いつひろ
イツフミ,いつふみ
イッペイ,いっぺい
イッペイタ,いっぺいた
イッポ,いっぽ
イツマ,いつま
イツム,いつむ
イツヤ,いつや
イツロウ,いつろう
イツヲ,いつを
イデヤ,いでや
イテル,いてる
イトキ,いとき
イトキチ,いときち
イトヒコ,いとひこ
イドム,いどむ
イナオ,いなお
イネオ,いねお
イノキチ,いのきち
イノスケ,いのすけ
イノル,いのる
イブキ,いぶき
イヘイ,いへい
イヘエ,いへえ
イホヤ,いほや
イマオ,いまお
イマスケ,いますけ
イマヒデ,いまひで
イリオ,いりお
イリヤ,いりや
イルカ,いるか
イワオ,いわお
イワオキ,いわおき
イワキ,いわき
イワキチ,いわきち
イワタ,いわた
イワト,いわと
イワネ,いわね
イワヒト,いわひと
イワマツ,いわまつ
イワマル,いわまる
イワロウ,いわろう
ウイ,うい
ウイチ,ういち
ウイチロウ,ういちろう
ウイト,ういと
ウイヤ,ういや
ウイリ,ういり
ウキチ,うきち
ウキョウ,うきょう
ウケイ,うけい
ウコン,うこん
ウサク,うさく
ウサジ,うさじ
ウサブロウ,うさぶろう
ウジアキ,うじあき
ウシオ,うしお
ウジタダ,うじただ
ウジトシ,うじとし
ウシノスケ,うしのすけ
ウジノリ,うじのり
ウジヒデ,うじひで
ウジフサ,うじふさ
ウシホ,うしほ
ウジマサ,うじまさ
ウジヤ,うじや
ウジヤス,うじやす
ウショウ,うしょう
ウズヒコ,うずひこ
ウタ,うた
ウタジ,うたじ
ウタジロウ,うたじろう
ウタロウ,うたろう
ウチュウ,うちゅう
ウツワ,うつわ
ウド,うど
ウネオ,うねお
ウヘイ,うへい
ウヘエ,うへえ
ウマタロウ,うまたろう
ウミ,うみ
ウミオ,うみお
ウミタ,うみた
ウミタロウ,うみたろう
ウミト,うみと
ウミハル,うみはる
ウミヒコ,うみひこ
ウミヒト,うみひと
ウメオ,うめお
ウメキチ,うめきち
ウメジ,うめじ
ウメジロウ,うめじろう
ウメソウ,うめそう
ウメゾウ,うめぞう
ウメツグ,うめつぐ
ウメフミ,うめふみ
ウメマツ,うめまつ
ウモン,うもん
ウラヒコ,うらひこ
エイ,えい
エイイチ,えいいち
エイイチロウ,えいいちろう
エイキ,えいき
エイキチ,えいきち
エイケン,えいけん
エイゴ,えいご
エイコウ,えいこう
エイゴウ,えいごう
エイゴロウ,えいごろう
エイサク,えいさく
エイザブロウ,えいざぶろう
エイシ,えいし
エイジ,えいじ
エイシチ,えいしち
エイショウ,えいしょう
エイシロウ,えいしろう
エイジロウ,えいじろう
エイスケ,えいすけ
エイセイ,えいせい
エイゾウ,えいぞう
エイタ,えいた
エイタツ,えいたつ
エイタロウ,えいたろう
エイチ,えいち
エイト,えいと
エイトク,えいとく
エイノスケ,えいのすけ
エイマ,えいま
エイヤ,えいや
エイユウ,えいゆう
エイロウ,えいろう
エキヒサ,えきひさ
エサオ,えさお
エサジ,えさじ
エツ,えつ
エツアキ,えつあき
エツオ,えつお
エツオウ,えつおう
エツサブロウ,えつさぶろう
エツシ,えつし
エツジ,えつじ
エツジロウ,えつじろう
エツゾウ,えつぞう
エツタ,えつた
エツタロウ,えつたろう
エツツグ,えつつぐ
エツト,えつと
エツトシ,えつとし
エツナリ,えつなり
エツノリ,えつのり
エツハル,えつはる
エツヒコ,えつひこ
エツヒサ,えつひさ
エツヒデ,えつひで
エツヒト,えつひと
エツヒロ,えつひろ
エツミ,えつみ
エツヤ,えつや
エツユキ,えつゆき
エツヨシ,えつよし
エツロウ,えつろう
エテツ,えてつ
エド,えど
エヤ,えや
エリオ,えりお
エリツグ,えりつぐ
エリト,えりと
エリヤ,えりや
エンジ,えんじ
エンスケ,えんすけ
エンゾウ,えんぞう
エンタ,えんた
エンタロウ,えんたろう
エンヤ,えんや
オウ,おう
オウイチ,おういち
オウイチロウ,おういちろう
オウガ,おうが
オウキ,おうき
オウキチ,おうきち
オウク,おうく
オウシ,おうし
オウジ,おうじ
オウジロウ,おうじろう
オウスケ,おうすけ
オウタロウ,おうたろう
オウト,おうと
オウヒコ,おうひこ
オウヤ,おうや
オオキ,おおき
オオシ,おおし
オオジ,おおじ
オオスケ,おおすけ
オカオ,おかお
オキオ,おきお
オキカズ,おきかず
オキスケ,おきすけ
オキタカ,おきたか
オキタツ,おきたつ
オキチカ,おきちか
オキツグ,おきつぐ
オキツナ,おきつな
オキト,おきと
オキノブ,おきのぶ
オキノリ,おきのり
オキハル,おきはる
オキフミ,おきふみ
オキマサ,おきまさ
オキミチ,おきみち
オキヨシ,おきよし
オクト,おくと
オクヒコ,おくひこ
オサオ,おさお
オサオミ,おさおみ
オサカズ,おさかず
オサタダ,おさただ
オサト,おさと
オサナリ,おさなり
オサノブ,おさのぶ
オサノリ,おさのり
オサヒコ,おさひこ
オサミ,おさみ
オサミツ,おさみつ
オサム,おさむ
オサユキ,おさゆき
オスロ,おすろ
オツロウ,おつろう
オト,おと
オトイチ,おといち
オトオ,おとお
オトカズ,おとかず
オトキ,おとき
オトキチ,おときち
オトシ,おとし
オトジ,おとじ
オトジロウ,おとじろう
オトゾウ,おとぞう
オトハル,おとはる
オトヒコ,おとひこ
オトヒロ,おとひろ
オトマル,おとまる
オトマロ,おとまろ
オトヤ,おとや
オトワ,おとわ
オノキチ,おのきち
オモイ,おもい
オモタカ,おもたか
オリエ,おりえ
オリジ,おりじ
オリト,おりと
オリベ,おりべ
オリミツ,おりみつ
オリユキ,おりゆき
カイ,かい
ガイ,がい
カイイ,かいい
カイイチ,かいいち
カイイチロウ,かいいちろう
カイエイ,かいえい
カイエン,かいえん
カイオウ,かいおう
カイキ,かいき
カイゴ,かいご
カイコウ,かいこう
カイサク,かいさく
カイシ,かいし
カイジ,かいじ
ガイシ,がいし
カイシュウ,かいしゅう
カイシュン,かいしゅん
カイショウ,かいしょう
カイジロウ,かいじろう
カイスケ,かいすけ
カイセイ,かいせい
カイタ,かいた
カイタロウ,かいたろう
カイチ,かいち
カイチロウ,かいちろう
カイト,かいと
ガイト,がいと
カイドウ,かいどう
カイノスケ,かいのすけ
カイヘイ,かいへい
ガイヘイ,がいへい
カイム,かいむ
カイヤ,かいや
カイヨウ,かいよう
カイリ,かいり
カイリュウ,かいりゅう
カイロ,かいろ
カイロウ,かいろう
カウエモン,かうえもん
カオス,かおす
カオル,かおる
カク,かく
ガク,がく
カクイチ,かくいち
カクエイ,かくえい
ガクエイ,がくえい
カクオ,かくお
ガクオ,がくお
カクキ,かくき
ガクキ,がくき
カクシ,かくし
カクジ,かくじ
ガクシ,がくし
ガクジ,がくじ
ガクシュウ,がくしゅう
カクジュン,かくじゅん
カクスケ,かくすけ
カクゾウ,かくぞう
カクタロウ,かくたろう
ガクテツ,がくてつ
カクト,かくと
ガクト,がくと
カクナリ,かくなり
カクノシン,かくのしん
カクノスケ,かくのすけ
カクノブ,かくのぶ
カクノリ,かくのり
カクハル,かくはる
カクヒコ,かくひこ
ガクヒコ,がくひこ
カクヒサ,かくひさ
カクヒト,かくひと
ガクヒト,がくひと
カクヒロ,かくひろ
ガクヘイ,がくへい
カクヤ,かくや
カグヤ,かぐや
ガクヤ,がくや
ガクヨウ,がくよう
カクロウ,かくろう
ガクロウ,がくろう
カゲアキ,かげあき
カケイ,かけい
カゲオ,かげお
カゲキ,かげき
カゲクニ,かげくに
カゲシケ,かげしけ
カゲタカ,かげたか
カゲツラ,かげつら
カゲト,かげと
カゲトシ,かげとし
カゲトモ,かげとも
カゲトラ,かげとら
カゲナガ,かげなが
カゲノブ,かげのぶ
カゲノリ,かげのり
カゲヒサ,かげひさ
カゲヒロ,かげひろ
カゲフミ,かげふみ
カゲマサ,かげまさ
カゲマル,かげまる
カゲヤス,かげやす
カゲユキ,かげゆき
カケル,かける
カザト,かざと
カシチ,かしち
カジロウ,かじろう
ガジロウ,がじろう
カシワ,かしわ
カズ,かず
カスアキ,かすあき
カズアキ,かずあき
カズアキラ,かずあきら
カズアリ,かずあり
カズイチ,かずいち
カズイチロウ,かずいちろう
カズウチ,かずうち
カズウミ,かずうみ
カズエ,かずえ
カズオ,かずお
カズオキ,かずおき
カズオミ,かずおみ
カズカタ,かずかた
カズカツ,かずかつ
カズキ,かずき
カズキチ,かずきち
カズキヨ,かずきよ
カズクニ,かずくに
カスケ,かすけ
カズサダ,かずさだ
カズサト,かずさと
カズサネ,かずさね
カズシ,かずし
カズジ,かずじ
カズシゲ,かずしげ
カズシロ,かずしろ
カズスエ,かずすえ
カズスケ,かずすけ
カズスミ,かずすみ
カズソウ,かずそう
カズタ,かずた
カスダカ,かすだか
カズタカ,かずたか
カズタケ,かずたけ
カズタタ,かずたた
カズタダ,かずただ
カズタネ,かずたね
カズタミ,かずたみ
カズチカ,かずちか
カズチヨ,かずちよ
カズツグ,かずつぐ
カズツネ,かずつね
カズテル,かずてる
カズト,かずと
カズトウ,かずとう
カズトキ,かずとき
カズトシ,かずとし
カズトミ,かずとみ
カズトモ,かずとも
カズトヨ,かずとよ
カズトラ,かずとら
カズナオ,かずなお
カズナガ,かずなが
カズナリ,かずなり
カズナル,かずなる
カズネ,かずね
カズノブ,かずのぶ
カズノリ,かずのり
カズハル,かずはる
カズヒ,かずひ
カズヒオ,かずひお
カズヒコ,かずひこ
カズヒサ,かずひさ
カズヒチ,かずひち
カズヒデ,かずひで
カスヒト,かすひと
カズヒト,かずひと
カズヒラ,かずひら
カスヒロ,かすひろ
カズヒロ,かずひろ
カズビロ,かずびろ
カズフコ,かずふこ
カズフサ,かずふさ
カズフミ,かずふみ
カズヘイ,かずへい
カズホ,かずほ
カズマ,かずま
カズマサ,かずまさ
カズマス,かずます
カズマル,かずまる
カズマロ,かずまろ
カズミ,かずみ
カズミキ,かずみき
カズミチ,かずみち
カズミツ,かずみつ
カズミネ,かずみね
カズム,かずむ
カズムネ,かずむね
カズモト,かずもと
カズモリ,かずもり
カズヤ,かずや
カズヤス,かずやす
カスユキ,かすゆき
カズユキ,かずゆき
カズヨ,かずよ
カズヨシ,かずよし
カズヨリ,かずより
カズロウ,かずろう
カズワキ,かずわき
カズンド,かずんど
カセイ,かせい
ガセイ,がせい
カゼオ,かぜお
カセツ,かせつ
カゼツグ,かぜつぐ
カゼマル,かぜまる
カセヤ,かせや
カセン,かせん
カタアキ,かたあき
カタシ,かたし
カタノリ,かたのり
カタヤ,かたや
カタヨシ,かたよし
カタル,かたる
カチトミ,かちとみ
カチトモ,かちとも
カチノリ,かちのり
カチハル,かちはる
カツ,かつ
カツアキ,かつあき
カヅアキ,かづあき
カツアリ,かつあり
カツイ,かつい
カツイチ,かついち
カツイチロウ,かついちろう
カツウミ,かつうみ
カツエイ,かつえい
カツエキ,かつえき
カツオ,かつお
カヅオ,かづお
カツオキ,かつおき
カツオミ,かつおみ
カヅオリ,かづおり
カツキ,かつき
カヅキ,かづき
カツキヨ,かつきよ
カツクニ,かつくに
カツサブロウ,かつさぶろう
カツシ,かつし
カツジ,かつじ
カヅシ,かづし
カツシゲ,かつしげ
カヅシゲ,かづしげ
カツジロウ,かつじろう
カツスケ,かつすけ
カツゾウ,かつぞう
カツタカ,かつたか
カヅタカ,かづたか
カツタケ,かつたけ
カツタダ,かつただ
カツタロウ,かつたろう
カツツグ,かつつぐ
カツテル,かつてる
カヅテル,かづてる
カツト,かつと
カヅト,かづと
カツトキ,かつとき
カツトシ,かつとし
カヅトシ,かづとし
カツトミ,かつとみ
カツトモ,かつとも
カヅトモ,かづとも
カツトヨ,かつとよ
カツナオ,かつなお
カツナガ,かつなが
カツナリ,かつなり
カヅナリ,かづなり
カツノスケ,かつのすけ
カツノブ,かつのぶ
カツノリ,かつのり
カヅノリ,かづのり
カツハル,かつはる
カツヒコ,かつひこ
カヅヒコ,かづひこ
カツヒサ,かつひさ
カヅヒサ,かづひさ
カツヒデ,かつひで
カツヒト,かつひと
カヅヒト,かづひと
カツヒラ,かつひら
カツヒロ,かつひろ
カヅヒロ,かづひろ
カツフミ,かつふみ
カツヘイ,かつへい
カツマ,かつま
カヅマ,かづま
カツマサ,かつまさ
カヅマサ,かづまさ
カツマル,かつまる
カツマロ,かつまろ
カツミ,かつみ
カヅミ,かづみ
カツミチ,かつみち
カツミツ,かつみつ
カヅミツ,かづみつ
カツムネ,かつむね
カツモト,かつもと
カヅモト,かづもと
カツモリ,かつもり
カツヤ,かつや
カヅヤ,かづや
カツヤス,かつやす
カツユキ,かつゆき
カヅユキ,かづゆき
カツヨシ,かつよし
カヅヨシ,かづよし
カツヨリ,かつより
カツラ,かつら
カツル,かつる
カツロウ,かつろう
カツワカ,かつわか
カテン,かてん
カドヒト,かどひと
カドヒロ,かどひろ
カドフミ,かどふみ
カドマ,かどま
カナウ,かなう
カナエ,かなえ
カナタ,かなた
カナツグ,かなつぐ
カナト,かなと
カナトシ,かなとし
カナハル,かなはる
カナメ,かなめ
カナヤ,かなや
カナル,かなる
カネアキ,かねあき
カネオ,かねお
カネオミ,かねおみ
カネキ,かねき
カネキチ,かねきち
カネサダ,かねさだ
カネシ,かねし
カネシゲ,かねしげ
カネスケ,かねすけ
カネタカ,かねたか
カネタダ,かねただ
カネチカ,かねちか
カネツグ,かねつぐ
カネト,かねと
カネトシ,かねとし
カネトモ,かねとも
カネナリ,かねなり
カネノブ,かねのぶ
カネノリ,かねのり
カネハル,かねはる
カネヒコ,かねひこ
カネヒサ,かねひさ
カネヒデ,かねひで
カネヒト,かねひと
カネヒラ,かねひら
カネヒロ,かねひろ
カネフサ,かねふさ
カネマサ,かねまさ
カネマル,かねまる
カネミ,かねみ
カネミチ,かねみち
カネミツ,かねみつ
カネモト,かねもと
カネモリ,かねもり
カネヤス,かねやす
カネユキ,かねゆき
カネヨシ,かねよし
カノウ,かのう
カノリ,かのり
カハナ,かはな
カハル,かはる
カブト,かぶと
カヘイ,かへい
カムイ,かむい
カメオ,かめお
カメジロウ,かめじろう
カメタロウ,かめたろう
カヤオ,かやお
カヤキ,かやき
カヤト,かやと
カヨジ,かよじ
カリタ,かりた
カリュウ,かりゅう
カルト,かると
カルド,かるど
カルホ,かるほ
カレム,かれむ
ガロ,がろ
カワジ,かわじ
カヲル,かをる
カン,かん
ガン,がん
カンイチ,かんいち
カンイチロウ,かんいちろう
カンイル,かんいる
カンキチ,かんきち
カンクロウ,かんくろう
カンゴ,かんご
カンサイ,かんさい
カンザブロウ,かんざぶろう
カンザン,かんざん
カンシ,かんし
カンジ,かんじ
ガンジ,がんじ
カンジュウロウ,かんじゅうろう
カンシュン,かんしゅん
カンジュン,かんじゅん
カンシロウ,かんしろう
カンジロウ,かんじろう
カンスケ,かんすけ
カンゾウ,かんぞう
カンタ,かんた
ガンタ,がんた
カンダイ,かんだい
カンタロウ,かんたろう
カンテツ,かんてつ
カント,かんと
カンビ,かんび
カンペイ,かんぺい
カンヤ,かんや
キイチ,きいち
ギイチ,ぎいち
キイチロウ,きいちろう
ギイチロウ,ぎいちろう
キイツ,きいつ
キオ,きお
キオイ,きおい
キオウ,きおう
キオト,きおと
キクイチロウ,きくいちろう
キクオ,きくお
キクオミ,きくおみ
キクゴロウ,きくごろう
キクジ,きくじ
キクシロウ,きくしろう
キクジロウ,きくじろう
キクゾウ,きくぞう
キクト,きくと
キクトシ,きくとし
キクノスケ,きくのすけ
キクノリ,きくのり
キクハル,きくはる
キクヒサ,きくひさ
キクヒロ,きくひろ
キクヘイ,きくへい
キクマル,きくまる
キクマロ,きくまろ
キクヤ,きくや
キクロウ,きくろう
キザエモン,きざえもん
キサク,きさく
キサジ,きさじ
キザシ,きざし
キサブロウ,きさぶろう
キシオ,きしお
キシオミ,きしおみ
キシカズ,きしかず
キシヤ,きしや
キシュウ,きしゅう
キジュウ,きじゅう
キショウ,きしょう
ギショウ,ぎしょう
キシロウ,きしろう
キシン,きしん
ギジン,ぎじん
キスオ,きすお
キスケ,きすけ
ギスケ,ぎすけ
キセイ,きせい
キセヒコ,きせひこ
キゾウ,きぞう
ギゾウ,ぎぞう
キタエ,きたえ
キタル,きたる
キタロウ,きたろう
ギタン,ぎたん
キチオ,きちお
キチゴロウ,きちごろう
キチサブロウ,きちさぶろう
キチジ,きちじ
キチスケ,きちすけ
キチゾウ,きちぞう
キチタロウ,きちたろう
キチト,きちと
キチノスケ,きちのすけ
キチマス,きちます
キチヤ,きちや
キチロウ,きちろう
キツグ,きつぐ
キッペイ,きっぺい
ギドウ,ぎどう
キヌアキ,きぬあき
キネヒコ,きねひこ
キノスケ,きのすけ
キハチ,きはち
キハチロウ,きはちろう
キヒロ,きひろ
キフミ,きふみ
キブン,きぶん
キヘイ,きへい
キヘイジ,きへいじ
キミアキ,きみあき
キミアツ,きみあつ
キミイチ,きみいち
キミオ,きみお
キミカゲ,きみかげ
キミカズ,きみかず
キミカツ,きみかつ
キミカヅ,きみかづ
キミクニ,きみくに
キミジ,きみじ
キミシゲ,きみしげ
キミタカ,きみたか
キミタケ,きみたけ
キミタダ,きみただ
キミチカ,きみちか
キミチヨ,きみちよ
キミツグ,きみつぐ
キミテル,きみてる
キミト,きみと
キミトシ,きみとし
キミトミ,きみとみ
キミトモ,きみとも
キミナ,きみな
キミナオ,きみなお
キミナガ,きみなが
キミナリ,きみなり
キミノスケ,きみのすけ
キミノブ,きみのぶ
キミノリ,きみのり
キミハル,きみはる
キミヒコ,きみひこ
キミヒサ,きみひさ
キミヒデ,きみひで
キミヒト,きみひと
キミヒロ,きみひろ
キミフサ,きみふさ
キミフミ,きみふみ
キミマサ,きみまさ
キミミチ,きみみち
キミモツ,きみもつ
キミモト,きみもと
キミモリ,きみもり
キミヤ,きみや
キミヤス,きみやす
キミユキ,きみゆき
キミヨシ,きみよし
キヤタ,きやた
キュウ,きゅう
キユウ,きゆう
キュウイチ,きゅういち
キユウイチ,きゆういち
キュウイチロウ,きゅういちろう
キュウキチ,きゅうきち
キュウゴ,きゅうご
キュウジ,きゅうじ
キュウジロウ,きゅうじろう
キュウゾウ,きゅうぞう
キュウタ,きゅうた
キュウタロウ,きゅうたろう
キュウト,きゅうと
キュウノスケ,きゅうのすけ
キュウマ,きゅうま
キュウヤ,きゅうや
キヨアキ,きよあき
キヨイチ,きよいち
キヨイチロウ,きよいちろう
キョウ,きょう
ギョウ,ぎょう
キョウイチ,きょういち
キヨウイチ,きよういち
キョウイチロウ,きょういちろう
キョウゴ,きょうご
キョウザブロウ,きょうざぶろう
キョウシ,きょうし
キョウジ,きょうじ
キョウシロウ,きょうしろう
キョウジロウ,きょうじろう
ギョウシン,ぎょうしん
キョウスケ,きょうすけ
キョウセイ,きょうせい
ギョウゼン,ぎょうぜん
キョウゾウ,きょうぞう
キョウタ,きょうた
キョウタロウ,きょうたろう
キョウノスケ,きょうのすけ
キョウヒサ,きょうひさ
キョウヘイ,きょうへい
キョウマ,きょうま
キョウマル,きょうまる
キョウヤ,きょうや
ギョウヨウ,ぎょうよう
ギョウライ,ぎょうらい
キョウレン,きょうれん
キヨオ,きよお
キヨオキ,きよおき
キヨオミ,きよおみ
キヨカズ,きよかず
キヨカツ,きよかつ
キヨカネ,きよかね
キヨキ,きよき
キヨキミ,きよきみ
キヨシ,きよし
キヨジ,きよじ
キヨシゲ,きよしげ
キヨシロウ,きよしろう
キヨスケ,きよすけ
キヨズミ,きよずみ
キヨセイ,きよせい
キヨタ,きよた
キヨタカ,きよたか
キヨタケ,きよたけ
キヨタダ,きよただ
キヨタツ,きよたつ
キヨタネ,きよたね
キヨチカ,きよちか
キヨツグ,きよつぐ
キヨツナ,きよつな
キヨテル,きよてる
キヨト,きよと
キヨトシ,きよとし
キヨトミ,きよとみ
キヨトモ,きよとも
キヨトヨ,きよとよ
キヨナオ,きよなお
キヨナカ,きよなか
キヨナリ,きよなり
キヨノブ,きよのぶ
キヨノリ,きよのり
キヨハル,きよはる
キヨヒコ,きよひこ
キヨヒサ,きよひさ
キヨヒデ,きよひで
キヨヒト,きよひと
キヨヒロ,きよひろ
キヨフミ,きよふみ
キヨマサ,きよまさ
キヨマツ,きよまつ
キヨマル,きよまる
キヨマロ,きよまろ
キヨミチ,きよみち
キヨミツ,きよみつ
キヨモト,きよもと
キヨモリ,きよもり
キヨヤス,きよやす
キヨユキ,きよゆき
キヨヨシ,きよよし
キリオ,きりお
キリツグ,きりつぐ
キリト,きりと
キリマ,きりま
キリロウ,きりろう
キロウ,きろう
キロク,きろく
キワム,きわむ
キン,きん
ギン,ぎん
キンイチ,きんいち
ギンイチ,ぎんいち
キンイチロウ,きんいちろう
ギンイチロウ,ぎんいちろう
ギンガ,ぎんが
キンゴ,きんご
キンゴロウ,きんごろう
キンザブロウ,きんざぶろう
キンシ,きんし
キンジ,きんじ
ギンジ,ぎんじ
キンシロウ,きんしろう
キンジロウ,きんじろう
ギンシロウ,ぎんしろう
ギンジロウ,ぎんじろう
キンスケ,きんすけ
キンゾウ,きんぞう
ギンゾウ,ぎんぞう
キンタ,きんた
ギンタ,ぎんた
キンタロウ,きんたろう
キント,きんと
ギントキ,ぎんとき
キンノスケ,きんのすけ
ギンペイ,ぎんぺい
キンヤ,きんや
ギンヤ,ぎんや
クウ,くう
クウゴ,くうご
クウヤ,くうや
クオン,くおん
クキオ,くきお
クサヒコ,くさひこ
クスオ,くすお
クストシ,くすとし
クスノブ,くすのぶ
クスヒト,くすひと
クスマサ,くすまさ
クニアキ,くにあき
クニイチ,くにいち
クニイチロウ,くにいちろう
クニエ,くにえ
クニエイ,くにえい
クニオ,くにお
クニオキ,くにおき
クニオミ,くにおみ
クニカズ,くにかず
クニカタ,くにかた
クニカツ,くにかつ
クニキ,くにき
クニサダ,くにさだ
クニサト,くにさと
クニジ,くにじ
クニシゲ,くにしげ
クニシロウ,くにしろう
クニジロウ,くにじろう
クニスケ,くにすけ
クニゾウ,くにぞう
クニタ,くにた
クニタカ,くにたか
クニタケ,くにたけ
クニタダ,くにただ
クニタロウ,くにたろう
クニチカ,くにちか
クニツグ,くにつぐ
クニツム,くにつむ
クニテル,くにてる
クニト,くにと
クニトシ,くにとし
クニトミ,くにとみ
クニトモ,くにとも
クニナオ,くになお
クニナリ,くになり
クニノスケ,くにのすけ
クニノブ,くにのぶ
クニノリ,くにのり
クニハル,くにはる
クニヒコ,くにひこ
クニヒサ,くにひさ
クニヒデ,くにひで
クニヒト,くにひと
クニヒロ,くにひろ
クニフサ,くにふさ
クニフミ,くにふみ
クニブミ,くにぶみ
クニヘイ,くにへい
クニマサ,くにまさ
クニマツ,くにまつ
クニミ,くにみ
クニミチ,くにみち
クニミツ,くにみつ
クニムネ,くにむね
クニモト,くにもと
クニモリ,くにもり
クニヤ,くにや
クニヤス,くにやす
クニユキ,くにゆき
クニヨシ,くによし
クニヨリ,くにより
クニロウ,くにろう
クマオ,くまお
クマタロウ,くまたろう
クミオ,くみお
クメオ,くめお
クメゾウ,くめぞう
クラウド,くらうど
クラオ,くらお
クラカズ,くらかず
クラキチ,くらきち
クラジ,くらじ
クラシゲ,くらしげ
クラジロウ,くらじろう
クラタ,くらた
クラタカ,くらたか
クラタロウ,くらたろう
クラト,くらと
クラトシ,くらとし
クラヒサ,くらひさ
クラヒト,くらひと
クラマ,くらま
クラヤ,くらや
クラユキ,くらゆき
クラヨシ,くらよし
クラロウ,くらろう
グラン,ぐらん
クラント,くらんと
クランド,くらんど
クリヒコ,くりひこ
クリヒト,くりひと
クルト,くると
クレオ,くれお
クレタ,くれた
クロウ,くろう
クロウド,くろうど
グン,ぐん
クンイチロウ,くんいちろう
クンジ,くんじ
グンジ,ぐんじ
クンタ,くんた
クンタロウ,くんたろう
クンペイ,くんぺい
ケイ,けい
ケイイチ,けいいち
ケイイチロウ,けいいちろう
ケイエ,けいえ
ケイエイ,けいえい
ケイエツ,けいえつ
ケイオ,けいお
ケイガク,けいがく
ケイキ,けいき
ケイキチ,けいきち
ケイゴ,けいご
ケイコウ,けいこう
ケイゴウ,けいごう
ケイサク,けいさく
ケイサブロウ,けいさぶろう
ケイザブロウ,けいざぶろう
ケイシ,けいし
ケイジ,けいじ
ケイシチロウ,けいしちろう
ケイジュ,けいじゅ
ケイシュウ,けいしゅう
ケイシュン,けいしゅん
ケイジュン,けいじゅん
ケイショウ,けいしょう
ケイシヨウ,けいしよう
ケイシロウ,けいしろう
ケイジロウ,けいじろう
ケイシン,けいしん
ケイジン,けいじん
ケイズイ,けいずい
ケイスク,けいすく
ケイスケ,けいすけ
ケイセイ,けいせい
ケイセツ,けいせつ
ケイゼン,けいぜん
ケイソウ,けいそう
ケイゾウ,けいぞう
ケイタ,けいた
ケイダ,けいだ
ケイダイ,けいだい
ケイタロウ,けいたろう
ケイテン,けいてん
ケイト,けいと
ケイトク,けいとく
ケイノシン,けいのしん
ケイノスケ,けいのすけ
ケイハチ,けいはち
ケイホウ,けいほう
ケイマ,けいま
ケイメイ,けいめい
ケイヤ,けいや
ケイユウ,けいゆう
ケイリ,けいり
ケイリュウ,けいりゅう
ケイレン,けいれん
ケン,けん
ゲン,げん
ケンイチ,けんいち
ゲンイチ,げんいち
ケンイチロ,けんいちろ
ケンイチロウ,けんいちろう
ゲンイチロウ,げんいちろう
ゲンエイ,げんえい
ケンエツ,けんえつ
ケンオ,けんお
ケンカ,けんか
ゲンカ,げんか
ケンキ,けんき
ゲンキ,げんき
ケンキチ,けんきち
ゲンキチ,げんきち
ケンキチロウ,けんきちろう
ケンゴ,けんご
ゲンゴ,げんご
ケンコウ,けんこう
ゲンコウ,げんこう
ケンゴロウ,けんごろう
ケンサク,けんさく
ケンサブロウ,けんさぶろう
ケンザブロウ,けんざぶろう
ケンシ,けんし
ケンジ,けんじ
ゲンシ,げんし
ゲンジ,げんじ
ケンジュ,けんじゅ
ゲンジュウロウ,げんじゅうろう
ケンシュン,けんしゅん
ケンショウ,けんしょう
ケンジョウ,けんじょう
ゲンショウ,げんしょう
ケンシロウ,けんしろう
ケンジロウ,けんじろう
ゲンシロウ,げんしろう
ゲンジロウ,げんじろう
ケンシン,けんしん
ケンジン,けんじん
ゲンシン,げんしん
ケンスケ,けんすけ
ゲンスケ,げんすけ
ケンセイ,けんせい
ゲンセイ,げんせい
ケンゾウ,けんぞう
ゲンゾウ,げんぞう
ケンタ,けんた
ゲンタ,げんた
ケンタカ,けんたか
ケンタロウ,けんたろう
ゲンタロウ,げんたろう
ケント,けんと
ケンド,けんど
ゲント,げんと
ケンドウ,けんどう
ゲンドウ,げんどう
ケントク,けんとく
ゲントク,げんとく
ケンノスケ,けんのすけ
ゲンノスケ,げんのすけ
ケンパチ,けんぱち
ゲンパチ,げんぱち
ゲンブ,げんぶ
ケンブン,けんぶん
ゲンベエ,げんべえ
ケンホウ,けんほう
ゲンポウ,げんぽう
ケンマ,けんま
ゲンマ,げんま
ケンミ,けんみ
ケンメイ,けんめい
ゲンメイ,げんめい
ケンヤ,けんや
ゲンヤ,げんや
ケンユウ,けんゆう
ゲンユウ,げんゆう
ケンユキ,けんゆき
ケンヨウ,けんよう
ケンリュウ,けんりゅう
ゲンリュウ,げんりゅう
ケンリョウ,けんりょう
ケンロウ,けんろう
ゴイチ,ごいち
コイチロウ,こいちろう
ゴイチロウ,ごいちろう
コウ,こう
ゴウ,ごう
コウイク,こういく
コゥイチ,こぅいち
コウイチ,こういち
ゴウイチ,ごういち
コウイチロウ,こういちろう
ゴウイチロウ,ごういちろう
コウイツ,こういつ
コウエ,こうえ
コウエイ,こうえい
コウエツ,こうえつ
コウガ,こうが
コウキ,こうき
ゴウキ,ごうき
コウキチ,こうきち
コウキチロウ,こうきちろう
コウケン,こうけん
ゴウケン,ごうけん
コウコウ,こうこう
ゴウサ,ごうさ
コウサイ,こうさい
コウサク,こうさく
コウサブロウ,こうさぶろう
コウザブロウ,こうざぶろう
コウシ,こうし
コウジ,こうじ
ゴウシ,ごうし
ゴウジ,ごうじ
コウシチ,こうしち
コウジュ,こうじゅ
コウシュウ,こうしゅう
コウシュン,こうしゅん
コウジュン,こうじゅん
コウショウ,こうしょう
コウシロウ,こうしろう
コウジロウ,こうじろう
ゴウジロウ,ごうじろう
コウシン,こうしん
コウジン,こうじん
コウズイ,こうずい
コウスケ,こうすけ
ゴウスケ,ごうすけ
ゴウセ,ごうせ
コウセイ,こうせい
ゴウセイ,ごうせい
コウセツ,こうせつ
コウソウ,こうそう
コウゾウ,こうぞう
ゴウゾウ,ごうぞう
コウタ,こうた
ゴウタ,ごうた
コウダイ,こうだい
ゴウダイ,ごうだい
コウタク,こうたく
コウタロウ,こうたろう
ゴウタロウ,ごうたろう
コウテン,こうてん
コウト,こうと
コウド,こうど
ゴウト,ごうと
コウドウ,こうどう
コウトク,こうとく
コウネ,こうね
コウノシン,こうのしん
コウノスケ,こうのすけ
コウハチ,こうはち
コウハチロウ,こうはちろう
コウフウ,こうふう
コウヘイ,こうへい
ゴウヘイ,ごうへい
コウボウ,こうぼう
コウマ,こうま
ゴウマ,ごうま
コウメイ,こうめい
コウヤ,こうや
ゴウヤ,ごうや
コウユウ,こうゆう
コウヨウ,こうよう
コウラク,こうらく
コウリ,こうり
コウリュウ,こうりゅう
コウリン,こうりん
コクト,こくと
ココロ,こころ
コゴロウ,こごろう
コサブロウ,こさぶろう
コジロウ,こじろう
コジン,こじん
ゴダイ,ごだい
コダマ,こだま
コタロウ,こたろう
コテツ,こてつ
コテン,こてん
ゴドウ,ごどう
コトノリ,ことのり
コトハル,ことはる
コトフミ,ことふみ
コハチロウ,こはちろう
ゴヘイ,ごへい
コヤタ,こやた
コレアキ,これあき
コレオ,これお
コレキヨ,これきよ
コレシゲ,これしげ
コレタカ,これたか
コレチカ,これちか
コレト,これと
コレノブ,これのぶ
コレノリ,これのり
コレヒサ,これひさ
コレヒト,これひと
コレヒロ,これひろ
コレフミ,これふみ
コレマサ,これまさ
コレヤス,これやす
コレユキ,これゆき
コレヨシ,これよし
ゴロウ,ごろう
ゴロウエモン,ごろうえもん
ゴロベエ,ごろべえ
コワシ,こわし
コン,こん
ゴンクロウ,ごんくろう
ゴンザブロウ,ごんざぶろう
コンジ,こんじ
ゴンシ,ごんし
ゴンタ,ごんた
ゴンタロウ,ごんたろう
ゴンベエ,ごんべえ
サイイチロウ,さいいちろう
サイガ,さいが
サイキチ,さいきち
サイシ,さいし
サイジ,さいじ
サイシュウ,さいしゅう
サイシュン,さいしゅん
サイスケ,さいすけ
サイセイ,さいせい
サイゾウ,さいぞう
サイタロウ,さいたろう
サイチ,さいち
サイチロウ,さいちろう
サイト,さいと
サイメイ,さいめい
サエキ,さえき
サエト,さえと
サカエ,さかえ
サカト,さかと
サキオ,さきお
サキチ,さきち
サキト,さきと
サキハル,さきはる
サキヒコ,さきひこ
サキヒト,さきひと
サキフミ,さきふみ
サキョウ,さきょう
サク,さく
サクエイ,さくえい
サクオ,さくお
サクジ,さくじ
サクゾウ,さくぞう
サクト,さくと
サクノシン,さくのしん
サクヒコ,さくひこ
サクヒト,さくひと
サクヘイ,さくへい
サクマ,さくま
サクマサ,さくまさ
サクミ,さくみ
サクヤ,さくや
サクユキ,さくゆき
サグル,さぐる
サコン,さこん
サスケ,さすけ
サダアキ,さだあき
サダイチ,さだいち
サダイチロウ,さだいちろう
サダエ,さだえ
サダオ,さだお
サダカ,さだか
サダカズ,さだかず
サダカツ,さだかつ
サダキ,さだき
サダキチ,さだきち
サダクニ,さだくに
サダシ,さだし
サダジ,さだじ
サダシゲ,さだしげ
サダスミ,さだすみ
サダタカ,さだたか
サダタロウ,さだたろう
サダチカ,さだちか
サダツグ,さだつぐ
サダテツ,さだてつ
サダテル,さだてる
サダト,さだと
サダトシ,さだとし
サダトモ,さだとも
サダナリ,さだなり
サダノブ,さだのぶ
サダノリ,さだのり
サダハチ,さだはち
サダハル,さだはる
サダヒコ,さだひこ
サダヒサ,さだひさ
サダヒデ,さだひで
サダヒト,さだひと
サダヒロ,さだひろ
サダフミ,さだふみ
サダマサ,さだまさ
サダマル,さだまる
サダミチ,さだみち
サダミツ,さだみつ
サダム,さだむ
サダモト,さだもと
サダヤス,さだやす
サダユキ,さだゆき
サダヨシ,さだよし
サダヨリ,さだより
サタロウ,さたろう
サダンジ,さだんじ
サチエイ,さちえい
サチオ,さちお
サチト,さちと
サチノリ,さちのり
サチハル,さちはる
サチヒコ,さちひこ
サチヒト,さちひと
サチヒロ,さちひろ
サチフミ,さちふみ
サチヤ,さちや
サチユキ,さちゆき
サチロウ,さちろう
サツオ,さつお
サツキ,さつき
サツマ,さつま
サトアキ,さとあき
サトイ,さとい
サトオ,さとお
サトキ,さとき
サトシ,さとし
サトジ,さとじ
サトツグ,さとつぐ
サトノブ,さとのぶ
サトノリ,さとのり
サトヒコ,さとひこ
サトヒサ,さとひさ
サトヒト,さとひと
サトヒロ,さとひろ
サトフミ,さとふみ
サトマサ,さとまさ
サトマロ,さとまろ
サトミチ,さとみち
サトミツ,さとみつ
サトム,さとむ
サトヤ,さとや
サトユキ,さとゆき
サトヨシ,さとよし
サトル,さとる
サナイ,さない
サネアツ,さねあつ
サネオ,さねお
サネカズ,さねかず
サネズミ,さねずみ
サネタカ,さねたか
サネタケ,さねたけ
サネト,さねと
サネトモ,さねとも
サネヒコ,さねひこ
サネフミ,さねふみ
サネマサ,さねまさ
サネミチ,さねみち
サネヤス,さねやす
サネユキ,さねゆき
サハラ,さはら
サブ,さぶ
サブロウ,さぶろう
サブロウタ,さぶろうた
サヘイタ,さへいた
サヘエ,さへえ
サミト,さみと
サム,さむ
サモン,さもん
サワト,さわと
サワノリ,さわのり
サワヒロ,さわひろ
サン,さん
サンエイ,さんえい
サンジ,さんじ
サンシロウ,さんしろう
サンタ,さんた
サンタロウ,さんたろう
サント,さんと
サンノシン,さんのしん
サンノスケ,さんのすけ
サンペイ,さんぺい
ジアン,じあん
シイト,しいと
シイマ,しいま
シイヤ,しいや
シオタ,しおた
シオト,しおと
シオヒコ,しおひこ
シオン,しおん
シガク,しがく
シキ,しき
シキオ,しきお
シゲアキ,しげあき
シゲアツ,しげあつ
シゲアリ,しげあり
シゲイチ,しげいち
シゲイチロウ,しげいちろう
シゲエイ,しげえい
シゲオ,しげお
シゲオキ,しげおき
シゲオミ,しげおみ
シゲカズ,しげかず
シゲカタ,しげかた
シゲカツ,しげかつ
シゲカヅ,しげかづ
シケキ,しけき
シゲキ,しげき
シゲクニ,しげくに
シゲサダ,しげさだ
シゲサブロウ,しげさぶろう
シゲザブロウ,しげざぶろう
シゲシ,しげし
シゲジ,しげじ
シゲジロウ,しげじろう
シゲスケ,しげすけ
シゲゾウ,しげぞう
シゲタ,しげた
シゲタカ,しげたか
シゲタケ,しげたけ
シゲタダ,しげただ
シゲタツ,しげたつ
シゲタロウ,しげたろう
シゲチカ,しげちか
シゲツグ,しげつぐ
シゲツナ,しげつな
シゲテツ,しげてつ
シゲト,しげと
シゲトシ,しげとし
シゲトミ,しげとみ
シゲトモ,しげとも
シゲトヨ,しげとよ
シゲナオ,しげなお
シゲナガ,しげなが
シゲナリ,しげなり
シゲノブ,しげのぶ
シゲノリ,しげのり
シゲハチ,しげはち
シゲハル,しげはる
シゲヒコ,しげひこ
シゲヒサ,しげひさ
シゲヒデ,しげひで
シゲヒト,しげひと
シゲヒラ,しげひら
シゲヒロ,しげひろ
シゲフミ,しげふみ
シゲホ,しげほ
シゲマサ,しげまさ
シゲマロ,しげまろ
シゲミ,しげみ
シゲミチ,しげみち
シゲミツ,しげみつ
シゲムネ,しげむね
シゲモチ,しげもち
シゲモト,しげもと
シゲモリ,しげもり
シゲヤ,しげや
シゲヤス,しげやす
シゲユキ,しげゆき
シゲヨシ,しげよし
シゲヨリ,しげより
シケル,しける
シゲル,しげる
シゲロウ,しげろう
シケン,しけん
ジゲン,じげん
シコウ,しこう
シサブロウ,しさぶろう
ジサブロウ,じさぶろう
シズアキ,しずあき
シズオ,しずお
シズキ,しずき
ジスケ,じすけ
シズタカ,しずたか
シズト,しずと
シズトシ,しずとし
シズノブ,しずのぶ
シズノリ,しずのり
シズヒコ,しずひこ
シズヒロ,しずひろ
シズフミ,しずふみ
シズマ,しずま
シズマサ,しずまさ
シズヤ,しずや
シズヤス,しずやす
シズユキ,しずゆき
シズヨシ,しずよし
シズロウ,しずろう
シセイ,しせい
ジセイ,じせい
ジタン,じたん
シチエ,しちえ
シチジロウ,しちじろう
シチタロウ,しちたろう
シチノスケ,しちのすけ
シチロウ,しちろう
シヅオ,しづお
ジツオ,じつお
シヅマサ,しづまさ
シヅヤ,しづや
ジツロウ,じつろう
シノグ,しのぐ
シノブ,しのぶ
シノリ,しのり
シバサブロウ,しばさぶろう
シヘイ,しへい
シマオ,しまお
ジム,じむ
シメイ,しめい
シメス,しめす
シモン,しもん
ジュイチ,じゅいち
シュイチロウ,しゅいちろう
ジュイチロウ,じゅいちろう
シュウ,しゅう
シユウ,しゆう
ジュウ,じゅう
ジユウ,じゆう
シュウイチ,しゅういち
ジュウイチ,じゅういち
シュウイチロウ,しゅういちろう
シュウエ,しゅうえ
シュウエイ,しゅうえい
シュウエツ,しゅうえつ
シュウカン,しゅうかん
シュウギ,しゅうぎ
ジュウキチ,じゅうきち
シュウゴ,しゅうご
ジュウゴ,じゅうご
シュウコウ,しゅうこう
ジュウコウ,じゅうこう
シュウゴロウ,しゅうごろう
シュウサク,しゅうさく
シュウサブロウ,しゅうさぶろう
シュウザブロウ,しゅうざぶろう
シュウシ,しゅうし
シュウジ,しゅうじ
シユウジ,しゆうじ
シュウシロウ,しゅうしろう
シュウジロウ,しゅうじろう
ジュウシロウ,じゅうしろう
ジュウジロウ,じゅうじろう
シュウジン,しゅうじん
シュウスケ,しゅうすけ
シュウセイ,しゅうせい
シュウセツ,しゅうせつ
シュウゾウ,しゅうぞう
ジュウゾウ,じゅうぞう
シュウタ,しゅうた
ジュウタ,じゅうた
シュウダイ,しゅうだい
ジュウダイ,じゅうだい
シュウタロウ,しゅうたろう
ジュウタロウ,じゅうたろう
シュウト,しゅうと
シュウドウ,しゅうどう
シュウトモ,しゅうとも
ジュウノシン,じゅうのしん
シュウヘイ,しゅうへい
ジュウヘイ,じゅうへい
シュウホウ,しゅうほう
シュウマ,しゅうま
シュウメイ,しゅうめい
シュウヤ,しゅうや
シュウヨウ,しゅうよう
シュウロウ,しゅうろう
ジュウロウ,じゅうろう
シュウロク,しゅうろく
シュキ,しゅき
シユキ,しゆき
ジュタロウ,じゅたろう
シュモン,しゅもん
ジュラン,じゅらん
シュン,しゅん
ジュン,じゅん
シュンイチ,しゅんいち
シユンイチ,しゆんいち
ジュンイチ,じゅんいち
シュンイチロウ,しゅんいちろう
ジュンイチロウ,じゅんいちろう
ジユンイチロウ,じゆんいちろう
シュンキ,しゅんき
ジュンキ,じゅんき
シュンキチ,しゅんきち
ジュンキチ,じゅんきち
シュンゴ,しゅんご
ジュンゴ,じゅんご
シュンサク,しゅんさく
ジュンサク,じゅんさく
シュンサブロウ,しゅんさぶろう
シュンジ,しゅんじ
ジュンジ,じゅんじ
ジュンショウ,じゅんしょう
シュンジロウ,しゅんじろう
ジュンシロウ,じゅんしろう
ジュンジロウ,じゅんじろう
ジュンシン,じゅんしん
シュンスケ,しゅんすけ
ジュンスケ,じゅんすけ
シュンセイ,しゅんせい
ジュンセイ,じゅんせい
シュンゾウ,しゅんぞう
ジュンゾウ,じゅんぞう
シュンタ,しゅんた
ジュンタ,じゅんた
シュンタロウ,しゅんたろう
ジュンタロウ,じゅんたろう
シュンチョウ,しゅんちょう
シュンドウ,しゅんどう
シュンノスケ,しゅんのすけ
ジュンノスケ,じゅんのすけ
ジュンパチ,じゅんぱち
シュンペイ,しゅんぺい
ジュンヘイ,じゅんへい
ジュンペイ,じゅんぺい
シュンマ,しゅんま
シュンヤ,しゅんや
ジュンヤ,じゅんや
ジュンロウ,じゅんろう
ジョイ,じょい
ショウ,しょう
シヨウ,しよう
ジョウ,じょう
ショウイ,しょうい
ショウイチ,しょういち
ジョウイチ,じょういち
ショウイチロウ,しょういちろう
ジョウイチロウ,じょういちろう
ショウエイ,しょうえい
ショウエツ,しょうえつ
ショウキ,しょうき
ショウキチ,しょうきち
ジョウキチ,じょうきち
ショウキチロウ,しょうきちろう
ショウクロウ,しょうくろう
ショウケン,しょうけん
ショウゴ,しょうご
ショウコウ,しょうこう
ショウゴウ,しょうごう
ショウゴロウ,しょうごろう
ショウサク,しょうさく
ジョウサク,じょうさく
ショウサブロウ,しょうさぶろう
ショウザブロウ,しょうざぶろう
ジョウザブロウ,じょうざぶろう
ショウジ,しょうじ
ジョウジ,じょうじ
ショウシチロウ,しょうしちろう
ショウシュク,しょうしゅく
ショウシロウ,しょうしろう
ショウジロウ,しょうじろう
ジョウジロウ,じょうじろう
ショウシン,しょうしん
ショウジン,しょうじん
ショウスケ,しょうすけ
ジョウスケ,じょうすけ
ショウセイ,しょうせい
ショウゾウ,しょうぞう
シヨウゾウ,しようぞう
ショウタ,しょうた
ジョウタ,じょうた
ショウダイ,しょうだい
ショウタロウ,しょうたろう
ジョウタロウ,じょうたろう
ショウテツ,しょうてつ
ショウテン,しょうてん
ショウト,しょうと
ショウトウ,しょうとう
ショウドウ,しょうどう
ショウナン,しょうなん
ショウノスケ,しょうのすけ
ショウヒ,しょうひ
ショウヘイ,しょうへい
シヨウヘイ,しようへい
ショウマ,しょうま
ショウヤ,しょうや
ジョウヤ,じょうや
ショウヨウ,しょうよう
ショウリ,しょうり
ショウロウ,しょうろう
ジョバン,じょばん
ジョン,じょん
ジヨン,じよん
ジル,じる
シルス,しるす
シレイ,しれい
シロウ,しろう
ジロウ,じろう
シロカズ,しろかず
シロユキ,しろゆき
シン,しん
ジン,じん
シンイ,しんい
シンイチ,しんいち
ジンイチ,じんいち
シンイチロ,しんいちろ
シンイチロウ,しんいちろう
ジンイチロウ,じんいちろう
シンエツ,しんえつ
シンガ,しんが
シンキチ,しんきち
シンキチロウ,しんきちろう
シンゴ,しんご
ジンゴ,じんご
シンゴロウ,しんごろう
シンサク,しんさく
ジンサク,じんさく
シンザブロウ,しんざぶろう
シンシ,しんし
シンジ,しんじ
シンジロウ,しんじろう
シンスケ,しんすけ
ジンスケ,じんすけ
シンゾウ,しんぞう
ジンソウ,じんそう
シンタ,しんた
ジンタ,じんた
シンタロウ,しんたろう
ジンタロウ,じんたろう
シント,しんと
シンノスク,しんのすく
シンノスケ,しんのすけ
ジンノスケ,じんのすけ
シンハチ,しんはち
ジンパチ,じんぱち
シンペイ,しんぺい
シンヤ,しんや
ジンヤ,じんや
シンラ,しんら
スイ,すい
スイト,すいと
スイヘイ,すいへい
スエアキ,すえあき
スエオ,すえお
スエキ,すえき
スエキチ,すえきち
スエサブロウ,すえさぶろう
スエザブロウ,すえざぶろう
スエジ,すえじ
スエゾウ,すえぞう
スエタカ,すえたか
スエトシ,すえとし
スエノブ,すえのぶ
スエノリ,すえのり
スエハル,すえはる
スエヒコ,すえひこ
スエヒサ,すえひさ
スエヒロ,すえひろ
スエマサ,すえまさ
スエミチ,すえみち
スエミツ,すえみつ
スエユキ,すえゆき
スエヨシ,すえよし
スガノリ,すがのり
スガフミ,すがふみ
スギオ,すぎお
スギタカ,すぎたか
スギト,すぎと
スギヒト,すぎひと
スギヤ,すぎや
スグタケ,すぐたけ
スグム,すぐむ
スグヤ,すぐや
スグル,すぐる
スケオ,すけお
スケカツ,すけかつ
スケジ,すけじ
スケタカ,すけたか
スケトシ,すけとし
スケトモ,すけとも
スケナオ,すけなお
スケノリ,すけのり
スケヒサ,すけひさ
スケヒデ,すけひで
スケヒロ,すけひろ
スケミツ,すけみつ
スケモリ,すけもり
スケユキ,すけゆき
スズオ,すずお
スズノスケ,すずのすけ
スズヒコ,すずひこ
ススフミ,すすふみ
スズマル,すずまる
ススム,すすむ
スナオ,すなお
スノウ,すのう
スバル,すばる
スミアキ,すみあき
スミオ,すみお
スミカズ,すみかず
スミジ,すみじ
スミタカ,すみたか
スミタダ,すみただ
スミト,すみと
スミトシ,すみとし
スミトモ,すみとも
スミナリ,すみなり
スミノブ,すみのぶ
スミノリ,すみのり
スミハル,すみはる
スミヒサ,すみひさ
スミヒト,すみひと
スミヒロ,すみひろ
スミマサ,すみまさ
スミヤ,すみや
スミヤス,すみやす
スミユキ,すみゆき
スミヨシ,すみよし
セイ,せい
セイイチ,せいいち
セイイチロウ,せいいちろう
セイエイ,せいえい
セイガ,せいが
セイキ,せいき
セイギ,せいぎ
セイキチ,せいきち
セイクロウ,せいくろう
セイケン,せいけん
セイゲン,せいげん
セイゴ,せいご
セイコウ,せいこう
セイゴウ,せいごう
セイサク,せいさく
セイザブロウ,せいざぶろう
セイシ,せいし
セイジ,せいじ
セイシチ,せいしち
セイシュウ,せいしゅう
セイジュウロウ,せいじゅうろう
セイジュン,せいじゅん
セイショウ,せいしょう
セイシロウ,せいしろう
セイジロウ,せいじろう
セイシン,せいしん
セイスケ,せいすけ
セイゾウ,せいぞう
セイタ,せいた
セイダイ,せいだい
セイタロウ,せいたろう
セイテツ,せいてつ
セイト,せいと
セイドウ,せいどう
セイノシン,せいのしん
セイノスケ,せいのすけ
セイヘイ,せいへい
セイマ,せいま
セイメイ,せいめい
セイヤ,せいや
セイユウ,せいゆう
セイリュウ,せいりゅう
セイロウ,せいろう
セカイ,せかい
セキト,せきと
セツオ,せつお
セツミ,せつみ
セツヤ,せつや
ゼロ,ぜろ
セン,せん
ゼン,ぜん
センイチ,せんいち
ゼンイチ,ぜんいち
センイチロウ,せんいちろう
ゼンイチロウ,ぜんいちろう
センエイ,せんえい
ゼンガ,ぜんが
センキ,せんき
ゼンキ,ぜんき
センキチ,せんきち
ゼンキチ,ぜんきち
ゼンゴ,ぜんご
ゼンコウ,ぜんこう
ゼンゴロウ,ぜんごろう
ゼンサク,ぜんさく
ゼンザブロウ,ぜんざぶろう
センジ,せんじ
ゼンジ,ぜんじ
ゼンシチロウ,ぜんしちろう
センシュウ,せんしゅう
センジロウ,せんじろう
ゼンシロウ,ぜんしろう
ゼンジロウ,ぜんじろう
センシン,せんしん
センジン,せんじん
センスケ,せんすけ
ゼンスケ,ぜんすけ
ゼンセイ,ぜんせい
センゾウ,せんぞう
ゼンゾウ,ぜんぞう
センタ,せんた
ゼンタ,ぜんた
センタロウ,せんたろう
ゼンタロウ,ぜんたろう
セント,せんと
センノスケ,せんのすけ
ゼンノスケ,ぜんのすけ
センヒコ,せんひこ
ゼンペイ,ぜんぺい
ゼンメイ,ぜんめい
センヤ,せんや
ゼンヤ,ぜんや
ゼンユウ,ぜんゆう
センリ,せんり
ソウ,そう
ゾウ,ぞう
ソウイチ,そういち
ソウイチロウ,そういちろう
ソウエツ,そうえつ
ソウカン,そうかん
ソウキ,そうき
ソウキチ,そうきち
ソウキチロウ,そうきちろう
ソウゲン,そうげん
ソウゴ,そうご
ソウゴロウ,そうごろう
ソウサク,そうさく
ソウザブロウ,そうざぶろう
ソウシ,そうし
ソウジ,そうじ
ソウジュ,そうじゅ
ソウシュン,そうしゅん
ソウジュン,そうじゅん
ソウシロウ,そうしろう
ソウジロウ,そうじろう
ソウスケ,そうすけ
ソウセキ,そうせき
ソウゾウ,そうぞう
ソウタ,そうた
ソウダイ,そうだい
ソウタロウ,そうたろう
ソウト,そうと
ソウノスケ,そうのすけ
ソウハチ,そうはち
ソウハチロウ,そうはちろう
ソウヘイ,そうへい
ソウマ,そうま
ソウヤ,そうや
ソノアキ,そのあき
ソノフミ,そのふみ
ソノマサ,そのまさ
ソノヤ,そのや
ソラ,そら
ソラタ,そらた
ソラチ,そらち
ソラト,そらと
タイ,たい
ダイ,だい
タイイチ,たいいち
タイイチロウ,たいいちろう
ダイイチロウ,だいいちろう
タイガ,たいが
タイカイ,たいかい
ダイガク,だいがく
タイキ,たいき
タイギ,たいぎ
ダイキ,だいき
ダイキチ,だいきち
タイコ,たいこ
タイゴ,たいご
ダイゴ,だいご
タイコウ,たいこう
ダイコウ,だいこう
ダイゴウ,だいごう
ダイゴロウ,だいごろう
タイサク,たいさく
ダイサク,だいさく
タイサブロウ,たいさぶろう
ダイサブロウ,だいさぶろう
ダイザブロウ,だいざぶろう
タイザン,たいざん
タイシ,たいし
タイジ,たいじ
ダイシ,だいし
ダイジ,だいじ
タイジュ,たいじゅ
タイジユ,たいじゆ
ダイジュ,だいじゅ
タイシュウ,たいしゅう
ダイシュウ,だいしゅう
タイショウ,たいしょう
タイジョウ,たいじょう
タイシロウ,たいしろう
タイジロウ,たいじろう
ダイシロウ,だいしろう
ダイジロウ,だいじろう
タイシン,たいしん
ダイシン,だいしん
タイスケ,たいすけ
ダイスケ,だいすけ
ダイズケ,だいずけ
タイセイ,たいせい
ダイセイ,だいせい
ダイセツ,だいせつ
タイゾウ,たいぞう
ダイゾウ,だいぞう
タイソン,たいそん
ダイタロウ,だいたろう
タイチ,たいち
ダイチ,だいち
タイチロウ,たいちろう
ダイチロウ,だいちろう
タイト,たいと
ダイト,だいと
タイドウ,たいどう
ダイハチ,だいはち
ダイハチロウ,だいはちろう
ダイヒ,だいひ
タイヘイ,たいへい
ダイホ,だいほ
タイム,たいむ
ダイモン,だいもん
ダイヤ,だいや
ダイユウ,だいゆう
タイヨウ,たいよう
タイラ,たいら
タイリク,たいりく
タイリュウ,たいりゅう
ダイロウ,だいろう
ダイロク,だいろく
タイワ,たいわ
ダイワ,だいわ
タウン,たうん
タカ,たか
タカアキ,たかあき
タカイエ,たかいえ
タカイチ,たかいち
タカイチロウ,たかいちろう
タカウジ,たかうじ
タカエ,たかえ
タカオ,たかお
タカオキ,たかおき
タカオミ,たかおみ
タカカズ,たかかず
タカカツ,たかかつ
タカキ,たかき
タカキヨ,たかきよ
タカクニ,たかくに
タカサダ,たかさだ
タカサト,たかさと
タカシ,たかし
タカジ,たかじ
タカシゲ,たかしげ
タカジロウ,たかじろう
タカスケ,たかすけ
タカスミ,たかすみ
タカズミ,たかずみ
タカセ,たかせ
タカタロウ,たかたろう
タカチカ,たかちか
タカツギ,たかつぎ
タカツグ,たかつぐ
タカツナ,たかつな
タカツネ,たかつね
タカテル,たかてる
タカト,たかと
タカトウ,たかとう
タカトク,たかとく
タカトシ,たかとし
タカトミ,たかとみ
タカトモ,たかとも
タカトヨ,たかとよ
タカトラ,たかとら
タカナオ,たかなお
タカナガ,たかなが
タカナリ,たかなり
タカノシン,たかのしん
タカノスケ,たかのすけ
タカノブ,たかのぶ
タカノリ,たかのり
タカハチロウ,たかはちろう
タカハル,たかはる
タカヒコ,たかひこ
タガヒコ,たがひこ
タカヒサ,たかひさ
タカヒデ,たかひで
タカヒト,たかひと
タカヒラ,たかひら
タカヒロ,たかひろ
タカフサ,たかふさ
タカフミ,たかふみ
タカブミ,たかぶみ
タカホ,たかほ
タカマサ,たかまさ
タカマル,たかまる
タカマロ,たかまろ
タカミチ,たかみち
タカミツ,たかみつ
タカミネ,たかみね
タカム,たかむ
タカムツ,たかむつ
タカムネ,たかむね
タカモト,たかもと
タカモリ,たかもり
タカヤ,たかや
タカヤス,たかやす
タカユキ,たかゆき
タカヨシ,たかよし
タカヨリ,たかより
タカラ,たから
タカヲ,たかを
タキオ,たきお
タキチ,たきち
タキト,たきと
タキヒコ,たきひこ
タキヒサ,たきひさ
タキヒト,たきひと
タキヒロ,たきひろ
タキロウ,たきろう
タク,たく
タクアキ,たくあき
タクイチ,たくいち
タクイチロウ,たくいちろう
タクエイ,たくえい
タクオ,たくお
タクオウ,たくおう
タクオミ,たくおみ
タクカズ,たくかず
タクキ,たくき
タクゴ,たくご
タクシ,たくし
タクジ,たくじ
タクシロウ,たくしろう
タクジロウ,たくじろう
タクゾウ,たくぞう
タクタロウ,たくたろう
タクト,たくと
タクトシ,たくとし
タクナリ,たくなり
タクノスケ,たくのすけ
タクノブ,たくのぶ
タクノリ,たくのり
タクヒコ,たくひこ
タクヒサ,たくひさ
タクヒデ,たくひで
タクヒト,たくひと
タクヒロ,たくひろ
タクフミ,たくふみ
タクブミ,たくぶみ
タクヘイ,たくへい
タクホ,たくほ
タクマ,たくま
タクマサ,たくまさ
タクマル,たくまる
タクミ,たくみ
タクミツ,たくみつ
タクム,たくむ
タクヤ,たくや
タクユキ,たくゆき
タクヨ,たくよ
タクヨウ,たくよう
タクヨシ,たくよし
タクラ,たくら
タクル,たくる
タクロ,たくろ
タクロウ,たくろう
タクロヲ,たくろを
タクワ,たくわ
タケアキ,たけあき
タケアツ,たけあつ
タケイシ,たけいし
タケイチロウ,たけいちろう
タケオ,たけお
タケオミ,たけおみ
タケカズ,たけかず
タケカツ,たけかつ
タケキ,たけき
タケキヨ,たけきよ
タケクニ,たけくに
タケサダ,たけさだ
タケサト,たけさと
タケシ,たけし
タケジ,たけじ
タケシゲ,たけしげ
タケジュウロウ,たけじゅうろう
タケシロウ,たけしろう
タケジロウ,たけじろう
タケゾウ,たけぞう
タケツグ,たけつぐ
タケツナ,たけつな
タケツネ,たけつね
タケテル,たけてる
タケト,たけと
タケトキ,たけとき
タケトシ,たけとし
タケトモ,たけとも
タケトヨ,たけとよ
タケトラ,たけとら
タケナオ,たけなお
タケナリ,たけなり
タケノ,たけの
タケノスケ,たけのすけ
タケノブ,たけのぶ
タケノリ,たけのり
タケハル,たけはる
タケヒコ,たけひこ
タケヒサ,たけひさ
タケヒデ,たけひで
タケヒト,たけひと
タケヒラ,たけひら
タケヒロ,たけひろ
タケフサ,たけふさ
タケフミ,たけふみ
タケブミ,たけぶみ
タケホ,たけほ
タケマ,たけま
タケマサ,たけまさ
タケマル,たけまる
タケミ,たけみ
タケミキ,たけみき
タケミチ,たけみち
タケミツ,たけみつ
タケミネ,たけみね
タケムネ,たけむね
タケモト,たけもと
タケモリ,たけもり
タケヤ,たけや
タケヤス,たけやす
タケユキ,たけゆき
タケヨ,たけよ
タケヨシ,たけよし
タケル,たける
タケロウ,たけろう
タケヲ,たけを
タサブロウ,たさぶろう
タシロウ,たしろう
タジロウ,たじろう
タスク,たすく
タスケ,たすけ
タダアキ,ただあき
タダアツ,ただあつ
タダイチ,ただいち
タダイチロウ,ただいちろう
タダオ,ただお
タダオキ,ただおき
タダオミ,ただおみ
タダカズ,ただかず
タダカツ,ただかつ
タダキ,ただき
タダキヨ,ただきよ
タダクニ,ただくに
タダザネ,ただざね
タダサブロウ,たださぶろう
タダシ,ただし
タダシゲ,ただしげ
タダジロウ,ただじろう
タダス,ただす
タダスケ,ただすけ
タダスミ,ただすみ
タダタカ,ただたか
タダタケ,ただたけ
タダタロウ,ただたろう
タダチカ,ただちか
タダツグ,ただつぐ
タダツネ,ただつね
タダツラ,ただつら
タダテル,ただてる
タダト,ただと
タダトシ,ただとし
タダトミ,ただとみ
タダトモ,ただとも
タダトヨ,ただとよ
タダナオ,ただなお
タダナガ,ただなが
タダナリ,ただなり
タダノブ,ただのぶ
タダノリ,ただのり
タダハル,ただはる
タダヒコ,ただひこ
タダヒサ,ただひさ
タダヒデ,ただひで
タダヒト,ただひと
タダヒラ,ただひら
タタヒロ,たたひろ
タダヒロ,ただひろ
タダフサ,ただふさ
タダフミ,ただふみ
タダマサ,ただまさ
タダマロ,ただまろ
タダミ,ただみ
タダミチ,ただみち
タダミツ,ただみつ
タダミネ,ただみね
タダムネ,ただむね
タダモト,ただもと
タダモリ,ただもり
タダヤス,ただやす
タダユキ,ただゆき
ダダユキ,だだゆき
タダヨ,ただよ
タダヨシ,ただよし
タダヨリ,ただより
タチアキ,たちあき
タチオ,たちお
タツ,たつ
タツアキ,たつあき
タツイチロウ,たついちろう
タツエイ,たつえい
タツオ,たつお
タツオキ,たつおき
タツオミ,たつおみ
タツカズ,たつかず
タツキ,たつき
タツクニ,たつくに
タツゴ,たつご
タツサダ,たつさだ
タツシ,たつし
タツジ,たつじ
タツシゲ,たつしげ
タツシロウ,たつしろう
タツジロウ,たつじろう
タツスケ,たつすけ
タツゾウ,たつぞう
タツダイ,たつだい
タツタロウ,たつたろう
タツト,たつと
タツトキ,たつとき
タツトシ,たつとし
タツトミ,たつとみ
タツトモ,たつとも
タツナリ,たつなり
タツナル,たつなる
タツノシン,たつのしん
タツノスケ,たつのすけ
タツノブ,たつのぶ
タツノリ,たつのり
タツハル,たつはる
タツヒコ,たつひこ
タツヒサ,たつひさ
タツヒデ,たつひで
タツヒト,たつひと
タツヒロ,たつひろ
タツフミ,たつふみ
タッペイ,たっぺい
タツホ,たつほ
タツマ,たつま
タツマサ,たつまさ
タツマル,たつまる
タツマロ,たつまろ
タツミ,たつみ
タツミチ,たつみち
タツミネ,たつみね
タツム,たつむ
タツムネ,たつむね
タツヤ,たつや
タツユキ,たつゆき
タツヨ,たつよ
タツヨシ,たつよし
タツヨリ,たつより
タツル,たつる
タツロウ,たつろう
タツヲ,たつを
タツンド,たつんど
タテ,たて
タテアキ,たてあき
タテオ,たてお
タテキ,たてき
タテシ,たてし
タテナリ,たてなり
タテノリ,たてのり
タテヒコ,たてひこ
タテヒト,たてひと
タテヒロ,たてひろ
タテフミ,たてふみ
タテユキ,たてゆき
タテヨシ,たてよし
タテル,たてる
タネアキ,たねあき
タネタカ,たねたか
タネチカ,たねちか
タネトシ,たねとし
タネノブ,たねのぶ
タネヒロ,たねひろ
タネヤス,たねやす
タノシ,たのし
タビ,たび
タビジ,たびじ
タヒチ,たひち
タビト,たびと
タブロウ,たぶろう
タヘイ,たへい
タマアキ,たまあき
タマオ,たまお
タマキ,たまき
タマキチ,たまきち
タマヒサ,たまひさ
タマフミ,たまふみ
タミオ,たみお
タミカズ,たみかず
タミキ,たみき
タミジ,たみじ
タミト,たみと
タミトシ,たみとし
タミナリ,たみなり
タミノリ,たみのり
タミハル,たみはる
タミヒト,たみひと
タミヤ,たみや
タミヤス,たみやす
タミユキ,たみゆき
タミヨシ,たみよし
タミロウ,たみろう
タミヲ,たみを
タメオ,ためお
タメカズ,ためかず
タメキ,ためき
タメツグ,ためつぐ
タメト,ためと
タメトシ,ためとし
タメトミ,ためとみ
タメノリ,ためのり
タメハル,ためはる
タメヒコ,ためひこ
タメヒサ,ためひさ
タメヒト,ためひと
タメモト,ためもと
タメヨシ,ためよし
タモツ,たもつ
タモン,たもん
タユラ,たゆら
タユロウ,たゆろう
タルホ,たるほ
タロウ,たろう
タン,たん
ダン,だん
ダンジ,だんじ
ダンペイ,だんぺい
ダンヤ,だんや
ダンロウ,だんろう
チアキ,ちあき
チアリ,ちあり
チオン,ちおん
チカアキ,ちかあき
チカイ,ちかい
チカオ,ちかお
チカカズ,ちかかず
チカシ,ちかし
チカシゲ,ちかしげ
チカゼ,ちかぜ
チカゾウ,ちかぞう
チカト,ちかと
チカトシ,ちかとし
チカトモ,ちかとも
チカナリ,ちかなり
チカノブ,ちかのぶ
チカノリ,ちかのり
チカハル,ちかはる
チカヒコ,ちかひこ
チカヒサ,ちかひさ
チカヒデ,ちかひで
チカヒト,ちかひと
チカヒロ,ちかひろ
チカフサ,ちかふさ
チカフミ,ちかふみ
チカマサ,ちかまさ
チカミツ,ちかみつ
チカヤ,ちかや
チカヤス,ちかやす
チカユキ,ちかゆき
チカヨシ,ちかよし
チカラ,ちから
チキュウ,ちきゅう
チサト,ちさと
チズオ,ちずお
チセオ,ちせお
チタル,ちたる
チヅオ,ちづお
チヅカ,ちづか
チハヤ,ちはや
チヒロ,ちひろ
チヘイ,ちへい
チボウ,ちぼう
チャタロウ,ちゃたろう
チユウ,ちゆう
チュウイチ,ちゅういち
チュウイチロウ,ちゅういちろう
チュウゴロウ,ちゅうごろう
チュウザブロウ,ちゅうざぶろう
チュウジ,ちゅうじ
チュウシチ,ちゅうしち
チュウジロウ,ちゅうじろう
チュウゾウ,ちゅうぞう
チュウタ,ちゅうた
チュウタロウ,ちゅうたろう
チュウヒ,ちゅうひ
チュウヘイ,ちゅうへい
チュウヤ,ちゅうや
チョウ,ちょう
チョウイチ,ちょういち
チョウイチロウ,ちょういちろう
チヨウイチロウ,ちよういちろう
チョウサク,ちょうさく
チョウジ,ちょうじ
チョウシロウ,ちょうしろう
チョウジロウ,ちょうじろう
チョウスケ,ちょうすけ
チョウゾウ,ちょうぞう
チョウタ,ちょうた
チョウタロウ,ちょうたろう
チョウヘイ,ちょうへい
チヨカズ,ちよかず
チヨキチ,ちよきち
チンペイ,ちんぺい
ツカサ,つかさ
ツギアキ,つぎあき
ツキオ,つきお
ツギオ,つぎお
ツギト,つぎと
ツギノブ,つぎのぶ
ツギノリ,つぎのり
ツキヒコ,つきひこ
ツギヒコ,つぎひこ
ツギヒサ,つぎひさ
ツギヒロ,つぎひろ
ツギマサ,つぎまさ
ツギモト,つぎもと
ツグアキ,つぐあき
ツグオ,つぐお
ツグオミ,つぐおみ
ツグカズ,つぐかず
ツグシ,つぐし
ツグジ,つぐじ
ツグタカ,つぐたか
ツグタケ,つぐたけ
ツグテル,つぐてる
ツグト,つぐと
ツグトシ,つぐとし
ツグトモ,つぐとも
ツグナガ,つぐなが
ツグナリ,つぐなり
ツグノスケ,つぐのすけ
ツグノブ,つぐのぶ
ツグノリ,つぐのり
ツグハル,つぐはる
ツグヒコ,つぐひこ
ツグヒサ,つぐひさ
ツグヒデ,つぐひで
ツグヒト,つぐひと
ツグヒロ,つぐひろ
ツグフミ,つぐふみ
ツグホ,つぐほ
ツグマサ,つぐまさ
ツグミチ,つぐみち
ツグム,つぐむ
ツグヤ,つぐや
ツグヤス,つぐやす
ツグユキ,つぐゆき
ツグヨシ,つぐよし
ツグヨリ,つぐより
ツクル,つくる
ツグル,つぐる
ツタウ,つたう
ツタエ,つたえ
ツタオ,つたお
ツタノブ,つたのぶ
ツツミ,つつみ
ツヅミ,つづみ
ツツム,つつむ
ツトム,つとむ
ツナオ,つなお
ツナキ,つなき
ツナクニ,つなくに
ツナシ,つなし
ツナシゲ,つなしげ
ツナタカ,つなたか
ツナト,つなと
ツナノブ,つなのぶ
ツナノリ,つなのり
ツナハル,つなはる
ツナヒサ,つなひさ
ツナヒト,つなひと
ツナヒロ,つなひろ
ツナマサ,つなまさ
ツナユキ,つなゆき
ツナヨシ,つなよし
ツネ,つね
ツネアキ,つねあき
ツネアリ,つねあり
ツネイチロウ,つねいちろう
ツネオ,つねお
ツネオミ,つねおみ
ツネオリ,つねおり
ツネカズ,つねかず
ツネカツ,つねかつ
ツネキ,つねき
ツネキチ,つねきち
ツネキヨ,つねきよ
ツネゴロウ,つねごろう
ツネサブロウ,つねさぶろう
ツネシ,つねし
ツネジ,つねじ
ツネシゲ,つねしげ
ツネスケ,つねすけ
ツネゾウ,つねぞう
ツネタカ,つねたか
ツネタダ,つねただ
ツネタロウ,つねたろう
ツネト,つねと
ツネトシ,つねとし
ツネトミ,つねとみ
ツネトモ,つねとも
ツネトヨ,つねとよ
ツネナオ,つねなお
ツネナガ,つねなが
ツネナリ,つねなり
ツネノブ,つねのぶ
ツネノリ,つねのり
ツネハル,つねはる
ツネヒコ,つねひこ
ツネヒサ,つねひさ
ツネヒデ,つねひで
ツネヒト,つねひと
ツネヒラ,つねひら
ツネヒロ,つねひろ
ツネフミ,つねふみ
ツネマサ,つねまさ
ツネミ,つねみ
ツネミチ,つねみち
ツネミツ,つねみつ
ツネモト,つねもと
ツネヤ,つねや
ツネヤス,つねやす
ツネユキ,つねゆき
ツネヨ,つねよ
ツネヨシ,つねよし
ツネヨリ,つねより
ツバサ,つばさ
ツモル,つもる
ツユキ,つゆき
ツユト,つゆと
ツヨキ,つよき
ツヨシ,つよし
ツヨヒデ,つよひで
ツヨヒト,つよひと
ツラノリ,つらのり
ツラユキ,つらゆき
ツルアキ,つるあき
ツルオ,つるお
ツルキ,つるき
ツルギ,つるぎ
ツルキチ,つるきち
ツルト,つると
ツルヨシ,つるよし
テイイチ,ていいち
テイイチロウ,ていいちろう
テイザブロウ,ていざぶろう
テイジ,ていじ
テイジュ,ていじゅ
テイジロウ,ていじろう
テイスケ,ていすけ
テイゾウ,ていぞう
テイタ,ていた
テツ,てつ
テツアキ,てつあき
テツイチ,てついち
テツイチロウ,てついちろう
テツエイ,てつえい
テツオ,てつお
テツオキ,てつおき
テツオミ,てつおみ
テツガク,てつがく
テツキ,てつき
テツクニ,てつくに
テツゴロウ,てつごろう
テツサブロウ,てつさぶろう
テツシ,てつし
テツジ,てつじ
テッショウ,てっしょう
テツシロウ,てつしろう
テツジロウ,てつじろう
テツスケ,てつすけ
テッセイ,てっせい
テツゾウ,てつぞう
テッタ,てった
テツタロウ,てつたろう
テツチカ,てつちか
テツト,てつと
テツトシ,てつとし
テツトモ,てつとも
テツナオ,てつなお
テツナガ,てつなが
テツナリ,てつなり
テツノシン,てつのしん
テツノスケ,てつのすけ
テツノブ,てつのぶ
テツノリ,てつのり
テツハル,てつはる
テツヒコ,てつひこ
テツヒサ,てつひさ
テツヒデ,てつひで
テツヒト,てつひと
テツヒロ,てつひろ
テツヒン,てつひん
テツフミ,てつふみ
テツヘイ,てつへい
テッペイ,てっぺい
テツマ,てつま
テツマサ,てつまさ
テツミ,てつみ
テツミチ,てつみち
テツムネ,てつむね
テツモリ,てつもり
テツヤ,てつや
デツヤ,でつや
テツヤス,てつやす
テツユキ,てつゆき
テツヨ,てつよ
テツヨシ,てつよし
テツリ,てつり
テツロウ,てつろう
テル,てる
テルアキ,てるあき
テルアサ,てるあさ
テルイ,てるい
テルイチ,てるいち
テルウミ,てるうみ
テルオ,てるお
テルオキ,てるおき
テルオミ,てるおみ
テルカズ,てるかず
テルカツ,てるかつ
テルキ,てるき
テルキヨ,てるきよ
テルクニ,てるくに
テルサダ,てるさだ
テルシ,てるし
テルジ,てるじ
テルシゲ,てるしげ
テルスミ,てるすみ
テルゾウ,てるぞう
テルタカ,てるたか
テルタケ,てるたけ
テルタダ,てるただ
テルタミ,てるたみ
テルタロウ,てるたろう
テルチカ,てるちか
テルツギ,てるつぎ
テルツグ,てるつぐ
テルツネ,てるつね
テルト,てると
テルトシ,てるとし
テルトモ,てるとも
テルナオ,てるなお
テルナガ,てるなが
テルナリ,てるなり
テルノスケ,てるのすけ
テルノブ,てるのぶ
テルノリ,てるのり
テルハル,てるはる
テルヒコ,てるひこ
テルヒサ,てるひさ
テルヒデ,てるひで
テルヒト,てるひと
テルヒラ,てるひら
テルヒロ,てるひろ
テルフミ,てるふみ
テルブミ,てるぶみ
テルマサ,てるまさ
テルミチ,てるみち
テルミツ,てるみつ
テルミネ,てるみね
テルムネ,てるむね
テルモト,てるもと
テルヤ,てるや
テルヤス,てるやす
テルユキ,てるゆき
テルヨシ,てるよし
テルヲ,てるを
デン,でん
デンイチ,でんいち
デンイチロウ,でんいちろう
テンカ,てんか
テンガ,てんが
テンキ,てんき
テンゴ,てんご
テンシ,てんし
テンショウ,てんしょう
テンシン,てんしん
テンセイ,てんせい
テンチ,てんち
テント,てんと
テンマ,てんま
テンメイ,てんめい
テンヤ,てんや
テンユウ,てんゆう
テンリ,てんり
トウ,とう
ドウ,どう
トウイ,とうい
トウイチロウ,とういちろう
トウガ,とうが
トウキチロウ,とうきちろう
トウゲ,とうげ
トウゴ,とうご
トウシ,とうし
トウジ,とうじ
トウジュウロウ,とうじゅうろう
トウジロウ,とうじろう
ドウジン,どうじん
トウタ,とうた
トウタロウ,とうたろう
トウチ,とうち
トウマ,とうま
トウム,とうむ
トウヤ,とうや
ドウヤ,どうや
トウリ,とうり
トウル,とうる
トオシ,とおし
トオマ,とおま
トオル,とおる
トカシ,とかし
トキアキ,ときあき
トキイチ,ときいち
トキオ,ときお
トキカズ,ときかず
トキカツ,ときかつ
トキサダ,ときさだ
トキジ,ときじ
トキシゲ,ときしげ
トキゾウ,ときぞう
トキタ,ときた
トキタカ,ときたか
トキタダ,ときただ
トキト,ときと
トキナリ,ときなり
トキノブ,ときのぶ
トキノリ,ときのり
トキハル,ときはる
トキヒコ,ときひこ
トキヒサ,ときひさ
トキヒト,ときひと
トキヒラ,ときひら
トキヒロ,ときひろ
トキフミ,ときふみ
トキヘイ,ときへい
トキマサ,ときまさ
トキマル,ときまる
トキミツ,ときみつ
トキミネ,ときみね
トキムネ,ときむね
トキヤ,ときや
トキヤス,ときやす
トキユキ,ときゆき
トキヨシ,ときよし
ドク,どく
トクアキ,とくあき
トクイチ,とくいち
トクイチロウ,とくいちろう
トクオ,とくお
トクオミ,とくおみ
トクカズ,とくかず
トクサブロウ,とくさぶろう
トクジ,とくじ
ドクジ,どくじ
トクシゲ,とくしげ
トクシロウ,とくしろう
トクジロウ,とくじろう
トクジン,とくじん
トクスケ,とくすけ
トクゾウ,とくぞう
トクタ,とくた
トクタロウ,とくたろう
トクナリ,とくなり
トクノシン,とくのしん
トクノブ,とくのぶ
トクノリ,とくのり
トクハル,とくはる
トクヒコ,とくひこ
トクヒサ,とくひさ
トクヒデ,とくひで
トクヒト,とくひと
トクヒロ,とくひろ
トクフミ,とくふみ
トクベエ,とくべえ
トクマ,とくま
トクマサ,とくまさ
トクマル,とくまる
トクミ,とくみ
トクミチ,とくみち
トクミツ,とくみつ
トクモリ,とくもり
トクヤ,とくや
トクヤス,とくやす
トクユキ,とくゆき
トクヨシ,とくよし
トクロウ,とくろう
トシアキ,としあき
トシアツ,としあつ
トシイエ,としいえ
トシイチ,としいち
トシイチロウ,としいちろう
トシエイ,としえい
トシオ,としお
トシオキ,としおき
トシオミ,としおみ
トシカズ,としかず
トシカタ,としかた
トシカツ,としかつ
トシカヅ,としかづ
トシキ,としき
トシキヨ,としきよ
トシクニ,としくに
トシサダ,としさだ
トシサブロウ,としさぶろう
トシジ,としじ
トシシゲ,とししげ
トシジロウ,としじろう
トシスケ,としすけ
トシズミ,としずみ
トシゾウ,としぞう
トシタ,とした
トシタカ,としたか
トシタケ,としたけ
トシタダ,としただ
トシタツ,としたつ
トシタロウ,としたろう
トシチカ,としちか
トシツカ,としつか
トシツギ,としつぎ
トシツグ,としつぐ
トシツナ,としつな
トシツネ,としつね
トシツラ,としつら
トシテル,としてる
トシト,としと
トシトモ,としとも
トシナオ,としなお
トシナカ,としなか
トシナガ,としなが
トシナリ,としなり
トシノブ,としのぶ
トシノリ,としのり
トシハル,としはる
トシヒコ,としひこ
トシヒサ,としひさ
トシヒデ,としひで
トシヒト,としひと
トシヒロ,としひろ
トシフサ,としふさ
トシフミ,としふみ
トシブミ,としぶみ
トシフユ,としふゆ
トシマサ,としまさ
トシマス,とします
トシマロ,としまろ
トシミチ,としみち
トシミツ,としみつ
トシムネ,としむね
トシモト,としもと
トシモリ,としもり
トシヤ,としや
トシヤス,としやす
トシユキ,としゆき
トシヨシ,としよし
トシロウ,としろう
トツキ,とつき
トニオ,とにお
トビラ,とびら
トミ,とみ
トミアキ,とみあき
トミイチロウ,とみいちろう
トミオ,とみお
トミカズ,とみかず
トミカツ,とみかつ
トミサブロウ,とみさぶろう
トミジ,とみじ
トミジロウ,とみじろう
トミゾウ,とみぞう
トミタカ,とみたか
トミタロウ,とみたろう
トミト,とみと
トミナオ,とみなお
トミノリ,とみのり
トミハル,とみはる
トミヒコ,とみひこ
トミヒサ,とみひさ
トミヒデ,とみひで
トミヒト,とみひと
トミヒロ,とみひろ
トミフミ,とみふみ
トミマサ,とみまさ
トミヤ,とみや
トミヤス,とみやす
トミユキ,とみゆき
トミヨシ,とみよし
トミヲ,とみを
トム,とむ
トメオ,とめお
トメハチ,とめはち
トモ,とも
トモアキ,ともあき
トモアツ,ともあつ
トモイ,ともい
トモイエ,ともいえ
トモイチ,ともいち
トモイチロウ,ともいちろう
トモオ,ともお
トモオキ,ともおき
トモオミ,ともおみ
トモオリ,ともおり
トモカゲ,ともかげ
トモカズ,ともかず
トモガズ,ともがず
トモカタ,ともかた
トモカツ,ともかつ
トモキ,ともき
トモキチ,ともきち
トモキヨ,ともきよ
トモクニ,ともくに
トモサダ,ともさだ
トモサト,ともさと
トモサブロウ,ともさぶろう
トモシ,ともし
トモジ,ともじ
トモシゲ,ともしげ
トモシロウ,ともしろう
トモジロウ,ともじろう
トモスケ,ともすけ
トモスミ,ともすみ
トモズミ,ともずみ
トモゾウ,ともぞう
トモタ,ともた
トモタカ,ともたか
トモタケ,ともたけ
トモタダ,ともただ
トモタツ,ともたつ
トモタロウ,ともたろう
トモチカ,ともちか
トモツグ,ともつぐ
トモツナ,ともつな
トモツネ,ともつね
トモテル,ともてる
トモト,ともと
トモトシ,ともとし
トモナオ,ともなお
トモナカ,ともなか
トモナガ,ともなが
トモナリ,ともなり
トモナル,ともなる
トモノシン,とものしん
トモノスケ,とものすけ
トモノブ,とものぶ
トモノリ,とものり
トモハル,ともはる
トモヒコ,ともひこ
トモヒサ,ともひさ
トモヒデ,ともひで
トモヒト,ともひと
トモヒラ,ともひら
トモヒロ,ともひろ
トモフサ,ともふさ
トモフミ,ともふみ
トモマサ,ともまさ
トモマロ,ともまろ
トモミ,ともみ
トモミチ,ともみち
トモミツ,ともみつ
トモム,ともむ
トモムネ,ともむね
トモモリ,とももり
トモヤ,ともや
トモヤス,ともやす
トモユ,ともゆ
トモユキ,ともゆき
トモヨシ,ともよし
トモヨリ,ともより
トモロウ,ともろう
トヨアキ,とよあき
トヨイチ,とよいち
トヨイチロウ,とよいちろう
トヨオ,とよお
トヨカズ,とよかず
トヨカツ,とよかつ
トヨカネ,とよかね
トヨキ,とよき
トヨキチ,とよきち
トヨキヨ,とよきよ
トヨクニ,とよくに
トヨシ,とよし
トヨジ,とよじ
トヨシゲ,とよしげ
トヨシロウ,とよしろう
トヨジロウ,とよじろう
トヨスケ,とよすけ
トヨゾウ,とよぞう
トヨタ,とよた
トヨタカ,とよたか
トヨタロウ,とよたろう
トヨチカ,とよちか
トヨツグ,とよつぐ
トヨツナ,とよつな
トヨト,とよと
トヨトシ,とよとし
トヨナオ,とよなお
トヨナガ,とよなが
トヨナリ,とよなり
トヨナル,とよなる
トヨノジョウ,とよのじょう
トヨノブ,とよのぶ
トヨノリ,とよのり
トヨハル,とよはる
トヨヒコ,とよひこ
トヨヒサ,とよひさ
トヨヒデ,とよひで
トヨヒト,とよひと
トヨヒロ,とよひろ
トヨフミ,とよふみ
トヨマ,とよま
トヨマサ,とよまさ
トヨミチ,とよみち
トヨミツ,とよみつ
トヨヤス,とよやす
トヨユキ,とよゆき
トライ,とらい
トライチ,とらいち
トラオ,とらお
トラジロウ,とらじろう
トラタ,とらた
トラタロウ,とらたろう
トラノスケ,とらのすけ
トラヒコ,とらひこ
トラヤ,とらや
トラユキ,とらゆき
トリオ,とりお
トン,とん
ナイト,ないと
ナエタロウ,なえたろう
ナオ,なお
ナオアキ,なおあき
ナオアツ,なおあつ
ナオイチ,なおいち
ナオイチロウ,なおいちろう
ナオエ,なおえ
ナオオキ,なおおき
ナオオミ,なおおみ
ナオカゲ,なおかげ
ナオカズ,なおかず
ナオカタ,なおかた
ナオカツ,なおかつ
ナオキ,なおき
ナオキチ,なおきち
ナオクニ,なおくに
ナオシ,なおし
ナオジ,なおじ
ナオシゲ,なおしげ
ナオジロウ,なおじろう
ナオスケ,なおすけ
ナオスミ,なおすみ
ナオズミ,なおずみ
ナオゾウ,なおぞう
ナオタ,なおた
ナオタカ,なおたか
ナオタケ,なおたけ
ナオタダ,なおただ
ナオタツ,なおたつ
ナオタネ,なおたね
ナオタロウ,なおたろう
ナオチカ,なおちか
ナオツギ,なおつぎ
ナオツグ,なおつぐ
ナオツネ,なおつね
ナオテル,なおてる
ナオト,なおと
ナオトキ,なおとき
ナオトシ,なおとし
ナオトミ,なおとみ
ナオトモ,なおとも
ナオノブ,なおのぶ
ナオノリ,なおのり
ナオハル,なおはる
ナオヒコ,なおひこ
ナオヒサ,なおひさ
ナオヒデ,なおひで
ナオヒト,なおひと
ナオヒラ,なおひら
ナオヒロ,なおひろ
ナオフミ,なおふみ
ナオブミ,なおぶみ
ナオマ,なおま
ナオマサ,なおまさ
ナオミ,なおみ
ナオミキ,なおみき
ナオミチ,なおみち
ナオミツ,なおみつ
ナオムネ,なおむね
ナオモト,なおもと
ナオヤ,なおや
ナオヤス,なおやす
ナオユキ,なおゆき
ナオヨシ,なおよし
ナオヨリ,なおより
ナカ,なか
ナカアキ,なかあき
ナガアキ,ながあき
ナカオ,なかお
ナガオ,ながお
ナガオキ,ながおき
ナカオミ,なかおみ
ナガオミ,ながおみ
ナガカズ,ながかず
ナガシ,ながし
ナガタカ,ながたか
ナガタダ,ながただ
ナカト,なかと
ナガト,ながと
ナカトシ,なかとし
ナガトシ,ながとし
ナカトミ,なかとみ
ナガトモ,ながとも
ナガナリ,ながなり
ナカノスケ,なかのすけ
ナカノブ,なかのぶ
ナガノブ,ながのぶ
ナカノリ,なかのり
ナガノリ,ながのり
ナガハル,ながはる
ナガヒ,ながひ
ナガヒコ,ながひこ
ナカヒサ,なかひさ
ナガヒサ,ながひさ
ナガヒデ,ながひで
ナカヒト,なかひと
ナガヒト,ながひと
ナカヒラ,なかひら
ナカヒロ,なかひろ
ナガヒロ,ながひろ
ナガマサ,ながまさ
ナガミチ,ながみち
ナガミツ,ながみつ
ナカヤ,なかや
ナガヤス,ながやす
ナカユキ,なかゆき
ナガユキ,ながゆき
ナガヨシ,ながよし
ナガヨリ,ながより
ナガル,ながる
ナガレ,ながれ
ナギト,なぎと
ナチ,なち
ナツオ,なつお
ナツキ,なつき
ナツシ,なつし
ナツト,なつと
ナツヒコ,なつひこ
ナツヒデ,なつひで
ナツヒト,なつひと
ナツヒロ,なつひろ
ナツフミ,なつふみ
ナツヤ,なつや
ナツユキ,なつゆき
ナツロウ,なつろう
ナナロウ,ななろう
ナハト,なはと
ナミオ,なみお
ナミキ,なみき
ナミジ,なみじ
ナミト,なみと
ナミヒト,なみひと
ナミヒロ,なみひろ
ナミヘイ,なみへい
ナユキ,なゆき
ナユタ,なゆた
ナリアキ,なりあき
ナリアツ,なりあつ
ナリオ,なりお
ナリカズ,なりかず
ナリカツ,なりかつ
ナリサダ,なりさだ
ナリシゲ,なりしげ
ナリスケ,なりすけ
ナリタカ,なりたか
ナリタケ,なりたけ
ナリタダ,なりただ
ナリタツ,なりたつ
ナリチカ,なりちか
ナリツグ,なりつぐ
ナリツネ,なりつね
ナリト,なりと
ナリトシ,なりとし
ナリトモ,なりとも
ナリノブ,なりのぶ
ナリノリ,なりのり
ナリヒコ,なりひこ
ナリヒサ,なりひさ
ナリヒデ,なりひで
ナリヒト,なりひと
ナリヒロ,なりひろ
ナリフサ,なりふさ
ナリフミ,なりふみ
ナリマサ,なりまさ
ナリマロ,なりまろ
ナリミ,なりみ
ナリミチ,なりみち
ナリミツ,なりみつ
ナリヤ,なりや
ナリヤス,なりやす
ナリユキ,なりゆき
ナリヨシ,なりよし
ナルオ,なるお
ナルオミ,なるおみ
ナルキ,なるき
ナルシ,なるし
ナルチカ,なるちか
ナルト,なると
ナルトシ,なるとし
ナルヒコ,なるひこ
ナルヒサ,なるひさ
ナルヒデ,なるひで
ナルヒト,なるひと
ナルヒロ,なるひろ
ナルユキ,なるゆき
ナント,なんと
ナンヨウ,なんよう
ニイト,にいと
ニキタ,にきた
ニキチ,にきち
ニジロウ,にじろう
ニスケ,にすけ
ニタロウ,にたろう
ニチアキ,にちあき
ニチオ,にちお
ニチヒコ,にちひこ
ニッキ,にっき
ニヘイ,にへい
ネイイチ,ねいいち
ネイジ,ねいじ
ネツイ,ねつい
ネン,ねん
ネンジ,ねんじ
ネンペイ,ねんぺい
ノウ,のう
ノエル,のえる
ノギスケ,のぎすけ
ノゾミ,のぞみ
ノゾム,のぞむ
ノビト,のびと
ノビヒコ,のびひこ
ノビヤス,のびやす
ノブ,のぶ
ノブアキ,のぶあき
ノブアツ,のぶあつ
ノブイチ,のぶいち
ノブエイ,のぶえい
ノブエツ,のぶえつ
ノブオ,のぶお
ノブオキ,のぶおき
ノブオミ,のぶおみ
ノブカズ,のぶかず
ノブカタ,のぶかた
ノブカツ,のぶかつ
ノブキ,のぶき
ノブキヨ,のぶきよ
ノブクニ,のぶくに
ノブサダ,のぶさだ
ノブジ,のぶじ
ノブシゲ,のぶしげ
ノブシロ,のぶしろ
ノブスケ,のぶすけ
ノブスミ,のぶすみ
ノブゾウ,のぶぞう
ノブタカ,のぶたか
ノブタケ,のぶたけ
ノブタダ,のぶただ
ノブタツ,のぶたつ
ノブタネ,のぶたね
ノブチカ,のぶちか
ノブツカ,のぶつか
ノブツギ,のぶつぎ
ノブツグ,のぶつぐ
ノブツナ,のぶつな
ノブツネ,のぶつね
ノブテル,のぶてる
ノブト,のぶと
ノブトシ,のぶとし
ノブトモ,のぶとも
ノブトヨ,のぶとよ
ノブトラ,のぶとら
ノブナオ,のぶなお
ノブナガ,のぶなが
ノブナリ,のぶなり
ノブネ,のぶね
ノブノ,のぶの
ノブノリ,のぶのり
ノブハル,のぶはる
ノブヒコ,のぶひこ
ノブヒサ,のぶひさ
ノブヒデ,のぶひで
ノブヒト,のぶひと
ノブヒロ,のぶひろ
ノブフサ,のぶふさ
ノブフミ,のぶふみ
ノブホ,のぶほ
ノブマサ,のぶまさ
ノブミ,のぶみ
ノブミチ,のぶみち
ノブミツ,のぶみつ
ノブモト,のぶもと
ノブヤ,のぶや
ノブヤス,のぶやす
ノフユキ,のふゆき
ノブユキ,のぶゆき
ノブヨシ,のぶよし
ノブヨリ,のぶより
ノブロウ,のぶろう
ノボル,のぼる
ノマヒコ,のまひこ
ノリアキ,のりあき
ノリアツ,のりあつ
ノリイ,のりい
ノリイチ,のりいち
ノリウミ,のりうみ
ノリオ,のりお
ノリオウ,のりおう
ノリオキ,のりおき
ノリオミ,のりおみ
ノリカゲ,のりかげ
ノリカズ,のりかず
ノリカタ,のりかた
ノリカツ,のりかつ
ノリカネ,のりかね
ノリキ,のりき
ノリキヨ,のりきよ
ノリクニ,のりくに
ノリサダ,のりさだ
ノリサト,のりさと
ノリジ,のりじ
ノリシゲ,のりしげ
ノリスケ,のりすけ
ノリスミ,のりすみ
ノリタカ,のりたか
ノリタケ,のりたけ
ノリタダ,のりただ
ノリタツ,のりたつ
ノリタネ,のりたね
ノリチカ,のりちか
ノリツグ,のりつぐ
ノリツナ,のりつな
ノリツネ,のりつね
ノリテル,のりてる
ノリト,のりと
ノリトシ,のりとし
ノリトモ,のりとも
ノリナオ,のりなお
ノリナガ,のりなが
ノリナリ,のりなり
ノリノブ,のりのぶ
ノリハル,のりはる
ノリヒコ,のりひこ
ノリヒサ,のりひさ
ノリヒデ,のりひで
ノリヒト,のりひと
ノリヒラ,のりひら
ノリヒロ,のりひろ
ノリフサ,のりふさ
ノリフミ,のりふみ
ノリブミ,のりぶみ
ノリマサ,のりまさ
ノリミ,のりみ
ノリミキ,のりみき
ノリミチ,のりみち
ノリミツ,のりみつ
ノリムネ,のりむね
ノリモト,のりもと
ノリヤ,のりや
ノリヤス,のりやす
ノリユキ,のりゆき
ノリヨシ,のりよし
ノルド,のるど
ハアト,はあと
ハガオ,はがお
ハガネ,はがね
ハカリ,はかり
ハカル,はかる
ハク,はく
バク,ばく
ハクバ,はくば
ハジメ,はじめ
ハシル,はしる
ハズム,はずむ
ハセル,はせる
ハチロウ,はちろう
ハツオ,はつお
ハツキ,はつき
ハツシ,はつし
ハツジ,はつじ
ハツゾウ,はつぞう
ハツタロウ,はつたろう
ハツヒ,はつひ
ハツヒデ,はつひで
ハツヒト,はつひと
ハツヒロ,はつひろ
ハツフミ,はつふみ
ハツマ,はつま
ハツヤ,はつや
ハツユキ,はつゆき
ハナタケ,はなたけ
ハナタロウ,はなたろう
ハナマル,はなまる
ハナミチ,はなみち
ハナユキ,はなゆき
ハマイチ,はまいち
ハヤオ,はやお
ハヤオミ,はやおみ
ハヤカズ,はやかず
ハヤキ,はやき
ハヤシ,はやし
ハヤセ,はやせ
ハヤタ,はやた
ハヤツグ,はやつぐ
ハヤテ,はやて
ハヤト,はやと
ハヤトシ,はやとし
ハヤナリ,はやなり
ハヤノ,はやの
ハヤヒコ,はやひこ
ハヤヒト,はやひと
ハヤミ,はやみ
ハユマ,はゆま
ハルアキ,はるあき
ハルイチ,はるいち
ハルイチロウ,はるいちろう
ハルエイ,はるえい
ハルオ,はるお
ハルオミ,はるおみ
ハルカ,はるか
ハルカズ,はるかず
ハルカツ,はるかつ
ハルキ,はるき
ハルキヨ,はるきよ
ハルクニ,はるくに
ハルサダ,はるさだ
ハルシ,はるし
ハルジ,はるじ
ハルシゲ,はるしげ
ハルスケ,はるすけ
ハルスミ,はるすみ
ハルタ,はるた
ハルタカ,はるたか
ハルタケ,はるたけ
ハルタダ,はるただ
ハルタネ,はるたね
ハルタロウ,はるたろう
ハルチカ,はるちか
ハルツグ,はるつぐ
ハルト,はると
ハルトキ,はるとき
ハルトシ,はるとし
ハルトモ,はるとも
ハルナオ,はるなお
ハルナカ,はるなか
ハルナガ,はるなが
ハルナリ,はるなり
ハルノスケ,はるのすけ
ハルノブ,はるのぶ
ハルノリ,はるのり
ハルヒコ,はるひこ
ハルヒサ,はるひさ
ハルヒデ,はるひで
ハルヒト,はるひと
ハルヒロ,はるひろ
ハルフサ,はるふさ
ハルフネ,はるふね
ハルフミ,はるふみ
ハルマ,はるま
ハルマサ,はるまさ
ハルミチ,はるみち
ハルミツ,はるみつ
ハルミネ,はるみね
ハルモト,はるもと
ハルモリ,はるもり
ハルヤ,はるや
ハルヤス,はるやす
ハルユキ,はるゆき
ハルヨシ,はるよし
ハルロウ,はるろう
ハロウ,はろう
ハン,はん
バン,ばん
ハンイチロウ,はんいちろう
バンカ,ばんか
ハンジロウ,はんじろう
ハンス,はんす
ハンタ,はんた
ハンタロウ,はんたろう
ハント,はんと
バンリ,ばんり
ヒカリ,ひかり
ヒカル,ひかる
ヒコイチ,ひこいち
ヒコイチロウ,ひこいちろう
ヒコサブロウ,ひこさぶろう
ヒコシロウ,ひこしろう
ヒコジロウ,ひこじろう
ヒコゾウ,ひこぞう
ヒコタ,ひこた
ヒコタロウ,ひこたろう
ヒコツグ,ひこつぐ
ヒコハル,ひこはる
ヒコマ,ひこま
ヒコマル,ひこまる
ヒコマロ,ひこまろ
ヒコヤ,ひこや
ヒコユキ,ひこゆき
ヒコヨシ,ひこよし
ヒサアキ,ひさあき
ヒサアツ,ひさあつ
ヒサイチ,ひさいち
ヒサオ,ひさお
ヒサオミ,ひさおみ
ヒサカズ,ひさかず
ヒサカツ,ひさかつ
ヒサカヅ,ひさかづ
ヒサキ,ひさき
ヒサクニ,ひさくに
ヒササネ,ひささね
ヒサシ,ひさし
ヒサジ,ひさじ
ヒサシゲ,ひさしげ
ヒサシロウ,ひさしろう
ヒサスケ,ひさすけ
ヒサズミ,ひさずみ
ヒサタカ,ひさたか
ヒサタケ,ひさたけ
ヒサタダ,ひさただ
ヒサタロウ,ひさたろう
ヒサツグ,ひさつぐ
ヒサツナ,ひさつな
ヒサツネ,ひさつね
ヒサテツ,ひさてつ
ヒサテル,ひさてる
ヒサト,ひさと
ヒサトシ,ひさとし
ヒサトミ,ひさとみ
ヒサトモ,ひさとも
ヒサトヨ,ひさとよ
ヒサナオ,ひさなお
ヒサナガ,ひさなが
ヒサナリ,ひさなり
ヒサノスケ,ひさのすけ
ヒサノブ,ひさのぶ
ヒサノリ,ひさのり
ヒサハル,ひさはる
ヒサヒコ,ひさひこ
ヒサヒデ,ひさひで
ヒサヒト,ひさひと
ヒサヒロ,ひさひろ
ヒサフミ,ひさふみ
ヒサマル,ひさまる
ヒサマロ,ひさまろ
ヒサミチ,ひさみち
ヒサミツ,ひさみつ
ヒサムネ,ひさむね
ヒサモト,ひさもと
ヒサモリ,ひさもり
ヒサヤ,ひさや
ヒサヤス,ひさやす
ヒサユキ,ひさゆき
ヒサヨ,ひさよ
ヒサヨシ,ひさよし
ヒサヨリ,ひさより
ヒシュン,ひしゅん
ヒショウ,ひしょう
ヒジリ,ひじり
ビゾウ,びぞう
ヒソカ,ひそか
ヒデ,ひで
ヒテアキ,ひてあき
ヒデアキ,ひであき
ビデアキ,びであき
ヒデアツ,ひであつ
ヒデアリ,ひであり
ヒデイチ,ひでいち
ヒデイチロウ,ひでいちろう
ヒデイツ,ひでいつ
ヒデオ,ひでお
ビデオ,びでお
ヒデオキ,ひでおき
ヒテオミ,ひておみ
ヒデオミ,ひでおみ
ヒデカズ,ひでかず
ヒデカタ,ひでかた
ヒデカツ,ひでかつ
ヒデカヅ,ひでかづ
ヒデキ,ひでき
ヒデキチ,ひできち
ヒデキミ,ひできみ
ヒデキヨ,ひできよ
ヒデクニ,ひでくに
ヒデサク,ひでさく
ヒデサダ,ひでさだ
ヒデサト,ひでさと
ヒデサブロウ,ひでさぶろう
ヒデシ,ひでし
ヒデジ,ひでじ
ヒデシゲ,ひでしげ
ヒデジロウ,ひでじろう
ヒデスケ,ひですけ
ヒデスミ,ひですみ
ヒデズミ,ひでずみ
ヒデゾウ,ひでぞう
ヒデタ,ひでた
ヒデタカ,ひでたか
ヒデタケ,ひでたけ
ヒデタダ,ひでただ
ヒデタツ,ひでたつ
ヒデタロウ,ひでたろう
ヒデチカ,ひでちか
ヒデチヨ,ひでちよ
ヒデツグ,ひでつぐ
ヒデツナ,ひでつな
ヒデツネ,ひでつね
ヒデテツ,ひでてつ
ヒデテル,ひでてる
ヒデト,ひでと
ヒデトキ,ひでとき
ヒデトシ,ひでとし
ヒデトミ,ひでとみ
ヒデトモ,ひでとも
ヒデトヨ,ひでとよ
ヒデトラ,ひでとら
ヒデナオ,ひでなお
ヒデナガ,ひでなが
ヒデナリ,ひでなり
ヒデノシン,ひでのしん
ヒデノスケ,ひでのすけ
ヒデノブ,ひでのぶ
ビデノブ,びでのぶ
ヒデノリ,ひでのり
ヒデハチ,ひではち
ヒデハル,ひではる
ヒデヒコ,ひでひこ
ヒデヒサ,ひでひさ
ヒデヒト,ひでひと
ヒデヒロ,ひでひろ
ヒデフサ,ひでふさ
ヒデフミ,ひでふみ
ヒデブミ,ひでぶみ
ヒデホ,ひでほ
ヒデマ,ひでま
ヒデマサ,ひでまさ
ヒデマツ,ひでまつ
ヒデマル,ひでまる
ヒデマロ,ひでまろ
ヒデミ,ひでみ
ヒデミチ,ひでみち
ヒデミツ,ひでみつ
ヒデムネ,ひでむね
ヒデモト,ひでもと
ヒデモリ,ひでもり
ヒデヤ,ひでや
ヒデヤス,ひでやす
ヒデユキ,ひでゆき
ヒデヨ,ひでよ
ヒデヨシ,ひでよし
ヒデヨリ,ひでより
ヒデロウ,ひでろう
ヒトアキ,ひとあき
ヒトオ,ひとお
ヒトオミ,ひとおみ
ヒトカズ,ひとかず
ヒトキ,ひとき
ヒトシ,ひとし
ヒトジ,ひとじ
ヒトツグ,ひとつぐ
ヒトナリ,ひとなり
ヒトノブ,ひとのぶ
ヒトノリ,ひとのり
ヒトハル,ひとはる
ヒトヒコ,ひとひこ
ヒトヒサ,ひとひさ
ヒトヒロ,ひとひろ
ヒトフサ,ひとふさ
ヒトフミ,ひとふみ
ヒトマサ,ひとまさ
ヒトマル,ひとまる
ヒトム,ひとむ
ヒトヤ,ひとや
ヒトヤス,ひとやす
ヒトリ,ひとり
ヒナタ,ひなた
ヒビキ,ひびき
ヒュウガ,ひゅうが
ヒュウゴ,ひゅうご
ヒュウマ,ひゅうま
ヒョウ,ひょう
ヒョウイチ,ひょういち
ヒョウイチロウ,ひょういちろう
ヒョウゴ,ひょうご
ヒョウスケ,ひょうすけ
ヒョウマ,ひょうま
ヒヨク,ひよく
ヒラオ,ひらお
ヒラク,ひらく
ヒリュウ,ひりゅう
ヒロ,ひろ
ヒロアキ,ひろあき
ヒロアツ,ひろあつ
ヒロアリ,ひろあり
ヒロイチロウ,ひろいちろう
ヒロオ,ひろお
ヒロオキ,ひろおき
ヒロオミ,ひろおみ
ヒロカズ,ひろかず
ヒロカゼ,ひろかぜ
ヒロカタ,ひろかた
ヒロカツ,ひろかつ
ヒロカヅ,ひろかづ
ヒロキ,ひろき
ヒロキチ,ひろきち
ヒロキミ,ひろきみ
ヒロキヨ,ひろきよ
ヒロクニ,ひろくに
ヒロサダ,ひろさだ
ヒロサト,ひろさと
ヒロサネ,ひろさね
ヒロシ,ひろし
ヒロジ,ひろじ
ヒロシゲ,ひろしげ
ヒロスケ,ひろすけ
ヒロスミ,ひろすみ
ヒロズミ,ひろずみ
ヒロゾウ,ひろぞう
ヒロタ,ひろた
ヒロタカ,ひろたか
ヒロタケ,ひろたけ
ヒロタダ,ひろただ
ヒロタツ,ひろたつ
ヒロタネ,ひろたね
ヒロタミ,ひろたみ
ヒロタロウ,ひろたろう
ヒロチカ,ひろちか
ヒロチヨ,ひろちよ
ヒロツグ,ひろつぐ
ヒロツナ,ひろつな
ヒロツネ,ひろつね
ヒロテル,ひろてる
ヒロト,ひろと
ヒロトシ,ひろとし
ヒロトモ,ひろとも
ヒロトラ,ひろとら
ヒロナオ,ひろなお
ヒロナガ,ひろなが
ヒロナリ,ひろなり
ヒロノシン,ひろのしん
ヒロノスケ,ひろのすけ
ヒロノブ,ひろのぶ
ヒロノリ,ひろのり
ヒロハル,ひろはる
ヒロヒコ,ひろひこ
ヒロヒサ,ひろひさ
ヒロヒデ,ひろひで
ヒロヒト,ひろひと
ヒロフサ,ひろふさ
ヒロフミ,ひろふみ
ヒロブミ,ひろぶみ
ヒロマサ,ひろまさ
ヒロマス,ひろます
ヒロミ,ひろみ
ヒロミキ,ひろみき
ヒロミチ,ひろみち
ヒロミツ,ひろみつ
ヒロミネ,ひろみね
ヒロム,ひろむ
ヒロムネ,ひろむね
ヒロモチ,ひろもち
ヒロモト,ひろもと
ヒロモリ,ひろもり
ヒロヤ,ひろや
ヒロヤス,ひろやす
ヒロユキ,ひろゆき
ヒロヨ,ひろよ
ヒロヨシ,ひろよし
ブイチ,ぶいち
ブイチロウ,ぶいちろう
フウキ,ふうき
フウゴ,ふうご
フウサク,ふうさく
フウシ,ふうし
フウジ,ふうじ
フウシロウ,ふうしろう
フウスケ,ふうすけ
フウタ,ふうた
フウタロウ,ふうたろう
フウト,ふうと
フウド,ふうど
フウマ,ふうま
フウヤ,ふうや
フカシ,ふかし
フキオ,ふきお
フキト,ふきと
フクイチロウ,ふくいちろう
フクオ,ふくお
フクシ,ふくし
フクジ,ふくじ
フクゾウ,ふくぞう
フクタ,ふくた
フクタロウ,ふくたろう
フクト,ふくと
フクトシ,ふくとし
フクノブ,ふくのぶ
フクノリ,ふくのり
フクヒコ,ふくひこ
フクヒデ,ふくひで
フクヒロ,ふくひろ
フクヤ,ふくや
フサアキ,ふさあき
フサオ,ふさお
フサシ,ふさし
フサジ,ふさじ
フサタ,ふさた
フサト,ふさと
フサトシ,ふさとし
フサノスケ,ふさのすけ
フサノブ,ふさのぶ
フサノリ,ふさのり
フサヒコ,ふさひこ
フサヒロ,ふさひろ
フサフミ,ふさふみ
フサミチ,ふさみち
フサミツ,ふさみつ
フサユキ,ふさゆき
フジアキ,ふじあき
フジオ,ふじお
フジノブ,ふじのぶ
フジノリ,ふじのり
フジヒコ,ふじひこ
フジヒサ,ふじひさ
フジヒト,ふじひと
フジヒロ,ふじひろ
フジヤ,ふじや
フジユキ,ふじゆき
フジロウ,ふじろう
フトシ,ふとし
フヒト,ふひと
フミアキ,ふみあき
フミアツ,ふみあつ
フミオ,ふみお
フミオキ,ふみおき
フミオミ,ふみおみ
フミカゲ,ふみかげ
フミカズ,ふみかず
フミカツ,ふみかつ
フミキ,ふみき
フミキチ,ふみきち
フミキヨ,ふみきよ
フミクニ,ふみくに
フミサト,ふみさと
フミシゲ,ふみしげ
フミゾウ,ふみぞう
フミタ,ふみた
フミタカ,ふみたか
フミタケ,ふみたけ
フミタダ,ふみただ
フミタロウ,ふみたろう
フミチカ,ふみちか
フミツギ,ふみつぎ
フミツグ,ふみつぐ
フミテル,ふみてる
フミト,ふみと
フミトシ,ふみとし
フミトモ,ふみとも
フミトヨ,ふみとよ
フミナオ,ふみなお
フミナガ,ふみなが
フミナリ,ふみなり
フミノブ,ふみのぶ
フミノリ,ふみのり
フミハル,ふみはる
フミヒコ,ふみひこ
フミヒサ,ふみひさ
フミヒデ,ふみひで
フミヒト,ふみひと
フミヒロ,ふみひろ
フミマサ,ふみまさ
フミマロ,ふみまろ
フミヤ,ふみや
フミヤス,ふみやす
フミユキ,ふみゆき
フミヨシ,ふみよし
フミヨリ,ふみより
フミロウ,ふみろう
フユキ,ふゆき
フユジ,ふゆじ
フユト,ふゆと
フユヒコ,ふゆひこ
フユヒト,ふゆひと
フユミチ,ふゆみち
フリオ,ふりお
フリツ,ふりつ
ブンイチ,ぶんいち
ブンイチロウ,ぶんいちろう
ブンゴ,ぶんご
ブンジ,ぶんじ
ブンシチ,ぶんしち
ブンシロウ,ぶんしろう
ブンジロウ,ぶんじろう
ブンスケ,ぶんすけ
ブンゾウ,ぶんぞう
ブンタ,ぶんた
ブンタロウ,ぶんたろう
ブンヤ,ぶんや
ヘイイチ,へいいち
ヘイイチロウ,へいいちろう
ヘイキチ,へいきち
ヘイサク,へいさく
ヘイサブロウ,へいさぶろう
ヘイジ,へいじ
ヘイシロウ,へいしろう
ヘイスケ,へいすけ
ヘイゾウ,へいぞう
ヘイタ,へいた
ヘイタロウ,へいたろう
ヘイノスケ,へいのすけ
ヘイハチ,へいはち
ヘイハチロウ,へいはちろう
ヘイマ,へいま
ヘイヤ,へいや
ベン,べん
ヘンリ,へんり
ホウイチ,ほういち
ホウサク,ほうさく
ホウセイ,ほうせい
ホウゾウ,ほうぞう
ボウド,ぼうど
ホカゲ,ほかげ
ホガラ,ほがら
ホクト,ほくと
ホクバ,ほくば
ホシ,ほし
ホシオ,ほしお
ホシタロウ,ほしたろう
ホシテル,ほしてる
ホシト,ほしと
ホシノスケ,ほしのすけ
ホシヒコ,ほしひこ
ホシヒト,ほしひと
ホシロウ,ほしろう
ホタロウ,ほたろう
ホノオ,ほのお
ホマレ,ほまれ
ボンタロウ,ぼんたろう
マイト,まいと
マイノスケ,まいのすけ
マオト,まおと
マオヤ,まおや
マカオ,まかお
マキオ,まきお
マキシ,まきし
マキト,まきと
マキヒコ,まきひこ
マキヒデ,まきひで
マキヒト,まきひと
マキヒロ,まきひろ
マキフミ,まきふみ
マキヤ,まきや
マキラ,まきら
マゴシロウ,まごしろう
マコト,まこと
マサアキ,まさあき
マサアツ,まさあつ
マサアリ,まさあり
マサイチ,まさいち
マサイチロウ,まさいちろう
マサウミ,まさうみ
マサオ,まさお
マサオキ,まさおき
マサオミ,まさおみ
マサカゲ,まさかげ
マサカズ,まさかず
マサカタ,まさかた
マサカツ,まさかつ
マサカヅ,まさかづ
マサカド,まさかど
マサカネ,まさかね
マサキ,まさき
マサキチ,まさきち
マサキミ,まさきみ
マサキヨ,まさきよ
マサクニ,まさくに
マサコレ,まさこれ
マサシ,まさし
マサジ,まさじ
マサシゲ,まさしげ
マサジロウ,まさじろう
マサスエ,まさすえ
マサスケ,まさすけ
マサスミ,まさすみ
マサズミ,まさずみ
マサセイ,まさせい
マサゾウ,まさぞう
マサタカ,まさたか
マサタケ,まさたけ
マサタダ,まさただ
マサタツ,まさたつ
マサタネ,まさたね
マサタロウ,まさたろう
マサチカ,まさちか
マサツグ,まさつぐ
マサツナ,まさつな
マサツネ,まさつね
マサテツ,まさてつ
マサテル,まさてる
マサト,まさと
マサトキ,まさとき
マサトシ,まさとし
マサトミ,まさとみ
マサトモ,まさとも
マサトヨ,まさとよ
マサトラ,まさとら
マサナオ,まさなお
マサナガ,まさなが
マサナリ,まさなり
マサノシン,まさのしん
マサノスケ,まさのすけ
マサノブ,まさのぶ
マサノリ,まさのり
マサハル,まさはる
マサヒコ,まさひこ
マサヒサ,まさひさ
マサヒデ,まさひで
マサヒト,まさひと
マサヒラ,まさひら
マサヒロ,まさひろ
マサフサ,まさふさ
マサフミ,まさふみ
マサブミ,まさぶみ
マサミ,まさみ
マサミキ,まさみき
マサミチ,まさみち
マサミツ,まさみつ
マサミネ,まさみね
マサム,まさむ
マサムネ,まさむね
マサモト,まさもと
マサモリ,まさもり
マサヤ,まさや
マサヤス,まさやす
マサユキ,まさゆき
マサヨシ,まさよし
マサヨリ,まさより
マサル,まさる
マサロウ,まさろう
マシオ,ましお
マスアキ,ますあき
マスイチ,ますいち
マスオ,ますお
マスカズ,ますかず
マスキ,ますき
マスクニ,ますくに
マスジ,ますじ
マスジロウ,ますじろう
マスタカ,ますたか
マスタロウ,ますたろう
マスト,ますと
マストシ,ますとし
マスナオ,ますなお
マスナリ,ますなり
マスノブ,ますのぶ
マスノリ,ますのり
マスヒコ,ますひこ
マスヒサ,ますひさ
マスヒデ,ますひで
マスヒロ,ますひろ
マスフミ,ますふみ
マスヘイ,ますへい
マスミチ,ますみち
マスミツ,ますみつ
マスムネ,ますむね
マスヤ,ますや
マスユキ,ますゆき
マスヨシ,ますよし
マタサカ,またさか
マタヒコ,またひこ
マチオ,まちお
マツオ,まつお
マツジ,まつじ
マツジロウ,まつじろう
マツゾウ,まつぞう
マツタロウ,まつたろう
マツトシ,まつとし
マツトモ,まつとも
マツノスケ,まつのすけ
マツハル,まつはる
マツヒコ,まつひこ
マツヒサ,まつひさ
マツヒデ,まつひで
マツヒロ,まつひろ
マツユキ,まつゆき
マツヨシ,まつよし
マナト,まなと
マナヒコ,まなひこ
マナヒロ,まなひろ
マナブ,まなぶ
マハト,まはと
マヒロ,まひろ
マミヤ,まみや
マモル,まもる
マヤト,まやと
マユト,まゆと
マリオ,まりお
マルオ,まるお
マルス,まるす
マレスケ,まれすけ
マレトシ,まれとし
マレノリ,まれのり
マレヒコ,まれひこ
マレヒサ,まれひさ
マレヒデ,まれひで
マレヒト,まれひと
マレヒロ,まれひろ
マレフミ,まれふみ
マロツグ,まろつぐ
マンキチ,まんきち
マンサク,まんさく
マンゾウ,まんぞう
マンタロウ,まんたろう
マンペイ,まんぺい
ミキ,みき
ミキオ,みきお
ミキシロウ,みきしろう
ミキジロウ,みきじろう
ミキスケ,みきすけ
ミキゾウ,みきぞう
ミキタ,みきた
ミキタカ,みきたか
ミキタロウ,みきたろう
ミキツグ,みきつぐ
ミキテル,みきてる
ミキト,みきと
ミキトシ,みきとし
ミキトヨ,みきとよ
ミキナオ,みきなお
ミキナガ,みきなが
ミキナリ,みきなり
ミキノスケ,みきのすけ
ミキノブ,みきのぶ
ミキノリ,みきのり
ミキハル,みきはる
ミキヒコ,みきひこ
ミキヒサ,みきひさ
ミキヒデ,みきひで
ミキヒト,みきひと
ミキヒロ,みきひろ
ミキフミ,みきふみ
ミキマサ,みきまさ
ミキヤ,みきや
ミキヤス,みきやす
ミキユキ,みきゆき
ミサキ,みさき
ミズアキ,みずあき
ミズキ,みずき
ミズタカ,みずたか
ミズタロウ,みずたろう
ミズト,みずと
ミズハル,みずはる
ミズヒコ,みずひこ
ミズヒサ,みずひさ
ミズヒロ,みずひろ
ミチアキ,みちあき
ミチオ,みちお
ミチオキ,みちおき
ミチオミ,みちおみ
ミチカズ,みちかず
ミチカツ,みちかつ
ミチサダ,みちさだ
ミチサト,みちさと
ミチザネ,みちざね
ミチスケ,みちすけ
ミチタカ,みちたか
ミチタダ,みちただ
ミチチカ,みちちか
ミチツグ,みちつぐ
ミチツネ,みちつね
ミチテル,みちてる
ミチト,みちと
ミチトシ,みちとし
ミチナオ,みちなお
ミチナガ,みちなが
ミチノスケ,みちのすけ
ミチノブ,みちのぶ
ミチハル,みちはる
ミチヒコ,みちひこ
ミチヒサ,みちひさ
ミチヒデ,みちひで
ミチヒト,みちひと
ミチヒロ,みちひろ
ミチマサ,みちまさ
ミチヤ,みちや
ミチヤス,みちやす
ミチユキ,みちゆき
ミチヨシ,みちよし
ミチロウ,みちろう
ミツアキ,みつあき
ミツオ,みつお
ミツオキ,みつおき
ミツカゲ,みつかげ
ミツカズ,みつかず
ミツキ,みつき
ミツクニ,みつくに
ミツサダ,みつさだ
ミツサブロウ,みつさぶろう
ミツシゲ,みつしげ
ミツシロウ,みつしろう
ミツジロウ,みつじろう
ミツゾウ,みつぞう
ミツタカ,みつたか
ミツタロウ,みつたろう
ミツチカ,みつちか
ミツツグ,みつつぐ
ミツテル,みつてる
ミツトシ,みつとし
ミツトモ,みつとも
ミツナオ,みつなお
ミツナリ,みつなり
ミツノブ,みつのぶ
ミツノリ,みつのり
ミツハル,みつはる
ミツヒコ,みつひこ
ミツヒサ,みつひさ
ミツヒデ,みつひで
ミツヒト,みつひと
ミツヒロ,みつひろ
ミツフサ,みつふさ
ミツフミ,みつふみ
ミツホ,みつほ
ミツマサ,みつまさ
ミツマロ,みつまろ
ミツムネ,みつむね
ミツモリ,みつもり
ミツヤ,みつや
ミツヤス,みつやす
ミツユキ,みつゆき
ミツヨシ,みつよし
ミツヨリ,みつより
ミツル,みつる
ミツヲ,みつを
ミナト,みなと
ミネアキ,みねあき
ミネイチロウ,みねいちろう
ミネオ,みねお
ミネカズ,みねかず
ミネカツ,みねかつ
ミネキ,みねき
ミネタ,みねた
ミネタカ,みねたか
ミネチカ,みねちか
ミネト,みねと
ミネトシ,みねとし
ミネノブ,みねのぶ
ミネノリ,みねのり
ミネハル,みねはる
ミネヒコ,みねひこ
ミネヒサ,みねひさ
ミネヒデ,みねひで
ミネヒト,みねひと
ミネヒロ,みねひろ
ミネフミ,みねふみ
ミネヤス,みねやす
ミネユキ,みねゆき
ミネヨシ,みねよし
ミネヨリ,みねより
ミノル,みのる
ミハル,みはる
ミメイ,みめい
ミユウジ,みゆうじ
ミライ,みらい
ムウト,むうと
ムガ,むが
ムギヘイ,むぎへい
ムク,むく
ムクト,むくと
ムゲン,むげん
ムサシ,むさし
ムツアキ,むつあき
ムツオ,むつお
ムツゴロウ,むつごろう
ムツシ,むつし
ムツタカ,むつたか
ムツト,むつと
ムツトシ,むつとし
ムツナオ,むつなお
ムツノブ,むつのぶ
ムツノリ,むつのり
ムツハル,むつはる
ムツヒコ,むつひこ
ムツヒサ,むつひさ
ムツヒト,むつひと
ムツヒロ,むつひろ
ムツフサ,むつふさ
ムツマサ,むつまさ
ムツマロ,むつまろ
ムツヤス,むつやす
ムツユキ,むつゆき
ムツロウ,むつろう
ムネアキ,むねあき
ムネアツ,むねあつ
ムネイエ,むねいえ
ムネオ,むねお
ムネオキ,むねおき
ムネオミ,むねおみ
ムネカズ,むねかず
ムネカツ,むねかつ
ムネサト,むねさと
ムネシゲ,むねしげ
ムネジロウ,むねじろう
ムネスケ,むねすけ
ムネゾウ,むねぞう
ムネタカ,むねたか
ムネタケ,むねたけ
ムネタダ,むねただ
ムネタネ,むねたね
ムネタロウ,むねたろう
ムネチカ,むねちか
ムネツグ,むねつぐ
ムネト,むねと
ムネトキ,むねとき
ムネトシ,むねとし
ムネトモ,むねとも
ムネトヨ,むねとよ
ムネナオ,むねなお
ムネナガ,むねなが
ムネナリ,むねなり
ムネノブ,むねのぶ
ムネノリ,むねのり
ムネハル,むねはる
ムネヒコ,むねひこ
ムネヒサ,むねひさ
ムネヒデ,むねひで
ムネヒト,むねひと
ムネヒラ,むねひら
ムネヒロ,むねひろ
ムネフサ,むねふさ
ムネフミ,むねふみ
ムネマサ,むねまさ
ムネミツ,むねみつ
ムネモト,むねもと
ムネモリ,むねもり
ムネヤ,むねや
ムネヤス,むねやす
ムネユキ,むねゆき
ムネヨシ,むねよし
ムモン,むもん
メグル,めぐる
モイチ,もいち
モイチロウ,もいちろう
モウド,もうど
モエタロウ,もえたろう
モエト,もえと
モキチ,もきち
モクジ,もくじ
モト,もと
モトアキ,もとあき
モトイ,もとい
モトイチ,もといち
モトイチロウ,もといちろう
モトオ,もとお
モトカズ,もとかず
モトカツ,もとかつ
モトキ,もとき
モトキヨ,もときよ
モトクニ,もとくに
モトシ,もとし
モトジ,もとじ
モトシゲ,もとしげ
モトシロウ,もとしろう
モトジロウ,もとじろう
モトスケ,もとすけ
モトゾウ,もとぞう
モトタカ,もとたか
モトタダ,もとただ
モトチカ,もとちか
モトツグ,もとつぐ
モトツネ,もとつね
モトテル,もとてる
モトナオ,もとなお
モトナリ,もとなり
モトノブ,もとのぶ
モトノリ,もとのり
モトハル,もとはる
モトヒコ,もとひこ
モトヒサ,もとひさ
モトヒデ,もとひで
モトヒト,もとひと
モトヒロ,もとひろ
モトフミ,もとふみ
モトマサ,もとまさ
モトマロ,もとまろ
モトミ,もとみ
モトミツ,もとみつ
モトム,もとむ
モトモチ,もともち
モトモリ,もともり
モトヤ,もとや
モトヤス,もとやす
モトヤスシ,もとやすし
モトユキ,もとゆき
モトヨシ,もとよし
モモタロウ,ももたろう
モモノスケ,もものすけ
モユル,もゆる
モリアキ,もりあき
モリオ,もりお
モリオキ,もりおき
モリオミ,もりおみ
モリカズ,もりかず
モリカツ,もりかつ
モリクニ,もりくに
モリサダ,もりさだ
モリシゲ,もりしげ
モリス,もりす
モリタカ,もりたか
モリタケ,もりたけ
モリタロウ,もりたろう
モリチカ,もりちか
モリツグ,もりつぐ
モリツナ,もりつな
モリツネ,もりつね
モリテル,もりてる
モリト,もりと
モリトシ,もりとし
モリノブ,もりのぶ
モリヒコ,もりひこ
モリヒサ,もりひさ
モリヒデ,もりひで
モリヒト,もりひと
モリヒロ,もりひろ
モリフミ,もりふみ
モリマサ,もりまさ
モリミチ,もりみち
モリミツ,もりみつ
モリモト,もりもと
モリヤ,もりや
モリヤス,もりやす
モリユキ,もりゆき
モリヨ,もりよ
モリヨシ,もりよし
モンタ,もんた
モント,もんと
モンド,もんど
ヤイタ,やいた
ヤイチ,やいち
ヤイチロウ,やいちろう
ヤウエモン,やうえもん
ヤオキ,やおき
ヤオキチ,やおきち
ヤクマ,やくま
ヤクモ,やくも
ヤサブロウ,やさぶろう
ヤシオ,やしお
ヤシキ,やしき
ヤスアキ,やすあき
ヤスイチ,やすいち
ヤスイチロウ,やすいちろう
ヤスオ,やすお
ヤスオキ,やすおき
ヤスオミ,やすおみ
ヤスカゲ,やすかげ
ヤスカズ,やすかず
ヤスカタ,やすかた
ヤスカツ,やすかつ
ヤスカネ,やすかね
ヤスキ,やすき
ヤスキヨ,やすきよ
ヤスクニ,やすくに
ヤスサダ,やすさだ
ヤスシ,やすし
ヤスシゲ,やすしげ
ヤスジロウ,やすじろう
ヤスゾウ,やすぞう
ヤスタ,やすた
ヤスタカ,やすたか
ヤスタケ,やすたけ
ヤスタダ,やすただ
ヤスタツ,やすたつ
ヤスタロウ,やすたろう
ヤスチカ,やすちか
ヤスツグ,やすつぐ
ヤスツネ,やすつね
ヤステル,やすてる
ヤスト,やすと
ヤストキ,やすとき
ヤストシ,やすとし
ヤストミ,やすとみ
ヤストモ,やすとも
ヤストヨ,やすとよ
ヤストラ,やすとら
ヤスナオ,やすなお
ヤスナガ,やすなが
ヤスナリ,やすなり
ヤスノスケ,やすのすけ
ヤスノブ,やすのぶ
ヤスノリ,やすのり
ヤスハル,やすはる
ヤスヒコ,やすひこ
ヤスヒサ,やすひさ
ヤスヒデ,やすひで
ヤスヒト,やすひと
ヤスヒラ,やすひら
ヤスヒロ,やすひろ
ヤスフミ,やすふみ
ヤスブミ,やすぶみ
ヤスマ,やすま
ヤスマサ,やすまさ
ヤスマル,やすまる
ヤスマロ,やすまろ
ヤスミチ,やすみち
ヤスミツ,やすみつ
ヤスムネ,やすむね
ヤスモト,やすもと
ヤスモリ,やすもり
ヤスユキ,やすゆき
ヤスヨシ,やすよし
ヤスヨリ,やすより
ヤスロウ,やすろう
ヤソオ,やそお
ヤソキチ,やそきち
ヤタロウ,やたろう
ヤツシ,やつし
ヤツヒコ,やつひこ
ヤツフミ,やつふみ
ヤヒコ,やひこ
ヤヒロ,やひろ
ヤマト,やまと
ヤマヒコ,やまひこ
ユイ,ゆい
ユイツ,ゆいつ
ユイト,ゆいと
ユイノスケ,ゆいのすけ
ユイホ,ゆいほ
ユウ,ゆう
ユウイチ,ゆういち
ユウイチー,ゆういちー
ユウイチロウ,ゆういちろう
ユウガ,ゆうが
ユウキ,ゆうき
ユウキチ,ゆうきち
ユウキュウ,ゆうきゅう
ユウゴ,ゆうご
ユウゴウ,ゆうごう
ユウゴロウ,ゆうごろう
ユウサク,ゆうさく
ユウザブロウ,ゆうざぶろう
ユウザン,ゆうざん
ユウシ,ゆうし
ユウジ,ゆうじ
ユウシロウ,ゆうしろう
ユウジロウ,ゆうじろう
ユウスケ,ゆうすけ
ユウセイ,ゆうせい
ユウソウ,ゆうそう
ユウゾウ,ゆうぞう
ユウタ,ゆうた
ユウダイ,ゆうだい
ユウタツ,ゆうたつ
ユウタロウ,ゆうたろう
ユウチ,ゆうち
ユウテツ,ゆうてつ
ユウト,ゆうと
ユウノシン,ゆうのしん
ユウノスケ,ゆうのすけ
ユウハチロウ,ゆうはちろう
ユウヒ,ゆうひ
ユウヒコ,ゆうひこ
ユウヘイ,ゆうへい
ユウホウ,ゆうほう
ユウマ,ゆうま
ユウヤ,ゆうや
ユキオ,ゆきお
ユキカツ,ゆきかつ
ユキサダ,ゆきさだ
ユキジ,ゆきじ
ユキシゲ,ゆきしげ
ユキタカ,ゆきたか
ユキタケ,ゆきたけ
ユキタダ,ゆきただ
ユキタロウ,ゆきたろう
ユキチ,ゆきち
ユキチカ,ゆきちか
ユキツギ,ゆきつぎ
ユキツグ,ゆきつぐ
ユキテル,ゆきてる
ユキト,ゆきと
ユキトシ,ゆきとし
ユキトモ,ゆきとも
ユキトヨ,ゆきとよ
ユキトラ,ゆきとら
ユキナオ,ゆきなお
ユキナガ,ゆきなが
ユキノシン,ゆきのしん
ユキノブ,ゆきのぶ
ユキノリ,ゆきのり
ユキハル,ゆきはる
ユキヒコ,ゆきひこ
ユキヒサ,ゆきひさ
ユキヒデ,ゆきひで
ユキヒト,ゆきひと
ユキヒロ,ゆきひろ
ユキフミ,ゆきふみ
ユキホ,ゆきほ
ユキマサ,ゆきまさ
ユキマル,ゆきまる
ユキマロ,ゆきまろ
ユキミチ,ゆきみち
ユキミツ,ゆきみつ
ユキムネ,ゆきむね
ユキモト,ゆきもと
ユキモリ,ゆきもり
ユキヤ,ゆきや
ユキヤス,ゆきやす
ユキヨシ,ゆきよし
ユズル,ゆずる
ユタカ,ゆたか
ユヅル,ゆづる
ユミヒコ,ゆみひこ
ユメキ,ゆめき
ユメジ,ゆめじ
ユメタカ,ゆめたか
ユメト,ゆめと
ユメナリ,ゆめなり
ユメノスケ,ゆめのすけ
ユメハル,ゆめはる
ユメヒコ,ゆめひこ
ユメヒト,ゆめひと
ユメヒロ,ゆめひろ
ユリノスケ,ゆりのすけ
ヨイチ,よいち
ヨイチロウ,よいちろう
ヨウ,よう
ヨウイチ,よういち
ヨウイチロウ,よういちろう
ヨウキチ,ようきち
ヨウク,ようく
ヨウコウ,ようこう
ヨウサク,ようさく
ヨウザブロウ,ようざぶろう
ヨウジ,ようじ
ヨウシチ,ようしち
ヨウシチロウ,ようしちろう
ヨウジュウロウ,ようじゅうろう
ヨウシロウ,ようしろう
ヨウジロウ,ようじろう
ヨウスイ,ようすい
ヨウスケ,ようすけ
ヨウセイ,ようせい
ヨウゾウ,ようぞう
ヨウタ,ようた
ヨウタロウ,ようたろう
ヨウチイ,ようちい
ヨウテツ,ようてつ
ヨウニイ,ようにい
ヨウノスケ,ようのすけ
ヨウハチ,ようはち
ヨウヘイ,ようへい
ヨクト,よくと
ヨクヘイ,よくへい
ヨシアキ,よしあき
ヨシアツ,よしあつ
ヨシイエ,よしいえ
ヨシイチ,よしいち
ヨシイチロウ,よしいちろう
ヨシオ,よしお
ヨシオキ,よしおき
ヨシオミ,よしおみ
ヨシカゲ,よしかげ
ヨシカズ,よしかず
ヨシカタ,よしかた
ヨシカツ,よしかつ
ヨシカヅ,よしかづ
ヨシカド,よしかど
ヨシカネ,よしかね
ヨシキ,よしき
ヨシキヨ,よしきよ
ヨシクニ,よしくに
ヨシクラ,よしくら
ヨシサダ,よしさだ
ヨシサト,よしさと
ヨシサブロウ,よしさぶろう
ヨシジ,よしじ
ヨシシゲ,よししげ
ヨシジロウ,よしじろう
ヨシスケ,よしすけ
ヨシズミ,よしずみ
ヨシゾウ,よしぞう
ヨシタカ,よしたか
ヨシタケ,よしたけ
ヨシタダ,よしただ
ヨシタツ,よしたつ
ヨシタネ,よしたね
ヨシタミ,よしたみ
ヨシタロウ,よしたろう
ヨシチカ,よしちか
ヨシツグ,よしつぐ
ヨシツナ,よしつな
ヨシツネ,よしつね
ヨシテツ,よしてつ
ヨシテル,よしてる
ヨシト,よしと
ヨシトシ,よしとし
ヨシトミ,よしとみ
ヨシトモ,よしとも
ヨシトヨ,よしとよ
ヨシトラ,よしとら
ヨシナオ,よしなお
ヨシナカ,よしなか
ヨシナガ,よしなが
ヨシナリ,よしなり
ヨシノスケ,よしのすけ
ヨシノブ,よしのぶ
ヨシノリ,よしのり
ヨシハル,よしはる
ヨシヒコ,よしひこ
ヨシヒサ,よしひさ
ヨシヒデ,よしひで
ヨシヒト,よしひと
ヨシヒラ,よしひら
ヨシヒロ,よしひろ
ヨシフサ,よしふさ
ヨシフミ,よしふみ
ヨシフル,よしふる
ヨシヘイ,よしへい
ヨシマサ,よしまさ
ヨシマス,よします
ヨシマツ,よしまつ
ヨシマル,よしまる
ヨシマロ,よしまろ
ヨシミ,よしみ
ヨシミチ,よしみち
ヨシミツ,よしみつ
ヨシムツ,よしむつ
ヨシムネ,よしむね
ヨシモト,よしもと
ヨシモリ,よしもり
ヨシヤ,よしや
ヨシヤス,よしやす
ヨシユキ,よしゆき
ヨシヨリ,よしより
ヨシロウ,よしろう
ヨツミ,よつみ
ヨネイチロウ,よねいちろう
ヨネオ,よねお
ヨネカズ,よねかず
ヨネカツ,よねかつ
ヨネジ,よねじ
ヨネシロウ,よねしろう
ヨネゾウ,よねぞう
ヨネヒコ,よねひこ
ヨネヒロ,よねひろ
ヨネフミ,よねふみ
ヨノスケ,よのすけ
ヨヒト,よひと
ヨヘイ,よへい
ヨリアキ,よりあき
ヨリアツ,よりあつ
ヨリオ,よりお
ヨリオキ,よりおき
ヨリカズ,よりかず
ヨリカツ,よりかつ
ヨリキ,よりき
ヨリクニ,よりくに
ヨリシゲ,よりしげ
ヨリタカ,よりたか
ヨリチカ,よりちか
ヨリツギ,よりつぎ
ヨリツグ,よりつぐ
ヨリト,よりと
ヨリトシ,よりとし
ヨリナガ,よりなが
ヨリノブ,よりのぶ
ヨリハル,よりはる
ヨリヒコ,よりひこ
ヨリヒサ,よりひさ
ヨリヒト,よりひと
ヨリヒロ,よりひろ
ヨリフサ,よりふさ
ヨリフミ,よりふみ
ヨリマサ,よりまさ
ヨリミチ,よりみち
ヨリミツ,よりみつ
ヨリムネ,よりむね
ヨリヤス,よりやす
ヨリユキ,よりゆき
ヨリヨシ,よりよし
ライ,らい
ライイチロウ,らいいちろう
ライク,らいく
ライゴ,らいご
ライサク,らいさく
ライザブロウ,らいざぶろう
ライジ,らいじ
ライジロウ,らいじろう
ライゾウ,らいぞう
ライタ,らいた
ライタロウ,らいたろう
ライト,らいと
ライヤ,らいや
ラク,らく
ラン,らん
ランタロウ,らんたろう
ランドウ,らんどう
ランナ,らんな
ランノスケ,らんのすけ
ランペイ,らんぺい
ランポ,らんぽ
ランマル,らんまる
リイチ,りいち
リイチロウ,りいちろう
リオ,りお
リオン,りおん
リキ,りき
リキオ,りきお
リキチ,りきち
リキト,りきと
リキトシ,りきとし
リキノリ,りきのり
リキハ,りきは
リキマル,りきまる
リキヤ,りきや
リキヤス,りきやす
リキロウ,りきろう
リク,りく
リクオ,りくお
リクタ,りくた
リクト,りくと
リクヘイ,りくへい
リクヤ,りくや
リクロウ,りくろう
リソウ,りそう
リタロウ,りたろう
リツオ,りつお
リツタロウ,りつたろう
リツト,りつと
リツヒコ,りつひこ
リツヤ,りつや
リツロウ,りつろう
リヒト,りひと
リュウ,りゅう
リュウイチ,りゅういち
リユウイチ,りゆういち
リュウイチロウ,りゅういちろう
リュウキチ,りゅうきち
リュウゴ,りゅうご
リユウゴ,りゆうご
リュウゴロウ,りゅうごろう
リュウサク,りゅうさく
リュウサブロウ,りゅうさぶろう
リュウザブロウ,りゅうざぶろう
リュウジ,りゅうじ
リュウシロウ,りゅうしろう
リュウジロウ,りゅうじろう
リユウジロウ,りゆうじろう
リュウスケ,りゅうすけ
リュウゾウ,りゅうぞう
リュウタ,りゅうた
リユウタ,りゆうた
リュウタロウ,りゅうたろう
リュウト,りゅうと
リュウノシン,りゅうのしん
リュウノスケ,りゅうのすけ
リュウヘイ,りゅうへい
リュウホウ,りゅうほう
リュウマ,りゅうま
リュウヤ,りゅうや
リョウ,りょう
リョゥイチ,りょぅいち
リョウイチ,りょういち
リヨウイチ,りよういち
リョウイチロウ,りょういちろう
リヨウイチロウ,りよういちろう
リョウカ,りょうか
リョウガ,りょうが
リョウキ,りょうき
リョウキチ,りょうきち
リョウゴ,りょうご
リョウサブロウ,りょうさぶろう
リョウザブロウ,りょうざぶろう
リョウジ,りょうじ
リョウジュウロウ,りょうじゅうろう
リョウシロウ,りょうしろう
リョウジロウ,りょうじろう
リョウスケ,りょうすけ
リョウセイ,りょうせい
リョウゾウ,りょうぞう
リョウタ,りょうた
リョウタロウ,りょうたろう
リョウト,りょうと
リョウノスケ,りょうのすけ
リョウヘイ,りょうへい
リョウマ,りょうま
リョウヤ,りょうや
リン,りん
リンサク,りんさく
リンジロウ,りんじろう
リンゾウ,りんぞう
リンタ,りんた
リンタロウ,りんたろう
リンノスケ,りんのすけ
リンペイ,りんぺい
リンヤ,りんや
ルイ,るい
ルイジ,るいじ
ルソウ,るそう
レイ,れい
レイイチ,れいいち
レイイチロウ,れいいちろう
レイゴ,れいご
レイシ,れいし
レイジ,れいじ
レイジロウ,れいじろう
レイスケ,れいすけ
レイタ,れいた
レイト,れいと
レイノスケ,れいのすけ
レイメイ,れいめい
レイモン,れいもん
レイヤ,れいや
レオ,れお
レオナ,れおな
レオン,れおん
レキ,れき
レツ,れつ
レツシ,れつし
レノン,れのん
レン,れん
レンイチ,れんいち
レンジ,れんじ
レンジロウ,れんじろう
レンスケ,れんすけ
レンゾウ,れんぞう
レンタ,れんた
レンタロウ,れんたろう
レンドウ,れんどう
レンペイ,れんぺい
レンヤ,れんや
ロウ,ろう
ロウマ,ろうま
ロクスケ,ろくすけ
ロクノスケ,ろくのすけ
ロクロウ,ろくろう
ロダン,ろだん
ロン,ろん
ロンド,ろんど
ワイチ,わいち
ワイチロウ,わいちろう
ワカオ,わかお
ワカギ,わかぎ
ワカジ,わかじ
ワカト,わかと
ワサブロウ,わさぶろう
ワタシ,わたし
ワタリ,わたり
ワタル,わたる
ワタロウ,わたろう
ワヘイ,わへい
